Date,ICLN,XLE,SPY
2018-01-02,8.423615455627441,25.747262954711914,236.56216430664062
2018-01-03,8.405805587768555,26.132850646972656,238.05845642089844
2018-01-04,8.343473434448242,26.290599822998047,239.06182861328125
2018-01-05,8.370187759399414,26.28008460998535,240.65496826171875
2018-01-08,8.494851112365723,26.437829971313477,241.09510803222656
2018-01-09,8.477042198181152,26.37122917175293,241.6407928466797
2018-01-10,8.459235191345215,26.33967399597168,241.27108764648438
2018-01-11,8.62841796875,26.87950897216797,243.03135681152344
2018-01-12,8.601703643798828,27.138914108276367,244.61572265625
2018-01-16,8.566089630126953,26.795387268066406,243.7795867919922
2018-01-17,8.619512557983398,27.030244827270508,246.1032257080078
2018-01-18,8.557182312011719,26.809406280517578,245.68943786621094
2018-01-19,8.574989318847656,26.77434730529785,246.80731201171875
2018-01-22,8.574989318847656,27.352741241455078,248.8140411376953
2018-01-23,8.548279762268066,27.310678482055664,249.34219360351562
2018-01-24,8.512660026550293,27.237060546875,249.2454376220703
2018-01-25,8.539373397827148,27.023231506347656,249.3509063720703
2018-01-26,8.539373397827148,27.17046546936035,252.23794555664062
2018-01-29,8.512660026550293,26.760324478149414,250.5655517578125
2018-01-30,8.512660026550293,26.220497131347656,247.9955596923828
2018-01-31,8.521564483642578,26.238021850585938,248.11875915527344
2018-02-01,8.477042198181152,26.507936477661133,247.8370819091797
2018-02-02,8.290050506591797,25.400226593017578,242.44175720214844
2018-02-05,8.031819343566895,24.334579467773438,232.30218505859375
2018-02-06,8.103057861328125,24.527379989624023,236.8790740966797
2018-02-07,8.05853271484375,24.117246627807617,235.59402465820312
2018-02-08,7.8448262214660645,23.38812255859375,226.7571258544922
2018-02-09,7.880444049835205,23.370588302612305,230.16342163085938
2018-02-12,8.02291488647461,23.752683639526367,233.543212890625
2018-02-13,8.129770278930664,23.6545352935791,234.12411499023438
2018-02-14,8.23662281036377,23.998056411743164,237.283935546875
2018-02-15,8.414710998535156,23.9384708404541,240.31167602539062
2018-02-16,8.450328826904297,23.878881454467773,240.38211059570312
2018-02-20,8.414710998535156,23.749177932739258,238.87701416015625
2018-02-21,8.459235191345215,23.349557876586914,237.6887664794922
2018-02-22,8.477042198181152,23.60545539855957,237.996826171875
2018-02-23,8.423615455627441,24.117246627807617,241.79029846191406
2018-02-26,8.53046703338623,24.26097297668457,244.5980682373047
2018-02-27,8.405805587768555,23.945486068725586,241.54393005371094
2018-02-28,8.334569931030273,23.395126342773438,239.09710693359375
2018-03-01,8.281144142150879,23.360078811645508,235.62045288085938
2018-03-02,8.334569931030273,23.468748092651367,236.83499145507812
2018-03-05,8.361285209655762,23.71762466430664,239.57232666015625
2018-03-06,8.423615455627441,23.731645584106445,240.17971801757812
2018-03-07,8.441423416137695,23.552873611450195,240.09158325195312
2018-03-08,8.43251895904541,23.54587173461914,241.25350952148438
2018-03-09,8.494851112365723,23.994552612304688,245.4518585205078
2018-03-12,8.539373397827148,23.987546920776367,245.1437530517578
2018-03-13,8.521564483642578,23.81578254699707,243.55950927734375
2018-03-14,8.539373397827148,23.67556381225586,242.30967712402344
2018-03-15,8.548279762268066,23.552873611450195,242.04551696777344
2018-03-16,8.485946655273438,23.76293182373047,242.30809020996094
2018-03-19,8.53046703338623,23.395767211914062,239.029541015625
2018-03-20,8.601703643798828,23.59347915649414,239.43606567382812
2018-03-21,8.62841796875,24.211294174194336,238.97654724121094
2018-03-22,8.477042198181152,23.7170352935791,233.00279235839844
2018-03-23,8.361285209655762,23.572290420532227,228.0364532470703
2018-03-26,8.655131340026855,23.995941162109375,234.27525329589844
2018-03-27,8.521564483642578,23.769989013671875,230.28985595703125
2018-03-28,8.441423416137695,23.307510375976562,229.6094207763672
2018-03-29,8.477042198181152,23.798236846923828,232.5432891845703
2018-04-02,8.352378845214844,23.32163429260254,227.52389526367188
2018-04-03,8.548279762268066,23.81941795349121,230.4401092529297
2018-04-04,8.62841796875,23.787647247314453,232.9055938720703
2018-04-05,8.690750122070312,24.214815139770508,234.74366760253906
2018-04-06,8.566089630126953,23.777053833007812,229.51220703125
2018-04-09,8.681844711303711,23.890026092529297,230.6433868408203
2018-04-10,8.735271453857422,24.68083381652832,234.31063842773438
2018-04-11,8.708556175231934,24.938541412353516,233.0823516845703
2018-04-12,8.753081321716309,24.935016632080078,234.99993896484375
2018-04-13,8.672938346862793,25.21038818359375,234.31063842773438
2018-04-16,8.619512557983398,25.468097686767578,236.237060546875
2018-04-17,8.681844711303711,25.566953659057617,238.7644500732422
2018-04-18,8.761985778808594,25.96941375732422,238.94122314453125
2018-04-19,8.753081321716309,26.001184463500977,237.6156768798828
2018-04-20,8.717464447021484,25.87762451171875,235.6007537841797
2018-04-23,8.64622688293457,26.03648567199707,235.5655517578125
2018-04-24,8.58389663696289,25.757593154907227,232.39303588867188
2018-04-25,8.557182312011719,25.96236228942871,232.96742248535156
2018-04-26,8.664034843444824,26.34010124206543,235.3357696533203
2018-04-27,8.815412521362305,26.06120491027832,235.556640625
2018-04-30,8.770889282226562,26.057666778564453,233.7450714111328
2018-05-01,8.779792785644531,25.898805618286133,234.1604461669922
2018-05-02,8.735271453857422,26.004714965820312,232.5874481201172
2018-05-03,8.717464447021484,25.9447021484375,232.0749053955078
2018-05-04,8.735271453857422,26.071800231933594,235.07948303222656
2018-05-07,8.779792785644531,26.107099533081055,235.87477111816406
2018-05-08,8.672938346862793,26.31186294555664,235.87477111816406
2018-05-09,8.753081321716309,26.848474502563477,238.15475463867188
2018-05-10,8.913360595703125,27.04970359802246,240.38162231445312
2018-05-11,8.84212589263916,27.088544845581055,241.11508178710938
2018-05-14,8.886648178100586,27.275651931762695,241.22996520996094
2018-05-15,8.859933853149414,27.282711029052734,239.56858825683594
2018-05-16,8.886648178100586,27.378036499023438,240.57591247558594
2018-05-17,8.859933853149414,27.791086196899414,240.372802734375
2018-05-18,8.78869915008545,27.57573127746582,239.77183532714844
2018-05-21,8.895553588867188,27.8581600189209,241.57456970214844
2018-05-22,8.92226505279541,27.487483978271484,240.9029998779297
2018-05-23,8.886648178100586,27.483938217163086,241.56581115722656
2018-05-24,8.779792785644531,27.032054901123047,241.0709228515625
2018-05-25,8.672938346862793,26.329524993896484,240.49647521972656
2018-05-29,8.539373397827148,26.24831199645996,237.73049926757812
2018-05-30,8.681844711303711,27.04263687133789,240.9029998779297
2018-05-31,8.64622688293457,26.837888717651367,239.42723083496094
2018-06-01,8.601703643798828,26.964977264404297,241.77784729003906
2018-06-04,8.405805587768555,26.73196792602539,242.92662048339844
2018-06-05,8.281144142150879,26.668426513671875,243.1033935546875
2018-06-06,8.272238731384277,26.795522689819336,245.13583374023438
2018-06-07,8.19210147857666,27.201515197753906,245.1093292236328
2018-06-08,8.25443172454834,27.1485595703125,245.833984375
2018-06-11,8.201004981994629,27.289770126342773,246.16098022460938
2018-06-12,8.201004981994629,27.081483840942383,246.47909545898438
2018-06-13,8.201004981994629,26.97910499572754,245.69265747070312
2018-06-14,8.18319320678711,26.94025993347168,246.31121826171875
2018-06-15,8.156481742858887,26.361644744873047,245.99697875976562
2018-06-18,8.111958503723145,26.624652862548828,245.49107360839844
2018-06-19,8.070433616638184,26.564228057861328,244.5500946044922
2018-06-20,8.070433616638184,26.681520462036133,244.96726989746094
2018-06-21,8.016271591186523,26.187480926513672,243.43165588378906
2018-06-22,8.079462051391602,26.70995330810547,243.8754425048828
2018-06-25,8.034322738647461,26.173269271850586,240.55563354492188
2018-06-26,7.962105751037598,26.503803253173828,241.08824157714844
2018-06-27,7.81766939163208,26.859224319458008,239.0909881591797
2018-06-28,7.81766939163208,26.823684692382812,240.45797729492188
2018-06-29,7.880859851837158,26.99073600769043,240.80416870117188
2018-07-02,7.880859851837158,26.592660903930664,241.31903076171875
2018-07-03,7.916971206665039,26.75971221923828,240.4668426513672
2018-07-05,7.935026168823242,26.731277465820312,242.42857360839844
2018-07-06,8.016271591186523,26.894773483276367,244.47911071777344
2018-07-09,8.124598503112793,27.296401977539062,246.68045043945312
2018-07-10,8.097517013549805,27.498981475830078,247.56814575195312
2018-07-11,7.998215675354004,26.916101455688477,245.75729370117188
2018-07-12,8.097517013549805,26.962299346923828,247.98526000976562
2018-07-13,8.052377700805664,27.104469299316406,248.18069458007812
2018-07-16,8.016271591186523,26.791696548461914,247.9586181640625
2018-07-17,8.016271591186523,26.685073852539062,248.96170043945312
2018-07-18,8.034322738647461,26.702842712402344,249.48548889160156
2018-07-19,8.034322738647461,26.70995330810547,248.54457092285156
2018-07-20,8.079462051391602,26.617544174194336,248.26046752929688
2018-07-23,8.070433616638184,26.500263214111328,248.72207641601562
2018-07-24,8.169734001159668,26.834352493286133,249.9736328125
2018-07-25,8.305146217346191,27.05826759338379,252.1040496826172
2018-07-26,8.196816444396973,27.3532657623291,251.50933837890625
2018-07-27,8.214871406555176,27.235971450805664,249.8050079345703
2018-07-30,8.232928276062012,27.45989418029785,248.50018310546875
2018-07-31,8.223896980285645,27.41014289855957,249.72512817382812
2018-08-01,8.178762435913086,27.02983283996582,249.30792236328125
2018-08-02,8.142651557922363,26.880552291870117,250.666015625
2018-08-03,8.097517013549805,26.7419376373291,251.74009704589844
2018-08-06,8.070433616638184,26.841463088989258,252.66322326660156
2018-08-07,8.061408042907715,27.040494918823242,253.4976348876953
2018-08-08,8.061408042907715,26.845008850097656,253.39112854003906
2018-08-09,8.043352127075195,26.596214294433594,253.0449981689453
2018-08-10,7.889885902404785,26.75971221923828,251.34947204589844
2018-08-13,7.808642864227295,26.41851234436035,250.40866088867188
2018-08-14,7.682259559631348,26.48247718811035,252.00640869140625
2018-08-15,7.564903736114502,25.55838966369629,250.12454223632812
2018-08-16,7.655177593231201,25.74320411682129,252.14842224121094
2018-08-17,7.700312614440918,25.807178497314453,253.03610229492188
2018-08-20,7.808642864227295,25.981334686279297,253.5775909423828
2018-08-21,7.889885902404785,26.11284637451172,254.17234802246094
2018-08-22,7.871831893920898,26.425613403320312,254.02139282226562
2018-08-23,7.772531032562256,26.30121421813965,253.68411254882812
2018-08-24,7.84475040435791,26.493144989013672,255.2108612060547
2018-08-27,7.916971206665039,26.688631057739258,257.2258605957031
2018-08-28,7.880859851837158,26.574888229370117,257.35009765625
2018-08-29,7.925995826721191,26.738391876220703,258.7348937988281
2018-08-30,7.808642864227295,26.663747787475586,257.6874084472656
2018-08-31,7.871831893920898,26.45760154724121,257.6962585449219
2018-09-04,7.754477024078369,26.400737762451172,257.2525329589844
2018-09-05,7.709341049194336,26.365198135375977,256.5600891113281
2018-09-06,7.709341049194336,25.878267288208008,255.787841796875
2018-09-07,7.664204120635986,25.874711990356445,255.29075622558594
2018-09-10,7.664204120635986,25.864049911499023,255.73451232910156
2018-09-11,7.691287040710449,26.10929298400879,256.5778503417969
2018-09-12,7.709341049194336,26.24435043334961,256.639892578125
2018-09-13,7.664204120635986,26.255014419555664,258.1579284667969
2018-09-14,7.646149158477783,26.393627166748047,258.2023010253906
2018-09-17,7.664204120635986,26.436279296875,256.8352966308594
2018-09-18,7.754477024078369,26.61043357849121,258.22894287109375
2018-09-19,7.781558513641357,26.69217872619629,258.5040283203125
2018-09-20,7.86280632019043,26.69929313659668,260.59893798828125
2018-09-21,7.889885902404785,26.875715255737305,260.3608703613281
2018-09-24,7.81766939163208,27.269371032714844,259.4959411621094
2018-09-25,7.781558513641357,27.444721221923828,259.255126953125
2018-09-26,7.781558513641357,27.179901123046875,258.4794616699219
2018-09-27,7.772531032562256,27.179901123046875,259.20166015625
2018-09-28,7.763506889343262,27.104751586914062,259.2284851074219
2018-10-01,7.745451927185059,27.480510711669922,260.1289978027344
2018-10-02,7.808642864227295,27.509145736694336,259.9774475097656
2018-10-03,7.772531032562256,27.731019973754883,260.1200866699219
2018-10-04,7.664204120635986,27.61650276184082,258.087158203125
2018-10-05,7.61004114151001,27.6129207611084,256.6426086425781
2018-10-08,7.673233509063721,27.59145164489746,256.6426086425781
2018-10-09,7.682259559631348,27.838380813598633,256.2680358886719
2018-10-10,7.447547435760498,26.965181350708008,248.15380859375
2018-10-11,7.357275485992432,26.05262565612793,242.68785095214844
2018-10-12,7.492685317993164,26.124202728271484,246.05836486816406
2018-10-15,7.465602874755859,25.905900955200195,244.67626953125
2018-10-16,7.619067668914795,26.120624542236328,250.02633666992188
2018-10-17,7.601012229919434,25.956003189086914,250.07086181640625
2018-10-18,7.5197672843933105,25.827165603637695,246.4595184326172
2018-10-19,7.546848297119141,25.598133087158203,246.32583618164062
2018-10-22,7.555877685546875,25.31542205810547,245.22024536132812
2018-10-23,7.411440372467041,24.65337371826172,243.97181701660156
2018-10-24,7.239920139312744,23.679981231689453,236.5798797607422
2018-10-25,7.348247528076172,23.969850540161133,240.82420349121094
2018-10-26,7.294083595275879,23.790912628173828,236.58876037597656
2018-10-29,7.140619277954102,23.3471622467041,235.2779998779297
2018-10-30,7.239920139312744,23.887537002563477,238.76441955566406
2018-10-31,7.321165561676025,24.034265518188477,241.3145751953125
2018-11-01,7.5287933349609375,24.23824691772461,243.88265991210938
2018-11-02,7.5287933349609375,24.177410125732422,242.43820190429688
2018-11-05,7.637121200561523,24.581798553466797,243.77569580078125
2018-11-06,7.718368053436279,24.69631576538086,245.31829833984375
2018-11-07,7.935026168823242,25.1007022857666,250.5702667236328
2018-11-08,7.880859851837158,24.55674171447754,250.11550903320312
2018-11-09,7.808642864227295,24.513805389404297,247.6723175048828
2018-11-12,7.781558513641357,24.005632400512695,243.04457092285156
2018-11-13,7.781558513641357,23.454519271850586,242.58969116210938
2018-11-14,7.763506889343262,23.415163040161133,240.93124389648438
2018-11-15,7.81766939163208,23.758710861206055,243.4457550048828
2018-11-16,7.871831893920898,24.04142189025879,244.078857421875
2018-11-19,7.790586948394775,24.034265518188477,239.95040893554688
2018-11-20,7.664204120635986,23.24696159362793,235.5098419189453
2018-11-21,7.808642864227295,23.611984252929688,236.3123321533203
2018-11-23,7.79961633682251,22.871196746826172,234.73403930664062
2018-11-26,7.853777885437012,23.214752197265625,238.52366638183594
2018-11-27,7.989190101623535,23.150341033935547,239.32620239257812
2018-11-28,8.151679992675781,23.54756736755371,244.83680725097656
2018-11-29,8.124598503112793,23.701446533203125,244.30174255371094
2018-11-30,8.115570068359375,23.658504486083984,245.7908935546875
2018-12-03,8.20584487915039,24.184566497802734,249.04547119140625
2018-12-04,8.097517013549805,23.49030876159668,240.97581481933594
2018-12-06,8.061408042907715,23.057289123535156,240.61016845703125
2018-12-07,7.871831893920898,22.92845916748047,235.01939392089844
2018-12-10,7.880859851837158,22.570594787597656,235.4652557373047
2018-12-11,7.880859851837158,22.57775115966797,235.51870727539062
2018-12-12,7.998215675354004,22.667221069335938,236.7046661376953
2018-12-13,7.8989152908325195,22.738788604736328,236.62437438964844
2018-12-14,7.907942771911621,22.219884872436523,232.2551727294922
2018-12-17,7.718368053436279,21.815494537353516,227.69873046875
2018-12-18,7.677238941192627,21.3001708984375,227.44908142089844
2018-12-19,7.585845947265625,21.049663543701172,224.04281616210938
2018-12-20,7.503589153289795,20.466341018676758,220.39584350585938
2018-12-21,7.339076042175293,20.26767349243164,215.88009643554688
2018-12-24,7.320796966552734,19.44771957397461,210.17591857910156
2018-12-26,7.540144920349121,20.657785415649414,220.79498291015625
2018-12-27,7.503589153289795,20.76614761352539,222.4901580810547
2018-12-28,7.521867752075195,20.607213973999023,222.203125
2018-12-31,7.549285888671875,20.715578079223633,224.14935302734375
2019-01-02,7.604124069213867,21.123746871948242,224.38250732421875
2019-01-03,7.540144920349121,20.914243698120117,219.02816772460938
2019-01-04,7.768637180328369,21.625831604003906,226.36465454101562
2019-01-07,7.832613468170166,21.94731903076172,228.14942932128906
2019-01-08,7.924008846282959,22.117082595825195,230.29296875
2019-01-09,7.987985134124756,22.467464447021484,231.36923217773438
2019-01-10,8.079381942749023,22.532482147216797,232.18544006347656
2019-01-11,8.125079154968262,22.398834228515625,232.27517700195312
2019-01-14,8.088521957397461,22.34465217590332,230.85804748535156
2019-01-15,8.042823791503906,22.424116134643555,233.50384521484375
2019-01-16,8.070241928100586,22.395217895507812,234.06887817382812
2019-01-17,8.189055442810059,22.601112365722656,235.84469604492188
2019-01-18,8.17991828918457,23.05984878540039,238.98379516601562
2019-01-22,8.079381942749023,22.55776596069336,235.75497436523438
2019-01-23,8.17991828918457,22.326587677001953,236.248291015625
2019-01-24,8.36270809173584,22.44578742980957,236.3739013671875
2019-01-25,8.417545318603516,22.73114776611328,238.37399291992188
2019-01-28,8.371848106384277,22.503585815429688,236.562255859375
2019-01-29,8.46324348449707,22.572216033935547,236.248291015625
2019-01-30,8.518080711364746,22.89008140563965,239.9883270263672
2019-01-31,8.673452377319336,23.03818130493164,242.0959930419922
2019-02-01,8.682596206665039,23.43912696838379,242.21263122558594
2019-02-04,8.673452377319336,23.49330711364746,243.9167022705078
2019-02-05,8.737430572509766,23.529430389404297,244.93914794921875
2019-02-06,8.682596206665039,23.35604476928711,244.61619567871094
2019-02-07,8.591197967529297,22.839509963989258,242.2843475341797
2019-02-08,8.572917938232422,22.734764099121094,242.580322265625
2019-02-11,8.646034240722656,22.843122482299805,242.7148895263672
2019-02-12,8.71915054321289,23.132095336914062,245.8359832763672
2019-02-13,8.728292465209961,23.42106819152832,246.63424682617188
2019-02-14,8.810548782348633,23.504148483276367,246.087158203125
2019-02-15,8.773988723754883,23.883419036865234,248.76878356933594
2019-02-19,8.837966918945312,23.95566177368164,249.1992950439453
2019-02-20,8.792269706726074,24.056798934936523,249.70167541503906
2019-02-21,8.847105026245117,23.684751510620117,248.8135986328125
2019-02-22,8.929362297058105,23.753376007080078,250.3562469482422
2019-02-25,8.965921401977539,23.79311752319336,250.69711303710938
2019-02-26,8.984198570251465,23.717266082763672,250.5176544189453
2019-02-27,8.920221328735352,23.807565689086914,250.41014099121094
2019-02-28,8.865384101867676,23.569164276123047,249.9437713623047
2019-03-01,8.856245040893555,24.00261878967285,251.50433349609375
2019-03-04,8.87452507019043,24.045963287353516,250.5894775390625
2019-03-05,8.938502311706543,23.96649742126465,250.24862670898438
2019-03-06,8.819685935974121,23.6630802154541,248.7328643798828
2019-03-07,8.691731452941895,23.522205352783203,246.65223693847656
2019-03-08,8.682596206665039,23.081523895263672,246.15890502929688
2019-03-11,8.883663177490234,23.44273567199707,249.728515625
2019-03-12,8.956779479980469,23.594446182250977,250.6702880859375
2019-03-13,9.029897689819336,23.83285140991211,252.3294219970703
2019-03-14,8.984198570251465,23.858131408691406,252.16799926757812
2019-03-15,8.984198570251465,23.84866714477539,253.41390991210938
2019-03-18,9.075594902038574,24.179950714111328,254.3326873779297
2019-03-19,9.029897689819336,24.114416122436523,254.3957977294922
2019-03-20,9.093873023986816,24.325571060180664,253.6300506591797
2019-03-21,8.984198570251465,24.496667861938477,256.4947204589844
2019-03-22,8.810548782348633,23.8341064453125,251.5582275390625
2019-03-25,8.792269706726074,23.84502601623535,251.36891174316406
2019-03-26,8.856245040893555,24.187227249145508,253.2427215576172
2019-03-27,8.773988723754883,24.016128540039062,251.91856384277344
2019-03-28,8.883663177490234,24.107139587402344,252.87339782714844
2019-03-29,8.920221328735352,24.070737838745117,254.46786499023438
2019-04-01,9.002479553222656,24.387451171875,257.4858093261719
2019-04-02,9.039037704467773,24.21999740600586,257.6117858886719
2019-04-03,9.048177719116211,23.98700714111328,258.01715087890625
2019-04-04,9.121293067932129,24.187227249145508,258.70172119140625
2019-04-05,9.230968475341797,24.613168716430664,259.9539489746094
2019-04-08,9.221829414367676,24.722381591796875,260.15203857421875
2019-04-09,9.157852172851562,24.42021942138672,258.81890869140625
2019-04-10,9.267526626586914,24.511232376098633,259.70166015625
2019-04-11,9.176131248474121,24.529438018798828,259.629638671875
2019-04-12,9.157852172851562,24.594966888427734,261.38623046875
2019-04-15,9.221829414367676,24.4493465423584,261.215087890625
2019-04-16,9.212688446044922,24.60951805114746,261.38623046875
2019-04-17,9.25838851928711,24.576765060424805,260.74664306640625
2019-04-18,9.230968475341797,24.460269927978516,261.2601013183594
2019-04-22,9.230968475341797,24.977216720581055,261.4853210449219
2019-04-23,9.31322193145752,24.93716812133789,263.83660888671875
2019-04-24,9.267526626586914,24.500314712524414,263.25091552734375
2019-04-25,9.230968475341797,24.423858642578125,263.0887451171875
2019-04-26,9.249245643615723,24.107139587402344,264.3139953613281
2019-04-29,9.249245643615723,24.08530044555664,264.728271484375
2019-04-30,9.285805702209473,24.067100524902344,264.8634338378906
2019-05-01,9.249245643615723,23.58655548095703,262.8726501464844
2019-05-02,9.203546524047852,23.17518424987793,262.30511474609375
2019-05-03,9.340641021728516,23.389972686767578,264.87249755859375
2019-05-06,9.19441032409668,23.41181182861328,263.78253173828125
2019-05-07,9.249245643615723,23.20794677734375,259.37738037109375
2019-05-08,9.212688446044922,23.20794677734375,259.0170593261719
2019-05-09,9.139570236206055,23.20794677734375,258.2333679199219
2019-05-10,9.212688446044922,23.317161560058594,259.5305480957031
2019-05-13,8.956779479980469,22.916709899902344,253.00856018066406
2019-05-14,9.0573148727417,23.1970272064209,255.29652404785156
2019-05-15,9.075594902038574,23.317161560058594,256.7920227050781
2019-05-16,9.148709297180176,23.444578170776367,259.170166015625
2019-05-17,9.029897689819336,23.20794677734375,257.49462890625
2019-05-20,9.002479553222656,23.218870162963867,255.7920684814453
2019-05-21,9.121293067932129,23.488264083862305,258.0982360839844
2019-05-22,9.176131248474121,23.12421226501465,257.305419921875
2019-05-23,9.002479553222656,22.348796844482422,254.16159057617188
2019-05-24,9.048177719116211,22.432527542114258,254.73809814453125
2019-05-28,9.176131248474121,22.199542999267578,252.36880493164062
2019-05-29,9.103013038635254,22.057559967041016,250.67532348632812
2019-05-30,9.176131248474121,21.777246475219727,251.3599090576172
2019-05-31,9.130431175231934,21.39499855041504,247.9727783203125
2019-06-03,9.276664733886719,21.668031692504883,247.34219360351562
2019-06-04,9.386341094970703,22.042997360229492,252.7112579345703
2019-06-05,9.368060111999512,21.79909324645996,254.90028381347656
2019-06-06,9.349780082702637,22.203182220458984,256.55780029296875
2019-06-07,9.514296531677246,22.30510902404785,259.1252136230469
2019-06-10,9.514296531677246,22.370641708374023,260.3142395019531
2019-06-11,9.550851821899414,22.414323806762695,260.25115966796875
2019-06-12,9.496015548706055,22.09760856628418,259.7917175292969
2019-06-13,9.596549987792969,22.3560791015625,260.86370849609375
2019-06-14,9.523432731628418,22.21046257019043,260.5754699707031
2019-06-17,9.47554874420166,22.3961181640625,260.67462158203125
2019-06-18,9.641302108764648,22.70555877685547,263.4041748046875
2019-06-19,9.668928146362305,22.68008041381836,263.9986877441406
2019-06-20,9.80705451965332,23.182464599609375,266.52099609375
2019-06-21,9.770222663879395,23.34998321533203,266.1335754394531
2019-06-24,9.770222663879395,23.14058494567871,265.8077392578125
2019-06-25,9.668928146362305,22.956899642944336,263.2006530761719
2019-06-26,9.687344551086426,23.309574127197266,262.938232421875
2019-06-27,9.770222663879395,23.136913299560547,263.8705139160156
2019-06-28,9.797847747802734,23.405088424682617,265.2283020019531
2019-07-01,9.871516227722168,23.427133560180664,267.6362609863281
2019-07-02,9.899140357971191,23.052419662475586,268.3332824707031
2019-07-03,9.991226196289062,23.144258499145508,270.4786071777344
2019-07-05,9.991226196289062,23.177322387695312,270.1707458496094
2019-07-08,9.982016563415527,23.21038055419922,268.6863098144531
2019-07-09,9.982016563415527,23.2287540435791,269.0212707519531
2019-07-10,9.991226196289062,23.526321411132812,270.306640625
2019-07-11,9.972809791564941,23.574077606201172,270.9402770996094
2019-07-12,9.926765441894531,23.673263549804688,272.1532287597656
2019-07-15,9.899140357971191,23.460189819335938,272.2438049316406
2019-07-16,9.889931678771973,23.21038055419922,271.36572265625
2019-07-17,9.926765441894531,22.945877075195312,269.5190734863281
2019-07-18,9.991226196289062,22.949554443359375,270.5057373046875
2019-07-19,9.954392433166504,23.056089401245117,269.003173828125
2019-07-22,9.982016563415527,23.162628173828125,269.66387939453125
2019-07-23,9.90834903717041,23.225074768066406,271.592041015625
2019-07-24,9.926765441894531,23.324268341064453,272.8683776855469
2019-07-25,9.871516227722168,23.05975914001465,271.5648498535156
2019-07-26,9.889931678771973,22.942203521728516,273.38427734375
2019-07-29,9.899140357971191,22.850364685058594,272.8865051269531
2019-07-30,9.788640022277832,23.107526779174805,272.21661376953125
2019-07-31,9.880724906921387,23.034048080444336,269.238525390625
2019-08-01,9.899140357971191,22.51238441467285,266.8939514160156
2019-08-02,9.917557716369629,22.189102172851562,264.8843078613281
2019-08-05,9.558425903320312,21.527833938598633,256.9186096191406
2019-08-06,9.687344551086426,21.502113342285156,260.521240234375
2019-08-07,9.935976028442383,21.340478897094727,260.6751708984375
2019-08-08,10.120144844055176,21.953977584838867,265.7896728515625
2019-08-09,10.074100494384766,21.71151351928711,263.9791564941406
2019-08-12,9.991226196289062,21.45435905456543,260.765625
2019-08-13,10.09251880645752,21.65273666381836,264.8209533691406
2019-08-14,9.83468246459961,20.80411720275879,256.9909973144531
2019-08-15,9.779431343078613,20.675539016723633,257.66986083984375
2019-08-16,9.926765441894531,20.9473934173584,261.4718017578125
2019-08-19,10.046478271484375,21.41027069091797,264.62188720703125
2019-08-20,10.046478271484375,21.230266571044922,262.59423828125
2019-08-21,10.19381332397461,21.36618995666504,264.7305603027344
2019-08-22,10.083311080932617,21.270673751831055,264.6490478515625
2019-08-23,9.843887329101562,20.557981491088867,257.8507995605469
2019-08-26,10.037267684936523,20.646146774291992,260.70220947265625
2019-08-27,9.96359920501709,20.517566680908203,259.679443359375
2019-08-28,9.972809791564941,20.811466217041016,261.5079345703125
2019-08-29,10.037267684936523,21.116376876831055,264.84820556640625
2019-08-30,10.009642601013184,21.116376876831055,264.7305603027344
2019-09-03,10.074100494384766,21.01351547241211,263.18267822265625
2019-09-04,10.221439361572266,21.30740737915039,266.1698303222656
2019-09-05,10.221439361572266,21.571916580200195,269.5915222167969
2019-09-06,10.129354476928711,21.68579864501953,269.79962158203125
2019-09-09,10.101727485656738,22.119293212890625,269.935546875
2019-09-10,10.037267684936523,22.380128860473633,269.8721618652344
2019-09-11,10.175395011901855,22.402170181274414,271.791259765625
2019-09-12,10.129354476928711,22.2625675201416,272.73260498046875
2019-09-13,10.147771835327148,22.438907623291016,272.5516052246094
2019-09-16,10.203022003173828,23.192018508911133,271.7096862792969
2019-09-17,10.313523292541504,22.868736267089844,272.3976745605469
2019-09-18,10.313523292541504,22.758516311645508,272.56060791015625
2019-09-19,10.488486289978027,22.69974708557129,272.5424499511719
2019-09-20,10.479275703430176,22.718276977539062,271.2547912597656
2019-09-23,10.4424409866333,22.725688934326172,271.19110107421875
2019-09-24,10.341148376464844,22.3660831451416,269.06317138671875
2019-09-25,10.285897254943848,22.40315818786621,270.6546325683594
2019-09-26,10.19381332397461,22.11028480529785,270.09075927734375
2019-09-27,9.972809791564941,22.10657501220703,268.63580322265625
2019-09-30,10.037267684936523,21.947158813476562,269.8816223144531
2019-10-01,10.000432968139648,21.43926239013672,266.6713562011719
2019-10-02,9.83468246459961,20.91282844543457,261.9607238769531
2019-10-03,9.945182800292969,21.13896942138672,264.1069641113281
2019-10-04,10.175395011901855,21.272436141967773,267.6808776855469
2019-10-07,10.120144844055176,21.083358764648438,266.52593994140625
2019-10-08,10.037267684936523,20.7237548828125,262.3882141113281
2019-10-09,10.11093521118164,20.91282844543457,264.8800048828125
2019-10-10,10.120144844055176,21.17604637145996,266.6713562011719
2019-10-11,10.16618824005127,21.461505889892578,269.43603515625
2019-10-14,10.129354476928711,21.45038414001465,269.1359558105469
2019-10-15,10.018851280212402,21.539358139038086,271.8004150390625
2019-10-16,9.972809791564941,21.239065170288086,271.3639221191406
2019-10-17,10.037267684936523,21.25389862060547,272.1641540527344
2019-10-18,10.083311080932617,21.14267921447754,270.9729309082031
2019-10-21,10.203022003173828,21.52082633972168,272.8099365234375
2019-10-22,10.055685997009277,21.79886817932129,271.918701171875
2019-10-23,10.028059959411621,21.980525970458984,272.7098693847656
2019-10-24,10.037267684936523,21.88784408569336,273.1553955078125
2019-10-25,9.972809791564941,22.065792083740234,274.2740478515625
2019-10-28,10.018851280212402,21.93975067138672,275.8199768066406
2019-10-29,9.991226196289062,22.028717041015625,275.7381286621094
2019-10-30,9.816265106201172,21.58013916015625,276.5838928222656
2019-10-31,9.816265106201172,21.487457275390625,275.8473205566406
2019-11-01,9.85309886932373,21.97681999206543,278.40264892578125
2019-11-04,9.797847747802734,22.692325592041016,279.5211486816406
2019-11-05,9.788640022277832,22.721982955932617,279.21197509765625
2019-11-06,9.733386039733887,22.25857162475586,279.2756652832031
2019-11-07,9.714971542358398,22.592227935791016,280.2578125
2019-11-08,9.751805305480957,22.499547958374023,280.9490051269531
2019-11-11,9.85309886932373,22.37350082397461,280.4124450683594
2019-11-12,9.770222663879395,22.25857162475586,281.0035705566406
2019-11-13,9.76101303100586,22.162181854248047,281.094482421875
2019-11-14,9.843887329101562,22.102867126464844,281.503662109375
2019-11-15,9.899140357971191,22.27340316772461,283.54071044921875
2019-11-18,9.825472831726074,22.002771377563477,283.7499084472656
2019-11-19,9.843887329101562,21.67653465270996,283.6680908203125
2019-11-20,9.751805305480957,21.895259857177734,282.6131896972656
2019-11-21,9.770222663879395,22.254863739013672,282.1585388183594
2019-11-22,9.76101303100586,22.18071937561035,282.7859191894531
2019-11-25,9.945182800292969,22.20296287536621,284.9776611328125
2019-11-26,9.982016563415527,21.999061584472656,285.623291015625
2019-11-27,10.11093521118164,22.054668426513672,286.896484375
2019-11-29,10.138561248779297,21.832237243652344,285.8323974609375
2019-12-02,10.138561248779297,21.832237243652344,283.4044189453125
2019-12-03,10.212230682373047,21.505996704101562,281.503662109375
2019-12-04,10.276691436767578,21.82852554321289,283.2406311035156
2019-12-05,10.239855766296387,21.72472381591797,283.7499084472656
2019-12-06,10.331940650939941,22.13994026184082,286.3416748046875
2019-12-09,10.285897254943848,22.113988876342773,285.4413757324219
2019-12-10,10.212230682373047,22.158479690551758,285.12310791015625
2019-12-11,10.359565734863281,22.12140464782715,285.93243408203125
2019-12-12,10.433235168457031,22.529205322265625,288.3969421386719
2019-12-13,10.479275703430176,22.358671188354492,288.5697326660156
2019-12-16,10.694463729858398,22.658958435058594,290.55218505859375
2019-12-17,10.740840911865234,22.673795700073242,290.6158752441406
2019-12-18,10.7222900390625,22.75905990600586,290.6340026855469
2019-12-19,10.740840911865234,22.751644134521484,291.825439453125
2019-12-20,10.78721809387207,22.969884872436523,293.1048278808594
2019-12-23,10.861419677734375,23.205720901489258,293.5526123046875
2019-12-24,10.889245986938477,23.19449806213379,293.561767578125
2019-12-26,10.954174995422363,23.1870059967041,295.1244201660156
2019-12-27,10.917073249816895,23.089672088623047,295.0513000488281
2019-12-30,10.861419677734375,23.01681137084961,293.42462158203125
2019-12-31,10.898523330688477,23.14789390563965,294.1372985839844
2020-01-02,11.065478324890137,23.3560848236084,296.8882141113281
2020-01-03,11.009825706481934,23.28668785095215,294.6401062011719
2020-01-06,10.982000350952148,23.4678955078125,295.7641296386719
2020-01-07,10.954174995422363,23.406206130981445,294.9325256347656
2020-01-08,11.046926498413086,23.02066421508789,296.5044250488281
2020-01-09,11.065478324890137,23.190305709838867,298.51483154296875
2020-01-10,11.084030151367188,23.05921745300293,297.6557922363281
2020-01-13,11.250985145568848,23.066925048828125,299.7029113769531
2020-01-14,11.343737602233887,23.070783615112305,299.2459411621094
2020-01-15,11.362288475036621,22.901145935058594,299.9222717285156
2020-01-16,11.45504379272461,22.939706802368164,302.4171142578125
2020-01-17,11.584897994995117,22.793195724487305,303.3583984375
2020-01-21,11.529245376586914,22.3845272064209,302.7643737792969
2020-01-22,11.492145538330078,22.168617248535156,302.80084228515625
2020-01-23,11.51996898651123,22.08379364013672,303.1480712890625
2020-01-24,11.529245376586914,21.829336166381836,300.4522705078125
2020-01-27,11.260258674621582,21.22404670715332,295.63623046875
2020-01-28,11.482868194580078,21.32042694091797,298.7342224121094
2020-01-29,11.538520812988281,21.096813201904297,298.48748779296875
2020-01-30,11.417941093444824,21.26645278930664,299.4562072753906
2020-01-31,11.241708755493164,20.603321075439453,294.01861572265625
2020-02-03,11.390114784240723,20.333444595336914,296.2027893066406
2020-02-04,11.779678344726562,20.406692504882812,300.7173156738281
2020-02-05,11.928085327148438,21.173919677734375,304.18994140625
2020-02-06,11.965184211730957,20.95801544189453,305.2134704589844
2020-02-07,11.835330963134766,20.81151580810547,303.5867919921875
2020-02-10,11.872431755065918,20.70741844177246,305.85321044921875
2020-02-11,12.178518295288086,20.938739776611328,306.3833312988281
2020-02-12,12.447504043579102,21.220186233520508,308.3572082519531
2020-02-13,12.382575035095215,21.154645919799805,308.0282287597656
2020-02-14,12.373298645019531,21.042837142944336,308.5216979980469
2020-02-18,12.419677734375,20.86934471130371,307.7266845703125
2020-02-19,13.115326881408691,21.146936416625977,309.197998046875
2020-02-20,13.20807933807373,21.12380599975586,307.927734375
2020-02-21,13.08750057220459,20.873197555541992,304.7566223144531
2020-02-24,12.623733520507812,19.909347534179688,294.6492004394531
2020-02-25,12.280547142028809,19.030311584472656,285.7206726074219
2020-02-26,12.113592147827148,18.455856323242188,284.6697082519531
2020-02-27,11.649823188781738,17.468870162963867,271.8847961425781
2020-02-28,11.649823188781738,17.453449249267578,270.74249267578125
2020-03-02,11.770403861999512,18.15899085998535,282.4673156738281
2020-03-03,11.863157272338867,17.603811264038086,274.379638671875
2020-03-04,12.317647933959961,18.02019500732422,285.9126281738281
2020-03-05,12.187795639038086,17.360919952392578,276.4084167480469
2020-03-06,11.816781044006348,16.385501861572266,271.839111328125
2020-03-09,10.481131553649902,13.085267066955566,250.60995483398438
2020-03-10,10.7222900390625,13.705992698669434,263.5777587890625
2020-03-11,10.063741683959961,12.981173515319824,250.72872924804688
2020-03-12,8.774470329284668,11.361900329589844,226.73968505859375
2020-03-13,9.238235473632812,12.410572052001953,246.12281799316406
2020-03-16,8.143745422363281,10.72189998626709,219.19110107421875
2020-03-17,8.783743858337402,10.795151710510254,231.0257568359375
2020-03-18,7.884037971496582,9.245278358459473,219.32821655273438
2020-03-19,8.069541931152344,9.873709678649902,219.79429626464844
2020-03-20,8.060267448425293,9.970094680786133,210.3224639892578
2020-03-23,7.72635555267334,9.290548324584961,204.94485473632812
2020-03-24,8.607513427734375,10.780506134033203,223.51356506347656
2020-03-25,9.034177780151367,11.288981437683105,226.85960388183594
2020-03-26,9.368090629577637,11.978775978088379,240.10586547851562
2020-03-27,8.80229377746582,11.166790008544922,232.95416259765625
2020-03-30,8.876497268676758,11.281099319458008,240.51953125
2020-03-31,8.857948303222656,11.454533576965332,236.9344482421875
2020-04-01,8.524035453796387,10.886934280395508,226.271240234375
2020-04-02,8.598237037658691,11.884174346923828,231.4925994873047
2020-04-03,8.533309936523438,11.75804328918457,228.1465606689453
2020-04-06,9.108382225036621,12.380828857421875,243.4702911376953
2020-04-07,9.284611701965332,12.64492130279541,243.7184600830078
2020-04-08,9.553597450256348,13.488444328308105,251.89976501464844
2020-04-09,9.748379707336426,13.36624813079834,255.73292541503906
2020-04-13,9.674175262451172,13.322890281677246,253.39813232421875
2020-04-14,9.83185863494873,13.2598237991333,260.8715515136719
2020-04-15,9.516496658325195,12.637038230895996,255.3285675048828
2020-04-16,9.497944831848145,12.097028732299805,256.56024169921875
2020-04-17,9.757657051086426,13.3820161819458,263.4914245605469
2020-04-20,9.627798080444336,12.96419906616211,258.8492126464844
2020-04-21,9.293888092041016,12.73558235168457,250.98968505859375
2020-04-22,9.525772094726562,13.188874244689941,256.56024169921875
2020-04-23,9.562872886657715,13.614575386047363,256.5417785644531
2020-04-24,9.451568603515625,13.64610767364502,260.1177978515625
2020-04-27,9.655627250671387,13.94173812866211,263.8683776855469
2020-04-28,9.850409507751465,14.26101016998291,262.6549072265625
2020-04-29,10.258523941040039,15.317387580871582,269.5307312011719
2020-04-30,9.980263710021973,14.97839641571045,267.021240234375
2020-05-01,9.637075424194336,14.13093376159668,259.9523620605469
2020-05-04,9.692728042602539,14.619708061218262,260.66925048828125
2020-05-05,9.785482406616211,14.631528854370117,263.0776672363281
2020-05-06,9.887511253356934,14.249187469482422,261.2944030761719
2020-05-07,9.99881362915039,14.619708061218262,264.44732666015625
2020-05-08,10.323450088500977,15.285850524902344,268.82293701171875
2020-05-11,10.369828224182129,15.017812728881836,268.8780822753906
2020-05-12,10.286349296569824,14.7537260055542,263.51898193359375
2020-05-13,9.99881362915039,14.083637237548828,258.8583984375
2020-05-14,10.073016166687012,14.241303443908691,261.9562072753906
2020-05-15,10.008089065551758,14.186119079589844,263.16046142578125
2020-05-18,10.573884963989258,15.344976425170898,271.17620849609375
2020-05-19,10.527507781982422,14.915328979492188,268.3908996582031
2020-05-20,10.703739166259766,15.510525703430176,272.9504089355469
2020-05-21,10.638812065124512,15.262199401855469,271.06597900390625
2020-05-22,10.50895881652832,15.16759967803955,271.58062744140625
2020-05-26,10.898523330688477,15.589359283447266,274.9266662597656
2020-05-27,10.991273880004883,15.790389060974121,279.01739501953125
2020-05-28,10.852144241333008,15.348917961120605,278.50262451171875
2020-05-29,11.05620288848877,15.277965545654297,279.74346923828125
2020-06-01,11.260258674621582,15.546001434326172,280.87420654296875
2020-06-02,11.353012084960938,15.979591369628906,283.199951171875
2020-06-03,11.482868194580078,16.44864845275879,286.96881103515625
2020-06-04,11.473593711853027,16.452585220336914,286.21502685546875
2020-06-05,11.677651405334473,17.674510955810547,293.550537109375
2020-06-08,12.020835876464844,18.470731735229492,297.09881591796875
2020-06-09,11.807504653930664,17.776994705200195,294.88348388671875
2020-06-10,11.742578506469727,16.901935577392578,293.2380065917969
2020-06-11,10.954174995422363,15.309500694274902,276.3332214355469
2020-06-12,11.204607963562012,15.695786476135254,279.6423034667969
2020-06-15,11.421675682067871,15.743083953857422,282.25311279296875
2020-06-16,11.589367866516113,16.196380615234375,287.68572998046875
2020-06-17,11.356462478637695,15.644542694091797,286.4908142089844
2020-06-18,11.4403076171875,15.837686538696289,286.6010437011719
2020-06-19,11.449624061584473,15.597241401672363,284.96319580078125
2020-06-22,11.552103042602539,15.669500350952148,286.7912902832031
2020-06-23,11.69184684753418,15.685471534729004,288.11163330078125
2020-06-24,11.505522727966309,14.815162658691406,280.7622375488281
2020-06-25,11.496204376220703,15.098610877990723,283.77215576171875
2020-06-26,11.188770294189453,14.575628280639648,277.03216552734375
2020-06-29,11.552103042602539,14.771252632141113,281.1039123535156
2020-06-30,11.663899421691895,15.11058521270752,284.7046203613281
2020-07-01,11.812957763671875,14.743302345275879,286.6989440917969
2020-07-02,11.980648040771484,14.906991004943848,288.2778015136719
2020-07-06,12.446456909179688,14.95090103149414,292.7279357910156
2020-07-07,12.39987850189209,14.47582721710205,289.70880126953125
2020-07-08,12.809791564941406,14.463847160339355,291.92474365234375
2020-07-09,12.651416778564453,13.74924087524414,290.26287841796875
2020-07-10,12.632782936096191,14.188383102416992,293.2266845703125
2020-07-13,12.483724594116211,14.112531661987305,290.6875915527344
2020-07-14,12.837738990783691,14.607572555541992,294.4545593261719
2020-07-15,13.126543045043945,14.922956466674805,297.1598205566406
2020-07-16,13.024065017700195,14.855087280273438,296.1811218261719
2020-07-17,13.238337516784668,14.647492408752441,297.0397644042969
2020-07-20,13.480558395385742,14.403961181640625,299.4403076171875
2020-07-21,13.545772552490234,15.274271011352539,300.077392578125
2020-07-22,13.65756607055664,15.086639404296875,301.78546142578125
2020-07-23,13.694830894470215,15.058692932128906,298.18463134765625
2020-07-24,13.443292617797852,14.974853515625,296.2641906738281
2020-07-27,13.71346378326416,14.990817070007324,298.4247741699219
2020-07-28,13.36876392364502,14.735319137573242,296.5320129394531
2020-07-29,13.443292617797852,15.042723655700684,300.1788635253906
2020-07-30,13.508506774902344,14.45186996459961,299.1079406738281
2020-07-31,13.415345191955566,14.384002685546875,301.4715270996094
2020-08-03,13.741412162780762,14.435903549194336,303.5674743652344
2020-08-04,14.160642623901367,14.787219047546387,304.7400207519531
2020-08-05,14.523975372314453,14.942914009094238,306.6325988769531
2020-08-06,14.57987117767334,14.823147773742676,308.6824035644531
2020-08-07,14.794144630432129,14.843111038208008,308.9039611816406
2020-08-10,14.850041389465332,15.30221939086914,309.8272399902344
2020-08-11,14.607819557189941,15.25031566619873,307.2698059082031
2020-08-12,14.859357833862305,15.402023315429688,311.5538330078125
2020-08-13,15.110897064208984,15.102607727050781,310.9906005859375
2020-08-14,14.999101638793945,15.246320724487305,310.99981689453125
2020-08-17,15.176111221313477,15.158498764038086,311.98773193359375
2020-08-18,15.23200511932373,14.966872215270996,312.66180419921875
2020-08-19,15.287904739379883,14.795205116271973,311.3599548339844
2020-08-20,15.1854248046875,14.47582721710205,312.3293762207031
2020-08-21,15.176111221313477,14.384002685546875,313.4373779296875
2020-08-24,15.362432479858398,14.77923583984375,316.61346435546875
2020-08-25,15.716450691223145,14.571637153625488,317.721435546875
2020-08-26,15.716450691223145,14.264235496520996,320.9067687988281
2020-08-27,15.669868469238281,14.292180061340332,321.6084289550781
2020-08-28,16.023887634277344,14.547686576843262,323.6858215332031
2020-08-31,15.967989921569824,14.232301712036133,322.5132751464844
2020-09-01,16.228839874267578,14.136486053466797,325.5509033203125
2020-09-02,16.163631439208984,14.06861686706543,330.2596130371094
2020-09-03,15.157475471496582,13.964821815490723,318.89404296875
2020-09-04,14.999101638793945,13.920904159545898,316.29034423828125
2020-09-08,14.915255546569824,13.413893699645996,307.6483459472656
2020-09-09,15.436965942382812,13.505714416503906,313.7236022949219
2020-09-10,15.092264175415039,13.010675430297852,308.27618408203125
2020-09-11,15.082945823669434,13.022652626037598,308.43310546875
2020-09-14,15.502175331115723,13.12246036529541,312.49560546875
2020-09-15,15.800294876098633,13.02664566040039,314.07440185546875
2020-09-16,15.893458366394043,13.549628257751465,312.8280334472656
2020-09-17,15.595340728759766,13.569592475891113,310.07659912109375
2020-09-18,15.576702117919922,13.417884826660156,306.5066833496094
2020-09-21,15.44627857208252,12.973136901855469,303.0955810546875
2020-09-22,15.530123710632324,12.839223861694336,306.1823425292969
2020-09-23,15.390379905700684,12.25894546508789,299.0816345214844
2020-09-24,15.315853118896484,12.254888534545898,299.87890625
2020-09-25,15.65123462677002,12.246771812438965,304.7268981933594
2020-09-28,16.35926628112793,12.534884452819824,309.7882080078125
2020-09-29,16.750547409057617,12.189962387084961,308.10113525390625
2020-09-30,17.22567367553711,12.153441429138184,310.4372253417969
2020-10-01,17.78464698791504,11.780110359191895,312.4302062988281
2020-10-02,17.775333404541016,11.893733978271484,309.4638366699219
2020-10-05,18.585845947265625,12.25083065032959,314.9515686035156
2020-10-06,18.716266632080078,12.068222045898438,310.4742736816406
2020-10-07,19.647891998291016,12.238655090332031,315.8785705566406
2020-10-08,19.62925910949707,12.697197914123535,318.6780700683594
2020-10-09,19.936695098876953,12.494304656982422,321.52386474609375
2020-10-12,19.526779174804688,12.526768684387207,326.69647216796875
2020-10-13,19.461566925048828,12.331987380981445,324.5643615722656
2020-10-14,19.694469451904297,12.384742736816406,322.52496337890625
2020-10-15,19.545408248901367,12.534884452819824,322.1264343261719
2020-10-16,19.461566925048828,12.25083065032959,321.9317321777344
2020-10-19,19.312509536743164,11.99112319946289,317.0373840332031
2020-10-20,19.70378875732422,12.133148193359375,318.3072814941406
2020-10-21,18.84669303894043,11.901846885681152,317.70477294921875
2020-10-22,18.781482696533203,12.39285659790039,319.4474182128906
2020-10-23,18.837379455566406,12.331987380981445,320.5320129394531
2020-10-26,18.44610023498535,11.889677047729492,314.608642578125
2020-10-27,18.30635643005371,11.73547649383545,313.5240173339844
2020-10-28,18.026870727539062,11.244467735290527,302.8080749511719
2020-10-29,18.399517059326172,11.589390754699707,305.8857727050781
2020-10-30,18.222509384155273,11.654315948486328,302.6968688964844
2020-11-02,18.5485782623291,12.05199146270752,306.089599609375
2020-11-03,18.77216911315918,11.98300838470459,311.493896484375
2020-11-04,18.529943466186523,11.999238967895508,318.4555969238281
2020-11-05,19.834217071533203,11.999238967895508,324.66632080078125
2020-11-06,19.9832763671875,11.739534378051758,324.5921936035156
2020-11-09,20.020536422729492,13.415450096130371,328.67095947265625
2020-11-10,19.722421646118164,13.84964656829834,328.18890380859375
2020-11-11,20.35592269897461,13.707616806030273,330.6268615722656
2020-11-12,20.12302017211914,13.265307426452637,327.4195251464844
2020-11-13,20.2161808013916,13.748198509216309,331.95245361328125
2020-11-16,20.31865692138672,14.653112411499023,336.0960693359375
2020-11-17,20.35592269897461,14.803251266479492,334.2884216308594
2020-11-18,20.05780601501465,14.373116493225098,330.2653503417969
2020-11-19,20.346607208251953,14.608474731445312,331.65576171875
2020-11-20,20.579511642456055,14.531379699707031,329.3846740722656
2020-11-23,20.97079086303711,15.558026313781738,331.3591613769531
2020-11-24,21.25959587097168,16.35743522644043,336.6985778808594
2020-11-25,21.622926712036133,15.97598934173584,336.1794738769531
2020-11-27,21.97694206237793,15.789323806762695,337.1157531738281
2020-11-30,21.921051025390625,14.916874885559082,335.62322998046875
2020-12-01,21.71609115600586,14.985857963562012,339.2941589355469
2020-12-02,21.520450592041016,15.472806930541992,340.0079040527344
2020-12-03,21.37139129638672,15.635128021240234,339.91522216796875
2020-12-04,21.436603546142578,16.487287521362305,342.84454345703125
2020-12-07,21.529769897460938,16.101787567138672,342.1400451660156
2020-12-08,22.107364654541016,16.34120750427246,343.1410827636719
2020-12-09,21.567026138305664,16.377723693847656,340.0635070800781
2020-12-10,21.893098831176758,16.880901336669922,339.9522399902344
2020-12-11,22.014205932617188,16.68612289428711,339.5536804199219
2020-12-14,22.331361770629883,16.101787567138672,338.0334777832031
2020-12-15,23.376102447509766,16.41830062866211,342.6034851074219
2020-12-16,23.376102447509766,16.337139129638672,343.1410827636719
2020-12-17,23.842506408691406,16.26004409790039,345.0599670410156
2020-12-18,24.168989181518555,15.988161087036133,343.6822204589844
2020-12-21,24.588748931884766,15.679750442504883,342.453369140625
2020-12-22,25.48424530029297,15.416574478149414,341.8761901855469
2020-12-23,25.89468002319336,15.757878303527832,342.1833801269531
2020-12-24,25.848037719726562,15.675637245178223,343.51458740234375
2020-12-28,26.05325698852539,15.57694149017334,346.4656982421875
2020-12-29,25.80139923095703,15.47414493560791,345.8047180175781
2020-12-30,26.402433395385742,15.716764450073242,346.2981262207031
2020-12-31,26.355764389038086,15.585173606872559,348.05755615234375
2021-01-04,26.766408920288086,15.609844207763672,343.3191223144531
2021-01-05,27.335708618164062,16.308916091918945,345.6836853027344
2021-01-06,29.3049259185791,16.806486129760742,347.7503967285156
2021-01-07,31.180810928344727,17.053218841552734,352.91705322265625
2021-01-08,30.94749641418457,17.03266143798828,354.92779541015625
2021-01-11,29.902225494384766,17.299949645996094,352.5353698730469
2021-01-12,30.266204833984375,17.904443740844727,352.60986328125
2021-01-13,30.415523529052734,17.764625549316406,353.5593566894531
2021-01-14,30.144874572753906,18.290985107421875,352.32122802734375
2021-01-15,28.520971298217773,17.579580307006836,349.7519226074219
2021-01-19,29.3049259185791,17.9332275390625,352.4981384277344
2021-01-20,29.192934036254883,17.999021530151367,357.3762512207031
2021-01-21,30.480852127075195,17.39041519165039,357.7019958496094
2021-01-22,30.704843521118164,17.299949645996094,356.43597412109375
2021-01-25,30.312864303588867,17.12312126159668,357.8416748046875
2021-01-26,30.01421546936035,16.757143020629883,357.28314208984375
2021-01-27,28.128992080688477,16.530977249145508,348.5509338378906
2021-01-28,28.763622283935547,16.7242431640625,351.548583984375
2021-01-29,27.811681747436523,16.16910171508789,344.5107116699219
2021-02-01,28.436975479125977,16.284244537353516,350.2452697753906
2021-02-02,28.744956970214844,16.4610652923584,355.1978759765625
2021-02-03,29.258258819580078,17.164249420166016,355.4771423339844
2021-02-04,28.88494873046875,17.353408813476562,359.51739501953125
2021-02-05,29.0996036529541,17.50145149230957,360.9323425292969
2021-02-08,29.3889217376709,18.23341941833496,363.5390625
2021-02-09,29.127599716186523,18.040143966674805,363.2969665527344
2021-02-10,28.735626220703125,18.38556671142578,363.1387023925781
2021-02-11,28.88494873046875,18.101821899414062,363.7251892089844
2021-02-12,28.29698371887207,18.36911964416504,365.52191162109375
2021-02-16,27.97966957092285,18.829681396484375,365.20538330078125
2021-02-17,27.51302719116211,19.10930824279785,365.28912353515625
2021-02-18,26.08511734008789,18.67753028869629,363.7344970703125
2021-02-19,26.589086532592773,18.990060806274414,363.09222412109375
2021-02-22,24.8251895904541,19.648006439208984,360.2993469238281
2021-02-23,24.479877471923828,19.972871780395508,360.7369079589844
2021-02-24,25.002513885498047,20.680166244506836,364.71197509765625
2021-02-25,23.798585891723633,20.281282424926758,355.92401123046875
2021-02-26,24.125234603881836,19.800155639648438,354.0899658203125
2021-03-01,25.039844512939453,20.314180374145508,362.67327880859375
2021-03-02,24.237224578857422,20.203155517578125,359.8432312011719
2021-03-03,22.65065574645996,20.49922752380371,355.076904296875
2021-03-04,21.745372772216797,20.988574981689453,350.6828308105469
2021-03-05,21.43739128112793,21.774005889892578,357.1341247558594
2021-03-08,20.784099578857422,21.815122604370117,355.3561706542969
2021-03-09,22.51999282836914,21.432689666748047,360.42974853515625
2021-03-10,22.510663986206055,21.97549819946289,362.67327880859375
2021-03-11,23.93857765197754,21.983726501464844,366.3504333496094
2021-03-12,23.751922607421875,22.028961181640625,366.8437805175781
2021-03-15,23.62126350402832,21.778121948242188,369.0315246582031
2021-03-16,23.079959869384766,21.15717887878418,368.5660095214844
2021-03-17,22.44533348083496,21.32166290283203,369.8228759765625
2021-03-18,21.222742080688477,20.363523483276367,364.4420166015625
2021-03-19,21.782705307006836,20.367633819580078,363.7677001953125
2021-03-22,22.305341720581055,20.17231559753418,366.6723937988281
2021-03-23,21.885364532470703,19.877248764038086,363.7864074707031
2021-03-24,20.905424118041992,20.375951766967773,361.93707275390625
2021-03-25,21.008087158203125,20.450759887695312,363.9732360839844
2021-03-26,21.42806053161621,20.957763671875,369.83856201171875
2021-03-29,20.914758682250977,20.708415985107422,369.65179443359375
2021-03-30,21.92269515991211,20.529714584350586,368.67108154296875
2021-03-31,22.678651809692383,20.38842010498047,370.1654052734375
2021-04-01,22.5666561126709,20.90789222717285,374.1629638671875
2021-04-05,22.221342086791992,20.409196853637695,379.5332946777344
2021-04-06,22.221342086791992,20.35517120361328,379.30914306640625
2021-04-07,21.596046447753906,20.42582130432129,379.7480773925781
2021-04-08,21.87603187561035,20.159847259521484,381.5507507324219
2021-04-09,21.90403175354004,20.02686309814453,384.32464599609375
2021-04-12,21.46538734436035,19.86894416809082,384.4647521972656
2021-04-13,21.90403175354004,19.88971710205078,385.60418701171875
2021-04-14,21.829368591308594,20.442440032958984,384.2873229980469
2021-04-15,21.512052536010742,20.27621078491211,388.4154968261719
2021-04-16,22.23067855834961,20.1141357421875,389.7137145996094
2021-04-19,21.689376831054688,20.093351364135742,387.799072265625
2021-04-20,21.493389129638672,19.561410903930664,384.95977783203125
2021-04-21,21.91336441040039,19.810758590698242,388.6022644042969
2021-04-22,22.44533348083496,19.578033447265625,385.0531921386719
2021-04-23,22.865306854248047,19.756729125976562,389.2280578613281
2021-04-26,22.97730255126953,19.88971710205078,390.04058837890625
2021-04-27,22.902637481689453,20.130756378173828,389.9565734863281
2021-04-28,22.435997009277344,20.824779510498047,389.84454345703125
2021-04-29,22.090686798095703,21.05750274658203,392.3288879394531
2021-04-30,21.689376831054688,20.525556564331055,389.7510681152344
2021-05-03,21.381397247314453,21.090749740600586,390.59161376953125
2021-05-04,20.50411605834961,21.103212356567383,388.18206787109375
2021-05-05,20.476118087768555,21.784765243530273,388.30340576171875
2021-05-06,20.205467224121094,21.896982192993164,391.4042663574219
2021-05-07,20.56944465637207,22.28762435913086,394.25286865234375
2021-05-10,19.95347785949707,22.295936584472656,390.348876953125
2021-05-11,20.00014305114746,21.722431182861328,386.8650817871094
2021-05-12,19.328184127807617,21.826326370239258,378.6460266113281
2021-05-13,19.40284538269043,21.560361862182617,383.1945495605469
2021-05-14,20.15880012512207,22.229442596435547,389.0786437988281
2021-05-17,19.97214698791504,22.744760513305664,388.088623046875
2021-05-18,20.345455169677734,22.21697425842285,384.7449035644531
2021-05-19,20.50411605834961,21.66425323486328,383.7361755371094
2021-05-20,21.026752471923828,21.631000518798828,387.8645324707031
2021-05-21,21.073413848876953,21.676721572875977,387.5468444824219
2021-05-24,21.110746383666992,21.892822265625,391.4977111816406
2021-05-25,21.05474853515625,21.448148727416992,390.6290283203125
2021-05-26,21.306732177734375,21.63931655883789,391.4042663574219
2021-05-27,21.28806495666504,21.655935287475586,391.6097412109375
2021-05-28,21.390729904174805,21.697494506835938,392.3102111816406
2021-06-01,21.344066619873047,22.532814025878906,391.96466064453125
2021-06-02,20.99875259399414,22.95255470275879,392.5810852050781
2021-06-03,20.616107940673828,23.014890670776367,391.1240234375
2021-06-04,20.812097549438477,23.168657302856445,394.70123291015625
2021-06-07,20.924083709716797,23.06891441345215,394.31829833984375
2021-06-08,21.008087158203125,23.268396377563477,394.4023132324219
2021-06-09,20.877426147460938,23.12294578552246,393.81390380859375
2021-06-10,20.965641021728516,23.093854904174805,395.6445007324219
2021-06-11,21.14395523071289,23.014890670776367,396.29827880859375
2021-06-14,21.397342681884766,22.915149688720703,397.1856384277344
2021-06-15,21.153337478637695,23.351511001586914,396.45709228515625
2021-06-16,21.265954971313477,23.22683334350586,394.2435607910156
2021-06-17,21.387964248657227,22.437232971191406,394.1128234863281
2021-06-18,21.031335830688477,21.772302627563477,388.79608154296875
2021-06-21,21.247182846069336,22.70012664794922,394.3620910644531
2021-06-22,21.463035583496094,22.85126304626465,396.4703063964844
2021-06-23,21.42549705505371,22.914236068725586,395.9924621582031
2021-06-24,21.566267013549805,23.111557006835938,398.3350830078125
2021-06-25,21.63196563720703,23.233308792114258,399.75006103515625
2021-06-28,22.204435348510742,22.448230743408203,400.5557861328125
2021-06-29,22.34520721435547,22.33907127380371,400.7713928222656
2021-06-30,22.016738891601562,22.616159439086914,401.10870361328125
2021-07-01,22.09181785583496,23.010801315307617,403.32952880859375
2021-07-02,22.04489517211914,22.960418701171875,406.41241455078125
2021-07-06,22.195051193237305,22.2131290435791,405.67205810546875
2021-07-07,22.11997413635254,21.852066040039062,407.10577392578125
2021-07-08,21.735197067260742,21.726116180419922,403.7887268066406
2021-07-09,21.791500091552734,22.187936782836914,408.0990295410156
2021-07-12,22.04489517211914,22.154348373413086,409.560791015625
2021-07-13,21.78211784362793,21.986413955688477,408.16461181640625
2021-07-14,21.247182846069336,21.33148765563965,408.7737121582031
2021-07-15,20.824871063232422,21.033403396606445,407.3774719238281
2021-07-16,20.740406036376953,20.4372501373291,404.1822509765625
2021-07-19,20.59025001525879,19.71514320373535,398.2132568359375
2021-07-20,20.796716690063477,19.979637145996094,403.9197998046875
2021-07-21,21.45365333557129,20.676551818847656,407.1900939941406
2021-07-22,21.463035583496094,20.445646286010742,408.0428161621094
2021-07-23,21.172107696533203,20.37007713317871,412.2408142089844
2021-07-26,21.00318145751953,20.87387466430664,413.2527770996094
2021-07-27,20.853023529052734,20.680747985839844,411.3692626953125
2021-07-28,21.42549705505371,20.86966896057129,411.20062255859375
2021-07-29,21.36918830871582,21.071189880371094,412.90606689453125
2021-07-30,21.312877655029297,20.73532485961914,410.9007568359375
2021-08-02,21.331645965576172,20.579994201660156,410.0386962890625
2021-08-03,21.744579315185547,20.932645797729492,413.37451171875
2021-08-04,21.69765853881836,20.365877151489258,411.3411865234375
2021-08-05,21.538118362426758,20.596786499023438,413.94610595703125
2021-08-06,21.50996208190918,20.785709381103516,414.6302185058594
2021-08-09,21.847816467285156,20.49182891845703,414.29290771484375
2021-08-10,21.819658279418945,20.852882385253906,414.8082275390625
2021-08-11,21.688274383544922,21.016613006591797,415.8389892578125
2021-08-12,21.416114807128906,20.99561882019043,417.085205078125
2021-08-13,21.20964813232422,20.747922897338867,417.84423828125
2021-08-16,21.040719985961914,20.365877151489258,418.82806396484375
2021-08-17,20.81548500061035,20.155963897705078,416.0825500488281
2021-08-18,20.946874618530273,19.736135482788086,411.52862548828125
2021-08-19,20.946874618530273,19.223947525024414,412.1657409667969
2021-08-20,21.28472328186035,19.265928268432617,415.4454345703125
2021-08-23,21.556882858276367,19.9880313873291,419.0999450683594
2021-08-24,21.688274383544922,20.319698333740234,419.7651672363281
2021-08-25,21.763349533081055,20.475032806396484,420.64593505859375
2021-08-26,21.50996208190918,20.16436004638672,418.1628723144531
2021-08-27,21.69765853881836,20.701738357543945,421.90155029296875
2021-08-30,21.91350746154785,20.458242416381836,423.7569580078125
2021-08-31,21.894739151000977,20.319698333740234,423.129150390625
2021-09-01,22.06366539001465,20.02161979675293,423.3539733886719
2021-09-02,22.32643699645996,20.529613494873047,424.656494140625
2021-09-03,22.14812469482422,20.412059783935547,424.55340576171875
2021-09-07,21.969816207885742,20.290313720703125,423.0353698730469
2021-09-08,21.547500610351562,20.03001594543457,422.52008056640625
2021-09-09,21.519346237182617,20.072002410888672,420.7115783691406
2021-09-10,21.181493759155273,20.063602447509766,417.39447021484375
2021-09-13,21.60380744934082,20.638765335083008,418.46258544921875
2021-09-14,21.47241973876953,20.340688705444336,416.2044677734375
2021-09-15,21.172107696533203,21.10057830810547,419.68084716796875
2021-09-16,21.031335830688477,20.861276626586914,419.0155029296875
2021-09-17,21.134571075439453,20.7059383392334,414.93389892578125
2021-09-20,20.571481704711914,20.073646545410156,408.0151672363281
2021-09-21,20.81548500061035,20.120389938354492,407.6297912597656
2021-09-22,21.106414794921875,20.740787506103516,411.60614013671875
2021-09-23,21.29410743713379,21.4674129486084,416.60711669921875
2021-09-24,20.88117790222168,21.62888526916504,417.29339599609375
2021-09-27,21.05010223388672,22.398008346557617,416.09954833984375
2021-09-28,20.59025001525879,22.4744930267334,407.7143859863281
2021-09-29,20.374399185180664,22.4744930267334,408.400634765625
2021-09-30,20.318090438842773,22.134553909301758,403.4090270996094
2021-10-01,20.430709838867188,22.878173828125,408.2032165527344
2021-10-04,19.895776748657227,23.252111434936523,402.9389953613281
2021-10-05,19.93331527709961,23.388092041015625,407.1315612792969
2021-10-06,19.980241775512695,23.141632080078125,408.8236389160156
2021-10-07,20.186702728271484,23.320106506347656,412.3582458496094
2021-10-08,20.027164459228516,24.038236618041992,411.60614013671875
2021-10-11,20.10223960876465,23.948997497558594,408.62628173828125
2021-10-12,20.862407684326172,23.970243453979492,407.6203918457031
2021-10-13,21.538118362426758,23.948997497558594,409.0868225097656
2021-10-14,21.45365333557129,24.24220085144043,415.96795654296875
2021-10-15,21.519346237182617,24.361177444458008,419.1359558105469
2021-10-18,21.60380744934082,24.378171920776367,420.376708984375
2021-10-19,22.129358291625977,24.654380798339844,423.619873046875
2021-10-20,22.260746002197266,24.854095458984375,425.28369140625
2021-10-21,22.288896560668945,24.395174026489258,426.3930358886719
2021-10-22,22.110584259033203,24.624631881713867,425.9512023925781
2021-10-25,22.439056396484375,24.985824584960938,428.23541259765625
2021-10-26,22.288896560668945,25.130300521850586,428.6208190917969
2021-10-27,22.95522117614746,24.40791893005371,426.72198486328125
2021-10-28,23.752925872802734,24.582143783569336,430.83935546875
2021-10-29,23.71538734436035,24.420669555664062,431.7135314941406
2021-11-01,24.203397750854492,24.84134864807129,432.4563293457031
2021-11-02,23.743541717529297,24.607641220092773,434.2047424316406
2021-11-03,23.199222564697266,24.403669357299805,436.8556213378906
2021-11-04,23.077224731445312,24.437665939331055,438.914306640625
2021-11-05,22.786291122436523,24.756362915039062,440.4371337890625
2021-11-08,23.199222564697266,24.981576919555664,440.8132019042969
2021-11-09,23.077224731445312,25.08355712890625,439.3561096191406
2021-11-10,22.748756408691406,24.420669555664062,435.82159423828125
2021-11-11,23.349380493164062,24.51415252685547,435.9626159667969
2021-11-12,23.537076950073242,24.454662322998047,439.252685546875
2021-11-15,23.255535125732422,24.658626556396484,439.4031066894531
2021-11-16,23.199222564697266,24.696868896484375,441.1422424316406
2021-11-17,23.058454513549805,24.31868553161621,440.07061767578125
2021-11-18,22.739370346069336,24.17420768737793,441.5653076171875
2021-11-19,23.171070098876953,23.230865478515625,440.77557373046875
2021-11-22,22.636137008666992,23.643051147460938,439.53472900390625
2021-11-23,22.373361587524414,24.369670867919922,440.1175842285156
2021-11-24,22.439056396484375,24.607641220092773,441.2926330566406
2021-11-26,22.14812469482422,23.6175537109375,431.45037841796875
2021-11-29,22.392131805419922,23.75353240966797,436.7429504394531
2021-11-30,22.04489517211914,23.196874618530273,428.244873046875
2021-12-01,21.35980224609375,22.950416564941406,423.4882507324219
2021-12-02,21.265954971313477,23.6175537109375,429.97454833984375
2021-12-03,20.599634170532227,23.43058204650879,426.233154296875
2021-12-06,20.84364128112793,23.77902603149414,431.2812194824219
2021-12-07,21.519346237182617,24.335681915283203,440.2022399902344
2021-12-08,21.585037231445312,24.33143424987793,441.3677978515625
2021-12-09,20.965641021728516,24.14446449279785,438.38787841796875
2021-12-10,20.824871063232422,24.32293701171875,442.5146484375
2021-12-13,20.715442657470703,23.647296905517578,438.5947265625
2021-12-14,20.092849731445312,23.549564361572266,435.5771484375
2021-12-15,20.432449340820312,23.434831619262695,442.3830261230469
2021-12-16,19.979650497436523,23.583555221557617,438.48193359375
2021-12-17,20.017383575439453,23.10338592529297,433.815185546875
2021-12-20,19.281585693359375,22.81715202331543,429.20220947265625
2021-12-21,19.923051834106445,23.467103958129883,436.82440185546875
2021-12-22,20.0362491607666,23.617753982543945,441.19207763671875
2021-12-23,20.0362491607666,23.63066864013672,443.937255859375
2021-12-27,20.007949829101562,24.147184371948242,450.2199401855469
2021-12-28,19.809850692749023,24.12997055053711,449.85198974609375
2021-12-29,19.743820190429688,23.975013732910156,450.4274597167969
2021-12-30,20.019426345825195,23.828664779663086,449.1822814941406
2021-12-31,19.981672286987305,23.88892364501953,448.0502624511719
2022-01-03,20.142127990722656,24.629270553588867,450.64447021484375
2022-01-04,19.83065414428711,25.481517791748047,450.49346923828125
2022-01-05,18.905664443969727,25.477216720581055,441.84307861328125
2022-01-06,18.641380310058594,26.045387268066406,441.4280090332031
2022-01-07,18.55643081665039,26.40264320373535,439.68280029296875
2022-01-10,18.47148323059082,26.32086181640625,439.1356506347656
2022-01-11,18.631942749023438,27.216161727905273,443.1354675292969
2022-01-12,18.67913818359375,27.267807006835938,444.3334655761719
2022-01-13,18.47148323059082,27.13007164001465,438.211181640625
2022-01-14,18.358219146728516,27.76711082458496,438.390380859375
2022-01-18,17.84853172302246,27.8790225982666,430.62664794921875
2022-01-19,17.801342010498047,27.676721572875977,426.15521240234375
2022-01-20,17.91460609436035,27.42276382446289,421.4385986328125
2022-01-21,17.27277374267578,26.880422592163086,413.16546630859375
2022-01-24,17.338842391967773,27.06120491027832,414.9200439453125
2022-01-25,16.819717407226562,28.111452102661133,409.85430908203125
2022-01-26,16.87635040283203,28.064105987548828,408.8260192871094
2022-01-27,16.6120662689209,28.369714736938477,406.8072814941406
2022-01-28,16.763086318969727,28.24919319152832,416.91046142578125
2022-01-31,17.697513580322266,28.374019622802734,424.4195251464844
2022-02-01,17.66919708251953,29.385530471801758,427.28729248046875
2022-02-02,17.59368896484375,29.480222702026367,431.4380187988281
2022-02-03,17.15007209777832,29.20044708251953,421.2970886230469
2022-02-04,17.31052589416504,29.656700134277344,423.2781066894531
2022-02-07,17.206703186035156,30.03548240661621,421.919677734375
2022-02-08,17.24445915222168,29.38983154296875,425.3910827636719
2022-02-09,17.867412567138672,29.635177612304688,431.6171875
2022-02-10,17.41435432434082,29.450098037719727,423.86297607421875
2022-02-11,16.961294174194336,30.306655883789062,415.50482177734375
2022-02-14,16.82915496826172,29.592138290405273,414.1465148925781
2022-02-15,17.678634643554688,29.282230377197266,420.8254089355469
2022-02-16,17.688074111938477,29.51897621154785,421.2970886230469
2022-02-17,17.442668914794922,29.471614837646484,412.2975769042969
2022-02-18,17.121755599975586,29.29083251953125,409.6279296875
2022-02-22,16.6970157623291,28.81736183166504,405.23187255859375
2022-02-23,16.583751678466797,29.114362716674805,398.0436706542969
2022-02-24,17.84853172302246,28.8862361907959,404.03387451171875
2022-02-25,18.34878158569336,29.648096084594727,412.9483947753906
2022-02-28,19.54749298095703,30.379825592041016,411.89190673828125
2022-03-01,19.358720779418945,30.6854248046875,405.6186828613281
2022-03-02,19.0472469329834,31.387039184570312,413.0805358886719
2022-03-03,18.47148323059082,31.473121643066406,411.0240173339844
2022-03-04,18.329904556274414,32.3813362121582,407.6846008300781
2022-03-07,18.782960891723633,32.859107971191406,395.66644287109375
2022-03-08,20.07605743408203,33.37562561035156,392.6665344238281
2022-03-09,20.1326904296875,32.35551071166992,403.1943054199219
2022-03-10,19.849533081054688,33.345497131347656,401.3736267089844
2022-03-11,19.54749298095703,33.07863235473633,396.2701721191406
2022-03-14,18.83959197998047,32.088645935058594,393.37408447265625
2022-03-15,19.141630172729492,30.913562774658203,402.0245666503906
2022-03-16,19.65131950378418,30.771522521972656,410.9390563964844
2022-03-17,19.896726608276367,31.830381393432617,416.080322265625
2022-03-18,19.962793350219727,31.800247192382812,420.63763427734375
2022-03-21,19.82121467590332,33.082157135009766,420.5144958496094
2022-03-22,20.094938278198242,32.83882141113281,425.43524169921875
2022-03-23,19.78346061706543,33.40373229980469,419.95623779296875
2022-03-24,20.094938278198242,33.486305236816406,426.28680419921875
2022-03-25,19.85896873474121,34.22068786621094,428.36865234375
2022-03-28,19.94391441345215,33.37331771850586,431.4156494140625
2022-03-29,20.23651885986328,33.28640365600586,436.7526550292969
2022-03-30,20.18932342529297,33.67315673828125,434.0557861328125
2022-03-31,20.31202507019043,33.216880798339844,427.3750915527344
2022-04-01,20.425291061401367,33.486305236816406,428.5863952636719
2022-04-04,20.84058952331543,33.52975845336914,432.25775146484375
2022-04-05,20.783960342407227,33.003944396972656,426.7978820800781
2022-04-06,20.538555145263672,33.19949722290039,422.5301818847656
2022-04-07,20.293148040771484,33.63404083251953,424.6593017578125
2022-04-08,20.038305282592773,34.559627532958984,423.52374267578125
2022-04-11,19.83065414428711,33.521060943603516,416.2847595214844
2022-04-12,19.604124069213867,34.0772819519043,414.7423400878906
2022-04-13,19.849533081054688,34.5857048034668,419.49261474609375
2022-04-14,19.613563537597656,34.69868469238281,414.2691955566406
2022-04-18,19.471981048583984,35.20710754394531,414.439453125
2022-04-19,19.877845764160156,34.92030334472656,421.1296691894531
2022-04-20,19.52861785888672,35.055015563964844,420.8173522949219
2022-04-21,18.57530975341797,33.94257736206055,414.524658203125
2022-04-22,18.263837814331055,33.112586975097656,403.15045166015625
2022-04-25,18.263837814331055,32.01751708984375,405.4877624511719
2022-04-26,17.76358413696289,32.06098175048828,393.7445373535156
2022-04-27,17.98067283630371,32.530296325683594,394.85162353515625
2022-04-28,18.056182861328125,33.51670837402344,404.8253479003906
2022-04-29,17.78246307373047,32.65631103515625,389.86480712890625
2022-05-02,17.810779571533203,33.177764892578125,392.2115478515625
2022-05-03,18.09393882751465,34.10770034790039,394.00946044921875
2022-05-04,18.84903335571289,35.524322509765625,406.00823974609375
2022-05-05,18.112815856933594,34.98982238769531,391.5775451660156
2022-05-06,17.527620315551758,36.03274917602539,389.240234375
2022-05-09,16.47992515563965,33.05175018310547,376.77777099609375
2022-05-10,16.470487594604492,33.35158157348633,377.6484069824219
2022-05-11,15.989114761352539,33.79917526245117,371.64898681640625
2022-05-12,15.875852584838867,33.94257736206055,371.26104736328125
2022-05-13,16.64982032775879,35.10280990600586,380.1370849609375
2022-05-16,16.517681121826172,36.028411865234375,378.5946350097656
2022-05-17,17.216142654418945,36.445579528808594,386.3824768066406
2022-05-18,17.14063262939453,35.51129150390625,370.8067932128906
2022-05-19,17.801342010498047,35.38093566894531,368.53570556640625
2022-05-20,17.895727157592773,35.533016204833984,368.6965637207031
2022-05-23,18.112815856933594,36.47164535522461,375.594970703125
2022-05-24,17.84853172302246,36.61070251464844,372.7277526855469
2022-05-25,18.103376388549805,37.3668212890625,376.02081298828125
2022-05-26,18.55643081665039,37.77963638305664,383.5341796875
2022-05-27,19.00948715209961,38.47056198120117,392.9495849609375
2022-05-31,18.764083862304688,37.892616271972656,390.7447814941406
2022-06-01,18.546993255615234,38.50967025756836,387.58428955078125
2022-06-02,19.302087783813477,38.38800048828125,394.9652404785156
2022-06-03,19.15106964111328,38.89643096923828,388.4831848144531
2022-06-06,19.52861785888672,38.852970123291016,389.66607666015625
2022-06-07,19.69851303100586,40.01321792602539,393.4038391113281
2022-06-08,19.453107833862305,40.100120544433594,389.126708984375
2022-06-09,18.920927047729492,39.21364212036133,379.8721008300781
2022-06-10,18.57880973815918,38.54878616333008,368.8574523925781
2022-06-13,17.514450073242188,36.536827087402344,354.8526306152344
2022-06-14,17.314882278442383,36.606353759765625,353.7833557128906
2022-06-15,17.733022689819336,35.798099517822266,358.8270263671875
2022-06-16,17.07729721069336,33.78179168701172,346.9512939453125
2022-06-17,17.695011138916016,31.934959411621094,347.69921875
2022-06-21,18.132156372070312,33.589385986328125,356.4520568847656
2022-06-22,18.01811981201172,32.2447509765625,355.80584716796875
2022-06-23,18.360239028930664,31.049522399902344,359.2936096191406
2022-06-24,18.445764541625977,31.45818328857422,370.71697998046875
2022-06-27,18.702354431152344,32.38097381591797,369.3009033203125
2022-06-28,18.19868278503418,33.25542449951172,361.7550354003906
2022-06-29,17.799545288085938,32.09974670410156,361.46044921875
2022-06-30,18.103649139404297,31.423030853271484,358.5237731933594
2022-07-01,18.360239028930664,31.893217086791992,362.315673828125
2022-07-05,18.094146728515625,30.627676010131836,363.00006103515625
2022-07-06,18.01811981201172,30.104761123657227,364.22601318359375
2022-07-07,18.759368896484375,31.190143585205078,369.6810607910156
2022-07-08,18.996950149536133,31.176952362060547,369.3769836425781
2022-07-11,18.483776092529297,30.878145217895508,365.1573791503906
2022-07-12,18.151165008544922,30.276140213012695,361.9260559082031
2022-07-13,18.255701065063477,30.227807998657227,360.0253601074219
2022-07-14,18.179672241210938,29.65655517578125,359.15106201171875
2022-07-15,17.87557029724121,30.139923095703125,366.0126953125
2022-07-18,18.2366943359375,30.82982063293457,362.9905700683594
2022-07-19,18.56930923461914,31.77896499633789,372.7982482910156
2022-07-20,18.673843383789062,32.0865592956543,375.1741027832031
2022-07-21,18.635831832885742,31.52410125732422,378.9945983886719
2022-07-22,18.531293869018555,31.264841079711914,375.4782409667969
2022-07-25,18.768875122070312,32.41172790527344,375.9345703125
2022-07-26,18.474275588989258,32.11731719970703,371.4867248535156
2022-07-27,19.348573684692383,32.84236145019531,381.1329345703125
2022-07-28,20.70753288269043,33.026920318603516,385.9131774902344
2022-07-29,21.182693481445312,34.459434509277344,391.53936767578125
2022-08-01,20.91660499572754,33.74757385253906,390.3798522949219
2022-08-02,21.182693481445312,33.66848373413086,387.804443359375
2022-08-03,20.73604393005371,32.701744079589844,393.8772888183594
2022-08-04,21.135177612304688,31.488948822021484,393.61114501953125
2022-08-05,21.296735763549805,32.1129264831543,392.9458923339844
2022-08-08,21.391765594482422,32.279903411865234,392.48974609375
2022-08-09,21.467792510986328,32.84675979614258,390.9311828613281
2022-08-10,22.437124252319336,33.08403778076172,399.1421813964844
2022-08-11,22.12351417541504,34.222145080566406,399.1421813964844
2022-08-12,22.38010025024414,34.481407165527344,405.8992919921875
2022-08-15,22.351593017578125,33.80908966064453,407.5718994140625
2022-08-16,22.06649398803711,33.730003356933594,408.3702697753906
2022-08-17,21.98096466064453,34.01122283935547,405.4716796875
2022-08-18,22.028480529785156,34.92522430419922,406.650146484375
2022-08-19,21.420276641845703,34.91642761230469,401.1855773925781
2022-08-22,21.087665557861328,34.85051727294922,392.8318786621094
2022-08-23,21.125675201416016,36.107261657714844,391.88153076171875
2022-08-24,21.5438175201416,36.55107879638672,393.1359558105469
2022-08-25,21.99047088623047,36.83230972290039,398.6860656738281
2022-08-26,21.486799240112305,36.40168380737305,385.19091796875
2022-08-29,21.249217987060547,36.95095443725586,382.64398193359375
2022-08-30,21.04014778137207,35.69860076904297,378.4433288574219
2022-08-31,21.078161239624023,35.373435974121094,375.5638122558594
2022-09-01,20.70753288269043,34.503379821777344,376.7422180175781
2022-09-02,20.374923706054688,35.136138916015625,372.7697448730469
2022-09-06,20.593496322631836,34.81097412109375,371.3631896972656
2022-09-07,21.591333389282227,34.40671157836914,378.0347595214844
2022-09-08,21.7338809967041,34.55611038208008,380.5057067871094
2022-09-09,21.79090118408203,35.417381286621094,386.41693115234375
2022-09-12,21.942955017089844,36.067718505859375,390.5700378417969
2022-09-13,21.363256454467773,35.158111572265625,373.5870666503906
2022-09-14,21.69586944580078,36.151206970214844,375.0125732421875
2022-09-15,21.087665557861328,35.21963882446289,370.7549743652344
2022-09-16,21.01163673400879,34.46822738647461,367.926513671875
2022-09-19,20.95461654663086,34.4886474609375,370.77978515625
2022-09-20,20.327404022216797,34.248779296875,366.5237121582031
2022-09-21,20.222871780395508,33.746822357177734,360.13018798828125
2022-09-22,19.58615493774414,33.62688446044922,357.10516357421875
2022-09-23,19.025463104248047,31.308094024658203,351.1219482421875
2022-09-26,18.559804916381836,30.53960609436035,347.64837646484375
2022-09-27,18.683345794677734,30.881649017333984,346.7609558105469
2022-09-28,18.97794532775879,32.24982452392578,353.58392333984375
2022-09-29,18.151165008544922,32.24982452392578,346.19793701171875
2022-09-30,18.141658782958984,31.99217987060547,340.8445129394531
2022-10-03,18.702354431152344,33.80012893676758,349.84320068359375
2022-10-04,19.29155158996582,35.252708435058594,360.68365478515625
2022-10-05,18.521791458129883,35.98120880126953,359.8438720703125
2022-10-06,18.027624130249023,36.62088394165039,356.1318054199219
2022-10-07,17.514450073242188,36.336578369140625,346.19793701171875
2022-10-10,17.43842124938965,35.590309143066406,343.5545349121094
2022-10-11,17.25786018371582,35.30601501464844,341.3788757324219
2022-10-12,16.82071304321289,35.590309143066406,340.2528381347656
2022-10-13,17.010778427124023,37.04288101196289,349.2324523925781
2022-10-14,16.66866683959961,35.661380767822266,341.27392578125
2022-10-17,16.97276496887207,36.105587005615234,350.04364013671875
2022-10-18,17.409914016723633,36.420982360839844,354.156494140625
2022-10-19,16.896738052368164,37.4959831237793,351.64666748046875
2022-10-20,16.754188537597656,37.531517028808594,348.6981201171875
2022-10-21,17.048789978027344,38.61539077758789,357.1719665527344
2022-10-24,16.915742874145508,38.79751205444336,361.5424499511719
2022-10-25,17.41941261291504,38.837493896484375,367.3158264160156
2022-10-26,17.87557029724121,39.36611557006836,364.5484619140625
2022-10-27,17.96109962463379,39.50825881958008,362.60174560546875
2022-10-28,17.932594299316406,39.64596176147461,371.2281799316406
2022-10-31,17.951595306396484,39.9791259765625,368.5467834472656
2022-11-01,17.980106353759766,40.3655891418457,366.93408203125
2022-11-02,17.70451545715332,39.392765045166016,357.7254333496094
2022-11-03,18.075138092041016,40.12127685546875,354.0419616699219
2022-11-04,18.20818328857422,40.60990524291992,359.13775634765625
2022-11-07,18.01811981201172,41.30732345581055,362.57305908203125
2022-11-08,18.45526885986328,41.34730529785156,364.529296875
2022-11-09,18.369739532470703,39.326133728027344,357.0193176269531
2022-11-10,19.633668899536133,40.20123291015625,376.638916015625
2022-11-11,19.434101104736328,41.3695068359375,380.28424072265625
2022-11-14,19.263042449951172,41.35618591308594,377.04931640625
2022-11-15,19.614660263061523,41.79151153564453,380.2651672363281
2022-11-16,19.405590057373047,40.93862533569336,377.3641662597656
2022-11-17,19.500621795654297,41.0274658203125,376.20953369140625
2022-11-18,19.47211265563965,40.703189849853516,377.9176330566406
2022-11-21,19.329566955566406,40.152366638183594,376.54351806640625
2022-11-22,19.576648712158203,41.40948486328125,381.6107177734375
2022-11-23,19.78571891784668,40.96083068847656,384.01544189453125
2022-11-25,19.766712188720703,40.80980682373047,383.92950439453125
2022-11-28,19.405590057373047,39.69038772583008,377.8031921386719
2022-11-29,19.301055908203125,40.290069580078125,377.154296875
2022-11-30,20.108829498291016,40.48997497558594,389.0347900390625
2022-12-01,19.918764114379883,40.35670471191406,388.7485656738281
2022-12-02,20.213367462158203,40.1168327331543,388.3000793457031
2022-12-05,19.95677947998047,38.92634201049805,381.3149108886719
2022-12-06,19.53863525390625,37.900211334228516,375.8182678222656
2022-12-07,19.462608337402344,37.811363220214844,375.178955078125
2022-12-08,19.614660263061523,37.64257049560547,378.1180725097656
2022-12-09,19.557641983032227,36.72749328613281,375.29345703125
2022-12-12,19.738204956054688,37.691429138183594,380.7041320800781
2022-12-13,19.972389221191406,38.406612396240234,383.58599853515625
2022-12-14,20.20086097717285,38.17118835449219,381.1335754394531
2022-12-15,19.781991958618164,37.94019317626953,371.8103942871094
2022-12-16,19.429763793945312,37.4737663269043,367.4207458496094
2022-12-19,19.2203311920166,37.46928024291992,364.3051452636719
2022-12-20,19.191770553588867,38.03475570678711,364.8036193847656
2022-12-21,19.467844009399414,38.757301330566406,370.2583312988281
2022-12-22,19.134653091430664,37.86420822143555,364.9762268066406
2022-12-23,19.029935836791992,39.071449279785156,367.07562255859375
2022-12-27,18.810983657836914,39.48882293701172,365.6280517578125
2022-12-28,18.620588302612305,38.60470199584961,361.0841064453125
2022-12-29,18.91570281982422,39.00862121582031,367.58367919921875
2022-12-30,18.89666175842285,39.25545120239258,366.615478515625
2023-01-03,18.687225341796875,37.8776741027832,365.07208251953125
2023-01-04,18.83954429626465,37.873191833496094,367.89056396484375
2023-01-05,18.44923210144043,38.56432342529297,363.6915588378906
2023-01-06,18.925216674804688,39.295841217041016,372.0318603515625
2023-01-09,19.087053298950195,39.1567268371582,371.8209228515625
2023-01-10,19.372648239135742,39.434974670410156,374.4284362792969
2023-01-11,19.934309005737305,39.5561408996582,379.16412353515625
2023-01-12,20.229419708251953,40.31010818481445,380.5445556640625
2023-01-13,20.20086097717285,40.36844253540039,382.0209045410156
2023-01-17,20.334138870239258,40.45372009277344,381.3211364746094
2023-01-18,20.096145629882812,39.71321105957031,375.30078125
2023-01-19,19.420244216918945,40.20688247680664,372.5687255859375
2023-01-20,19.610637664794922,40.60630798339844,379.50927734375
2023-01-23,19.962867736816406,40.66015625,384.0628662109375
2023-01-24,19.8105525970459,40.50308609008789,383.6507263183594
2023-01-25,19.64871597290039,40.50757598876953,383.7944641113281
2023-01-26,19.639198303222656,41.78662109375,388.0124816894531
2023-01-27,19.544002532958984,40.94289016723633,388.9039611816406
2023-01-30,19.191770553588867,40.00492477416992,384.0245056152344
2023-01-31,19.743913650512695,40.35947799682617,389.6709289550781
2023-02-01,19.943832397460938,39.565120697021484,393.8123474121094
2023-02-02,19.820072174072266,38.663055419921875,399.5450134277344
2023-02-03,19.30600929260254,38.577781677246094,395.2982177734375
2023-02-06,19.24888801574707,38.40275192260742,392.88238525390625
2023-02-07,19.239368438720703,39.650394439697266,398.020751953125
2023-02-08,19.087053298950195,39.295841217041016,393.6684875488281
2023-02-09,18.763381958007812,38.959251403808594,390.2557373046875
2023-02-10,18.734825134277344,40.485130310058594,391.16644287109375
2023-02-13,18.91570281982422,40.38191604614258,395.7583312988281
2023-02-14,18.78242301940918,40.39537048339844,395.5762023925781
2023-02-15,19.182252883911133,39.70873260498047,396.8607482910156
2023-02-16,18.66818618774414,39.31828689575195,391.396484375
2023-02-17,18.67770767211914,37.918067932128906,390.4187316894531
2023-02-21,18.382593154907227,37.72957229614258,382.5865478515625
2023-02-22,18.306434631347656,37.47825241088867,382.0592956542969
2023-02-23,18.363554000854492,38.043724060058594,384.0915832519531
2023-02-24,18.020845413208008,37.99435043334961,379.9886474609375
2023-02-27,18.325475692749023,38.10655975341797,381.2827453613281
2023-02-28,18.27787971496582,37.55903244018555,379.8735656738281
2023-03-01,18.5444278717041,38.29954147338867,378.41644287109375
2023-03-02,18.44923210144043,38.6361198425293,381.3594665527344
2023-03-03,18.83002471923828,39.16120910644531,387.4756164550781
2023-03-06,18.991857528686523,39.17915344238281,387.7440490722656
2023-03-07,18.791942596435547,38.49700164794922,381.80047607421875
2023-03-08,18.810983657836914,38.10206985473633,382.423583984375
2023-03-09,18.525386810302734,37.56352233886719,375.367919921875
2023-03-10,18.249319076538086,37.08332061767578,369.9515686035156
2023-03-13,18.344512939453125,36.3293571472168,369.42431640625
2023-03-14,18.5444278717041,36.688392639160156,375.5308837890625
2023-03-15,18.106523513793945,34.71821212768555,373.18218994140625
2023-03-16,18.04940414428711,35.09518814086914,379.729736328125
2023-03-17,17.440141677856445,34.543190002441406,375.2896423339844
2023-03-20,17.697174072265625,35.23472595214844,378.89837646484375
2023-03-21,18.097003936767578,36.45456314086914,383.8735046386719
2023-03-22,17.8114070892334,35.679134368896484,377.329833984375
2023-03-23,17.944686889648438,35.184844970703125,378.34991455078125
2023-03-24,17.8685302734375,35.32089614868164,380.8325500488281
2023-03-27,17.887569427490234,36.07365036010742,381.5446472167969
2023-03-28,17.887569427490234,36.63141632080078,380.6882019042969
2023-03-29,18.23979949951172,37.139305114746094,386.2215576171875
2023-03-30,18.5444278717041,37.30256271362305,388.4828796386719
2023-03-31,18.83002471923828,37.56103515625,393.95843505859375
2023-04-03,18.620588302612305,39.26155090332031,395.4596252441406
2023-04-04,18.525386810302734,38.549598693847656,393.2655944824219
2023-04-05,18.258838653564453,39.13004684448242,392.23590087890625
2023-04-06,18.296918869018555,38.53600311279297,393.7659606933594
2023-04-10,18.47779083251953,38.844364166259766,394.1701354980469
2023-04-11,18.534908294677734,39.211669921875,394.2760314941406
2023-04-12,18.48731231689453,39.23887634277344,392.6689453125
2023-04-13,18.83954429626465,39.483760833740234,397.8846435546875
2023-04-14,18.649147033691406,39.55630874633789,396.9126892089844
2023-04-17,18.953779220581055,39.08922576904297,398.3369445800781
2023-04-18,18.944255828857422,39.24341583251953,398.59674072265625
2023-04-19,18.83002471923828,39.10737228393555,398.5294189453125
2023-04-20,18.810983657836914,38.762733459472656,396.3545837402344
2023-04-21,18.849061965942383,38.53600311279297,396.6625671386719
2023-04-24,18.849061965942383,39.12550735473633,397.0762634277344
2023-04-25,18.47779083251953,38.39088439941406,390.7731628417969
2023-04-26,17.716215133666992,37.87846755981445,389.1180419921875
2023-04-27,18.030366897583008,38.01451110839844,396.8646545410156
2023-04-28,17.8114070892334,38.6040153503418,400.2519226074219
2023-05-01,17.630537033081055,38.16868209838867,399.8477478027344
2023-05-02,17.30686378479004,36.50897979736328,395.3537292480469
2023-05-03,17.287822723388672,35.8197021484375,392.6400146484375
2023-05-04,17.402063369750977,35.420654296875,389.8590393066406
2023-05-05,17.735252380371094,36.38200759887695,397.0762634277344
2023-05-08,17.687652587890625,36.38200759887695,397.1821594238281
2023-05-09,17.58293914794922,36.3956184387207,395.4403991699219
2023-05-10,17.687652587890625,35.98295211791992,397.28802490234375
2023-05-11,17.61149787902832,35.552162170410156,396.5951232910156
2023-05-12,18.15412139892578,35.60657501220703,396.07550048828125
2023-05-15,18.315956115722656,35.787960052490234,397.4420471191406
2023-05-16,17.935169219970703,34.908226013183594,394.7860412597656
2023-05-17,18.03988265991211,35.57936477661133,399.57830810546875
2023-05-18,17.830448150634766,35.83784103393555,403.42755126953125
2023-05-19,17.735252380371094,36.11445617675781,402.8405456542969
2023-05-22,17.925647735595703,35.964813232421875,403.00408935546875
2023-05-23,17.754291534423828,36.35026931762695,398.4812316894531
2023-05-24,17.67813491821289,36.50897979736328,395.5943298339844
2023-05-25,17.659095764160156,35.86051559448242,399.0201721191406
2023-05-26,17.61149787902832,35.719940185546875,404.187744140625
2023-05-30,17.649578094482422,35.352630615234375,404.34173583984375
2023-05-31,17.459178924560547,34.73137283325195,402.09954833984375
2023-06-01,17.773330688476562,35.162174224853516,405.9198913574219
2023-06-02,17.8685302734375,36.23236846923828,411.78997802734375
2023-06-05,17.80189323425293,35.992027282714844,411.0008850097656
2023-06-06,17.8114070892334,36.28224182128906,411.8958435058594
2023-06-07,17.758699417114258,37.24360656738281,410.4715881347656
2023-06-08,17.806617736816406,37.08488464355469,412.9543762207031
2023-06-09,17.729949951171875,36.88083267211914,413.6952819824219
2023-06-12,17.9216251373291,36.527122497558594,417.44830322265625
2023-06-13,17.9407901763916,36.69944381713867,420.2005615234375
2023-06-14,17.797035217285156,36.323062896728516,420.700927734375
2023-06-15,18.084548950195312,36.72211837768555,425.9166259765625
2023-06-16,17.9791259765625,36.66769790649414,424.46588134765625
2023-06-20,17.605361938476562,35.84700012207031,422.2637023925781
2023-06-21,17.509523391723633,36.13064193725586,420.1000671386719
2023-06-22,17.327430725097656,35.64571762084961,421.6165771484375
2023-06-23,17.0399169921875,35.38954162597656,418.4290771484375
2023-06-26,17.0782527923584,36.02541732788086,416.719482421875
2023-06-27,17.231590270996094,36.10776138305664,421.28814697265625
2023-06-28,17.279512405395508,36.47373580932617,421.5006103515625
2023-06-29,17.202844619750977,36.89459991455078,423.1619567871094
2023-06-30,17.634109497070312,37.13248062133789,428.1555480957031
2023-07-03,17.634109497070312,37.21940994262695,428.64813232421875
2023-07-05,17.356182098388672,37.01354217529297,428.01068115234375
2023-07-06,16.96324920654297,36.18095016479492,424.6590576171875
2023-07-07,17.164508819580078,36.95864486694336,423.5868835449219
2023-07-10,17.394515991210938,37.24684524536133,424.6590576171875
2023-07-11,17.46160316467285,38.06570816040039,427.3634948730469
2023-07-12,17.854536056518555,38.41796112060547,430.8020324707031
2023-07-13,18.103713989257812,38.27157211303711,434.22125244140625
2023-07-14,17.844953536987305,37.26057052612305,433.9508056640625
2023-07-17,18.247472763061523,37.1873779296875,435.45758056640625
2023-07-18,18.13246726989746,37.5625,438.6932678222656
2023-07-19,18.189970016479492,37.782073974609375,439.6688232421875
2023-07-20,17.95037269592285,38.22582244873047,436.7518615722656
2023-07-21,17.959959030151367,38.5643424987793,436.7518615722656
2023-07-24,17.9407901763916,39.18650817871094,438.70294189453125
2023-07-25,17.95037269592285,39.392356872558594,439.900634765625
2023-07-26,17.864120483398438,39.40608215332031,439.9682922363281
2023-07-27,17.442434310913086,39.154476165771484,437.05126953125
2023-07-28,17.423267364501953,39.27342224121094,441.3301696777344
2023-07-31,17.519107818603516,40.01909255981445,442.1704406738281
2023-08-01,17.269927978515625,39.83153533935547,440.9051513671875
2023-08-02,16.56072998046875,39.310020446777344,434.7718505859375
2023-08-03,16.51280975341797,39.70801544189453,433.52581787109375
2023-08-04,16.38822364807129,39.762908935546875,431.5650329589844
2023-08-07,16.301969528198242,39.80865478515625,435.33197021484375
2023-08-08,16.282800674438477,40.00535583496094,433.4388732910156
2023-08-09,16.44572639465332,40.508583068847656,430.54119873046875
2023-08-10,16.23488426208496,40.50400161743164,430.6957702636719
2023-08-11,16.158212661743164,41.126155853271484,430.4446716308594
2023-08-14,16.14862823486328,40.95231628417969,432.82073974609375
2023-08-15,15.669442176818848,40.10143280029297,427.7789001464844
2023-08-16,15.496932983398438,39.753761291503906,424.6397399902344
2023-08-17,15.305258750915527,40.229522705078125,421.404052734375
2023-08-18,15.295674324035645,40.62751388549805,421.60687255859375
2023-08-21,15.266923904418945,40.371337890625,424.34991455078125
2023-08-22,15.219003677368164,40.06026077270508,423.2005310058594
2023-08-23,15.468180656433105,39.959617614746094,427.9140625
2023-08-24,15.199836730957031,39.685142517089844,421.9835510253906
2023-08-25,15.372346878051758,40.06941223144531,424.9584655761719
2023-08-28,15.420263290405273,40.339317321777344,427.6532287597656
2023-08-29,15.851534843444824,40.44910430908203,433.83489990234375
2023-08-30,15.50651741027832,40.650390625,435.62176513671875
2023-08-31,15.410679817199707,40.67784118652344,434.9842529296875
2023-09-01,15.401095390319824,41.51042556762695,435.7956237792969
2023-09-05,15.16150188446045,41.730010986328125,433.91217041015625
2023-09-06,14.902740478515625,41.748313903808594,430.99517822265625
2023-09-07,14.797319412231445,41.7071418762207,429.6719970703125
2023-09-08,14.806903839111328,42.10970687866211,430.319091796875
2023-09-11,14.883572578430176,41.55617141723633,433.1491394042969
2023-09-12,14.979411125183105,42.53515625,430.7731018066406
2023-09-13,14.845237731933594,42.21492004394531,431.27532958984375
2023-09-14,15.209420204162598,42.708984375,434.9939270019531
2023-09-15,14.998578071594238,42.09140396118164,429.75311279296875
2023-09-18,14.787735939025879,42.44810104370117,430.0050354003906
2023-09-19,14.845237731933594,42.05177307128906,429.11328125
2023-09-20,14.873990058898926,41.660057067871094,425.16827392578125
2023-09-21,14.58647632598877,41.088619232177734,418.14093017578125
2023-09-22,14.461888313293457,41.15774154663086,417.2007141113281
2023-09-25,14.356466293334961,41.67388916015625,418.95513916015625
2023-09-26,14.068954467773438,41.43424987792969,412.8001708984375
2023-09-27,13.982699394226074,42.46653366088867,412.96490478515625
2023-09-28,14.011451721191406,42.51261901855469,415.3591003417969
2023-09-29,14.011451721191406,41.655452728271484,414.3510437011719
2023-10-02,13.474761009216309,40.8259391784668,414.186279296875
2023-10-03,13.100995063781738,40.79828643798828,408.6419982910156
2023-10-04,13.177664756774902,39.51715087890625,411.6176452636719
2023-10-05,13.04349136352539,39.27290725708008,411.4625549316406
2023-10-06,13.244750022888184,39.5079345703125,416.3478088378906
2023-10-09,13.244750022888184,40.8259391784668,419.0132751464844
2023-10-10,13.752691268920898,40.87663269042969,421.1941833496094
2023-10-11,13.886862754821777,40.35127639770508,422.9195251464844
2023-10-12,13.541847229003906,40.397361755371094,420.34124755859375
2023-10-13,13.417258262634277,41.286773681640625,418.24761962890625
2023-10-16,13.618517875671387,41.56328201293945,422.6481628417969
2023-10-17,13.704771995544434,41.99646759033203,422.62872314453125
2023-10-18,13.35975456237793,42.37897491455078,416.9971618652344
2023-10-19,13.13932991027832,42.305240631103516,413.333251953125
2023-10-20,12.746395111083984,41.59554672241211,408.2541809082031
2023-10-23,12.68889331817627,40.92272186279297,407.5466003417969
2023-10-24,12.928486824035645,40.34666442871094,410.6192321777344
2023-10-25,12.660141944885254,40.27293395996094,404.72601318359375
2023-10-26,12.755979537963867,39.95956039428711,399.8795471191406
2023-10-27,12.353461265563965,39.001007080078125,398.0670166015625
2023-10-30,12.32470989227295,39.130043029785156,402.826171875
2023-10-31,12.468467712402344,39.25907897949219,405.3560791015625
2023-11-01,12.334293365478516,39.16690444946289,409.6790771484375
2023-11-02,12.765563011169434,40.35127639770508,417.53033447265625
2023-11-03,13.100995063781738,39.94573974609375,421.339599609375
2023-11-06,12.918903350830078,39.49410629272461,422.3088684082031
2023-11-07,12.842232704162598,38.618507385253906,423.51080322265625
2023-11-08,12.650557518005371,38.13462448120117,423.8209533691406
2023-11-09,12.525968551635742,38.01941680908203,420.51568603515625
2023-11-10,12.468467712402344,38.438777923583984,427.0777893066406
2023-11-13,12.468467712402344,38.71528244018555,426.670654296875
2023-11-14,13.407674789428711,39.06092071533203,434.9483642578125
2023-11-15,13.474761009216309,38.987178802490234,435.86920166015625
2023-11-16,13.321420669555664,38.22678756713867,436.4023742675781
2023-11-17,13.407674789428711,39.02865982055664,436.94512939453125
2023-11-20,13.656852722167969,39.08395767211914,440.30859375
2023-11-21,13.388507843017578,38.99639892578125,439.3489074707031
2023-11-22,13.340587615966797,38.97796630859375,441.0451965332031
2023-11-24,13.302253723144531,39.139259338378906,441.31658935546875
2023-11-27,13.196832656860352,39.001007080078125,440.5218200683594
2023-11-28,13.369338989257812,39.01021957397461,440.9579772949219
2023-11-29,13.51309585571289,38.71989440917969,440.6477966308594
2023-11-30,13.618517875671387,38.97796630859375,442.3828430175781
2023-12-01,13.982699394226074,39.18073272705078,444.99993896484375
2023-12-04,13.934781074523926,39.001007080078125,442.66387939453125
2023-12-05,13.791025161743164,38.318965911865234,442.5766296386719
2023-12-06,13.618517875671387,37.747520446777344,440.7932434082031
2023-12-07,13.656852722167969,37.48945236206055,444.1566467285156
2023-12-08,13.50351333618164,37.894996643066406,446.0661315917969
2023-12-11,13.541847229003906,37.941070556640625,447.8011474609375
2023-12-12,13.311837196350098,37.42032241821289,449.8463439941406
2023-12-13,13.886862754821777,37.941070556640625,456.0498046875
2023-12-14,14.557724952697754,39.056304931640625,457.5134582519531
2023-12-15,14.66314697265625,38.84893035888672,456.7601623535156
2023-12-18,14.461888313293457,39.16624450683594,459.3294372558594
2023-12-19,14.854822158813477,39.63616180419922,462.1225280761719
2023-12-20,14.384360313415527,39.26860046386719,455.7187805175781
2023-12-21,14.848058700561523,39.422142028808594,460.0398864746094
2023-12-22,14.86738109588623,39.53845977783203,460.9644470214844
2023-12-26,15.0702486038208,39.87809753417969,462.91082763671875
2023-12-27,15.108891487121582,39.70130157470703,463.7478332519531
2023-12-28,15.195834159851074,39.0964469909668,463.9229736328125
2023-12-29,15.041268348693848,39.00804901123047,462.5799560546875
2024-01-02,14.86738109588623,39.42679214477539,459.9912109375
2024-01-03,14.529264450073242,40.06886291503906,456.2345886230469
2024-01-04,14.345717430114746,39.36630630493164,454.7650451660156
2024-01-05,14.297415733337402,39.39887237548828,455.3879089355469
2024-01-08,14.39401912689209,38.94291305541992,461.8890380859375
2024-01-09,14.345717430114746,38.31945037841797,461.18829345703125
2024-01-10,14.345717430114746,37.942588806152344,463.7964782714844
2024-01-11,14.152509689331055,38.04030227661133,463.5921630859375
2024-01-12,14.046243667602539,38.46833801269531,463.9132385253906
2024-01-16,13.55356216430664,37.55176544189453,462.2101745605469
2024-01-17,13.244431495666504,37.24003219604492,459.6408996582031
2024-01-18,13.302392959594727,37.179542541503906,463.7283630371094
2024-01-19,13.292733192443848,37.30051040649414,469.5092468261719
2024-01-22,13.427978515625,37.440093994140625,470.501953125
2024-01-23,13.592205047607422,37.519195556640625,471.8741760253906
2024-01-24,13.466618537902832,38.05426025390625,472.3899841308594
2024-01-25,13.524582862854004,38.910335540771484,474.9593200683594
2024-01-26,13.39899730682373,39.19881057739258,474.35589599609375
2024-01-29,13.592205047607422,39.142974853515625,478.1125183105469
2024-01-30,13.389335632324219,39.547760009765625,477.7427062988281
2024-01-31,13.341035842895508,38.8079833984375,469.9472351074219
2024-02-01,13.766093254089355,38.8033332824707,476.0980224609375
2024-02-02,13.505260467529297,38.859161376953125,481.1100158691406
2024-02-05,13.205789566040039,38.76145553588867,479.3582458496094
2024-02-06,13.437638282775879,38.887081146240234,480.7499694824219
2024-02-07,13.775753021240234,38.96617889404297,484.75958251953125
2024-02-08,13.698471069335938,39.36630630493164,484.9737243652344
2024-02-09,13.901338577270508,38.76145553588867,487.7765808105469
2024-02-12,14.142849922180176,39.189510345458984,487.5624694824219
2024-02-13,13.640506744384766,38.79401779174805,480.84722900390625
2024-02-14,14.017264366149902,38.75680160522461,485.21697998046875
2024-02-15,14.229792594909668,39.836219787597656,488.56488037109375
2024-02-16,14.017264366149902,39.81296157836914,486.1318664550781
2024-02-20,13.824054718017578,39.450050354003906,483.45550537109375
2024-02-21,13.669487953186035,40.1898307800293,483.89337158203125
2024-02-22,13.360355377197266,40.259620666503906,493.9078674316406
2024-02-23,13.215449333190918,39.994415283203125,494.2485046386719
2024-02-26,13.225109100341797,40.13399887084961,492.43829345703125
2024-02-27,13.360355377197266,39.96184539794922,493.35308837890625
2024-02-28,13.215449333190918,39.88275146484375,492.7010803222656
2024-02-29,13.437638282775879,40.07815933227539,494.4722900390625
2024-03-01,13.650168418884277,40.54343795776367,499.11456298828125
2024-03-04,13.437638282775879,40.11073684692383,498.5792541503906
2024-03-05,13.39899730682373,40.408504486083984,493.5964660644531
2024-03-06,13.601866722106934,40.53413391113281,496.09759521484375
2024-03-07,13.785414695739746,40.87842559814453,501.02203369140625
2024-03-08,13.853036880493164,41.02266311645508,498.0148010253906
2024-03-11,13.833715438842773,41.4460563659668,497.5866394042969
2024-03-12,13.466618537902832,41.38091278076172,502.9393615722656
2024-03-13,13.234769821166992,42.041595458984375,502.15093994140625
2024-03-14,13.05122184753418,42.47429275512695,501.1582946777344
2024-03-15,12.964278221130371,42.59991455078125,497.71710205078125
2024-03-18,13.031901359558105,42.747188568115234,500.6750183105469
2024-03-19,12.964278221130371,43.23497772216797,503.4573974609375
2024-03-20,13.254091262817383,43.17401123046875,508.1139831542969
2024-03-21,13.27341079711914,43.43197250366211,509.7932434082031
2024-03-22,13.225109100341797,43.338165283203125,508.82672119140625
2024-03-25,13.109183311462402,43.74153518676758,507.4208679199219
2024-03-26,13.012579917907715,43.403831481933594,506.48370361328125
2024-03-27,13.514922142028809,43.80719757080078,510.7400207519531
2024-03-28,13.505260467529297,44.280914306640625,510.64251708984375
2024-04-01,13.495601654052734,44.60922622680664,509.75408935546875
2024-04-02,13.27341079711914,45.233036041259766,506.5130920410156
2024-04-03,13.360355377197266,45.5425910949707,507.06939697265625
2024-04-04,13.350693702697754,45.51445007324219,500.8800964355469
2024-04-05,13.205789566040039,46.00224304199219,506.11273193359375
2024-04-08,13.302392959594727,45.711448669433594,506.3958435058594
2024-04-09,13.717789649963379,45.72551727294922,506.98162841796875
2024-04-10,13.341035842895508,45.86623001098633,501.9051208496094
2024-04-11,13.408658027648926,45.83339309692383,505.6929931640625
2024-04-12,13.07054328918457,45.08763885498047,498.71282958984375
2024-04-15,12.780729293823242,44.6655158996582,492.4649353027344
2024-04-16,12.616503715515137,44.276222229003906,491.5666809082031
2024-04-17,12.72276782989502,44.14958953857422,488.6575622558594
2024-04-18,12.655144691467285,44.0135612487793,487.6520080566406
2024-04-19,12.577861785888672,44.54357147216797,483.3956298828125
2024-04-22,12.684126853942871,44.8343620300293,487.8472595214844
2024-04-23,12.809711456298828,45.082950592041016,493.6363830566406
2024-04-24,12.69378662109375,45.11577606201172,493.4020690917969
2024-04-25,12.635824203491211,45.3221549987793,491.5276794433594
2024-04-26,12.780729293823242,44.90471649169922,496.18438720703125
2024-04-29,12.973938941955566,45.20958709716797,497.941650390625
2024-04-30,12.780729293823242,43.86347198486328,490.0535888671875
2024-05-01,12.80005168914795,43.16462326049805,488.4623107910156
2024-05-02,13.060882568359375,43.413211822509766,493.0311584472656
2024-05-03,13.379676818847656,43.41790008544922,499.14239501953125
2024-05-06,13.437638282775879,43.76029586791992,504.29693603515625
2024-05-07,13.485940933227539,43.71807861328125,504.8534240722656
2024-05-08,13.379676818847656,43.66648864746094,504.9021911621094
2024-05-09,13.476280212402344,44.252769470214844,507.8113708496094
2024-05-10,13.370015144348145,44.008880615234375,508.46551513671875
2024-05-13,13.408658027648926,43.89161682128906,508.5338439941406
2024-05-14,13.63084602355957,43.947906494140625,510.8670349121094
2024-05-15,13.804734230041504,44.04640197753906,517.193115234375
2024-05-16,13.766093254089355,43.92445373535156,516.1290283203125
2024-05-17,13.67914867401123,44.538875579833984,516.8709716796875
2024-05-20,13.669487953186035,44.24808120727539,517.4664306640625
2024-05-21,13.785414695739746,44.032325744628906,518.7355346679688
2024-05-22,14.287755012512207,43.18808364868164,517.2420043945312
2024-05-23,14.075224876403809,42.79409408569336,513.4638671875
2024-05-24,14.413341522216797,42.85506820678711,516.8612060546875
2024-05-28,14.567906379699707,43.29595184326172,517.222412109375
2024-05-29,14.326396942138672,42.531436920166016,513.6004638671875
2024-05-30,14.529264450073242,42.65338897705078,510.19342041015625
2024-05-31,14.46164321899414,43.7133903503418,514.8404541015625
2024-06-03,14.567906379699707,42.56895446777344,515.2601318359375
2024-06-04,14.432660102844238,42.1609001159668,515.8361206054688
2024-06-05,14.54858684539795,42.156211853027344,521.9668579101562
2024-06-06,14.403679847717285,42.37665557861328,521.9570922851562
2024-06-07,14.03658390045166,42.20780563354492,521.3226318359375
2024-06-10,14.278094291687012,42.52674865722656,522.933349609375
2024-06-11,14.322822570800781,42.44232177734375,524.1927490234375
2024-06-12,14.458953857421875,41.98736572265625,528.4979858398438
2024-06-13,14.264481544494629,41.60276412963867,529.5620727539062
2024-06-14,13.943603515625,41.293209075927734,529.8842163085938
2024-06-17,13.729684829711914,41.40108108520508,534.1016235351562
2024-06-18,13.74913215637207,41.574623107910156,535.45849609375
2024-06-20,13.564384460449219,42.339134216308594,534.0039672851562
2024-06-21,13.525489807128906,42.09524154663086,533.2880249023438
2024-06-24,13.661620140075684,43.15666198730469,531.5545043945312
2024-06-25,13.408806800842285,43.255950927734375,533.6015014648438
2024-06-26,13.331018447875977,42.8304328918457,534.2673950195312
2024-06-27,13.389360427856445,42.929725646972656,535.1097412109375
2024-06-28,12.951798439025879,43.0952033996582,533.0039672851562
2024-07-01,12.942076683044434,43.118839263916016,534.1009521484375
2024-07-02,12.893458366394043,43.08574295043945,537.6953735351562
2024-07-03,13.214334487915039,43.274864196777344,540.0948486328125
2024-07-05,13.233782768249512,42.59877014160156,543.2093505859375
2024-07-08,13.321294784545898,42.33873748779297,543.8360595703125
2024-07-09,13.321294784545898,41.9652214050293,544.3650512695312
2024-07-10,13.476872444152832,42.248897552490234,549.7515869140625
2024-07-11,13.846367835998535,42.6885986328125,545.01123046875
2024-07-12,14.01166820526123,42.797340393066406,548.4490356445312
2024-07-15,13.467148780822754,43.445068359375,549.9573364257812
2024-07-16,13.700514793395996,43.638916015625,553.2185668945312
2024-07-17,13.418530464172363,44.07388687133789,545.4618530273438
2024-07-18,13.369912147521973,44.154266357421875,541.27001953125
2024-07-19,13.29212474822998,43.67201232910156,537.6757202148438
2024-07-22,13.447701454162598,43.39779281616211,543.2191162109375
2024-07-23,13.350464820861816,42.70751190185547,542.366943359375
2024-07-24,13.535213470458984,42.71223831176758,530.0756225585938
2024-07-25,13.544938087463379,43.449806213378906,527.313720703125
2024-07-26,13.719961166381836,43.586910247802734,533.219482421875
2024-07-29,13.603278160095215,43.213401794433594,533.5328369140625
2024-07-30,13.544938087463379,43.884769439697266,530.829833984375
2024-07-31,13.758854866027832,44.06916046142578,539.4581909179688
2024-08-01,13.59355354309082,42.90135192871094,531.8189086914062
2024-08-02,13.554659843444824,41.795021057128906,521.9173583984375
2024-08-05,13.107376098632812,40.873069763183594,506.7171325683594
2024-08-06,13.175440788269043,41.123653411865234,511.388916015625
2024-08-07,13.301847457885742,41.28913497924805,507.9707336425781
2024-08-08,13.525489807128906,42.177982330322266,519.7136840820312
2024-08-09,13.467148780822754,42.272544860839844,522.0054321289062
2024-08-12,13.43797779083252,42.48057556152344,522.27978515625
2024-08-13,13.768579483032227,42.06924057006836,530.8689575195312
2024-08-14,13.671344757080078,42.315086364746094,532.543701171875
2024-08-15,13.797748565673828,42.820980072021484,541.671630859375
2024-08-16,13.778302192687988,42.773704528808594,542.8860473632812
2024-08-19,13.972773551940918,43.062110900878906,548.0767211914062
2024-08-20,13.8171968460083,41.92740249633789,547.185546875
2024-08-21,13.875539779663086,41.998321533203125,549.0660400390625
2024-08-22,13.661620140075684,42.1070556640625,544.7567138671875
2024-08-23,14.050562858581543,42.735877990722656,550.5447998046875
2024-08-26,14.01166820526123,43.118839263916016,549.2324829101562
2024-08-27,13.953327178955078,42.71696472167969,549.9866333007812
2024-08-28,13.875539779663086,42.44274139404297,546.7937622070312
2024-08-29,13.788026809692383,42.99591827392578,546.8427734375
2024-08-30,13.894986152648926,43.15666198730469,552.06298828125
2024-09-03,13.525489807128906,42.08342361450195,540.7020263671875
2024-09-04,13.700514793395996,41.50188446044922,539.5952758789062
2024-09-05,13.788026809692383,41.18038558959961,538.2828979492188
2024-09-06,13.50604248046875,40.6650390625,529.2235717773438
2024-09-09,13.486595153808594,40.95817565917969,535.1488647460938
2024-09-10,13.496319770812988,40.25370788574219,537.4797973632812
2024-09-11,13.972773551940918,39.88019943237305,542.9937744140625
2024-09-12,13.875539779663086,40.239524841308594,547.5675659179688
2024-09-13,14.050562858581543,40.466461181640625,550.4273681640625
2024-09-16,14.147798538208008,40.9298095703125,551.2402954101562
2024-09-17,14.254758834838867,41.48297882080078,551.4656372070312
2024-09-18,14.20613956451416,41.563350677490234,549.8300170898438
2024-09-19,14.128351211547852,42.059776306152344,559.2124633789062
2024-09-20,13.972773551940918,41.9652214050293,558.245849609375
2024-09-23,14.079733848571777,42.483394622802734,559.6408081054688
2024-09-24,14.20613956451416,42.37852096557617,561.2421264648438
2024-09-25,14.050562858581543,41.549068450927734,560.0042724609375
2024-09-26,14.283927917480469,40.73391342163086,562.2245483398438
2024-09-27,14.361717224121094,41.5633659362793,561.4091796875
2024-09-30,14.283927917480469,41.854156494140625,563.6588134765625
2024-10-01,14.099181175231934,42.807552337646484,558.6093139648438
2024-10-02,13.972773551940918,43.246116638183594,558.8451538085938
2024-10-03,13.8171968460083,44.00883483886719,557.8233642578125
2024-10-04,13.768579483032227,44.418792724609375,562.892578125
2024-10-07,13.758854866027832,44.576107025146484,557.8037109375
2024-10-08,13.57410717010498,43.4129524230957,563.0792846679688
2024-10-09,13.535213470458984,43.67514419555664,566.9793701171875
2024-10-10,13.204611778259277,43.97069549560547,565.9871215820312
2024-10-11,13.331018447875977,44.24241256713867,569.3763427734375
2024-10-14,13.272677421569824,44.22334671020508,574.0328979492188
2024-10-15,13.010140419006348,42.798011779785156,569.5728149414062
2024-10-16,13.175440788269043,43.002994537353516,572.0484008789062
2024-10-17,13.039311408996582,43.207977294921875,572.0975952148438
2024-10-18,13.0684814453125,43.06496810913086,574.2981567382812
2024-10-21,12.98097038269043,42.93626022338867,573.35498046875
2024-10-22,12.951798439025879,43.03636932373047,573.050537109375
2024-10-23,12.728157043457031,42.812313079833984,567.8143310546875
2024-10-24,12.75732707977295,42.807552337646484,569.0423583984375
2024-10-25,12.796221733093262,42.79324722290039,568.8458251953125
2024-10-28,12.922627449035645,42.52153015136719,570.6043701171875
2024-10-29,12.698986053466797,41.87322235107422,571.52783203125
2024-10-30,12.747603416442871,41.96856689453125,569.798828125
2024-10-31,12.73788070678711,42.23074722290039,558.6289672851562
2024-11-01,12.786498069763184,41.96379089355469,560.9867553710938
2024-11-04,13.078205108642578,42.69791030883789,559.7782592773438
2024-11-05,13.126823425292969,42.98392868041992,566.547119140625
2024-11-06,12.164189338684082,44.59994125366211,580.6347045898438
2024-11-07,12.3197660446167,44.39495849609375,585.1240844726562
2024-11-08,12.0377836227417,44.69050979614258,587.6588134765625
2024-11-11,11.989164352416992,44.94316101074219,588.2186279296875
2024-11-12,11.678010940551758,44.704811096191406,586.3914794921875
2024-11-13,11.639117240905762,45.05280303955078,586.6763916015625
2024-11-14,11.872483253479004,45.22441482543945,582.9039306640625
2024-11-15,11.755800247192383,45.157676696777344,575.4376831054688
2024-11-18,11.804417610168457,45.7583122253418,577.7954711914062
2024-11-19,11.726629257202148,45.467529296875,579.9075927734375
2024-11-20,11.746075630187988,45.92515563964844,580.1041259765625
2024-11-21,11.687735557556152,46.29698181152344,583.2183227539062
2024-11-22,11.784969329833984,46.36848831176758,585.0259399414062
2024-11-25,11.998888969421387,45.45322799682617,587.0103759765625
2024-11-26,11.911376953125,45.39125442504883,590.075439453125
2024-11-27,12.008611679077148,45.34359359741211,588.2874145507812
2024-11-29,12.047507286071777,45.53903579711914,591.9419555664062
2024-12-02,12.08640193939209,45.05756759643555,593.0030517578125
2024-12-03,11.998888969421387,45.05280303955078,593.2779541015625
2024-12-04,11.804417610168457,43.9659309387207,596.9619750976562
2024-12-05,11.814140319824219,44.13753890991211,595.9796142578125
2024-12-06,11.765522956848145,43.389122009277344,597.109375
2024-12-09,11.998888969421387,43.31761932373047,594.034423828125
2024-12-10,11.84331226348877,43.02206802368164,592.1875
2024-12-11,11.84331226348877,43.093570709228516,596.7655639648438
2024-12-12,11.64884090423584,42.74557876586914,593.6906127929688
2024-12-13,11.64884090423584,42.531070709228516,593.57275390625
2024-12-16,11.483540534973145,41.596736907958984,596.1073608398438
2024-12-17,11.546378135681152,41.28688049316406,593.6512451171875
2024-12-18,11.183098793029785,40.06653594970703,575.9584350585938
2024-12-19,11.14382553100586,39.718544006347656,575.7815551757812
2024-12-20,11.310736656188965,40.10943603515625,582.697265625
2024-12-23,11.389284133911133,40.3449821472168,586.1866455078125
2024-12-24,11.428557395935059,40.68627166748047,592.7020263671875
2024-12-26,11.389284133911133,40.65262222290039,592.7416381835938
2024-12-27,11.320554733276367,40.64781951904297,586.5020751953125
2024-12-30,11.222372055053711,40.64301300048828,579.8091430664062
2024-12-31,11.173280715942383,41.17659378051758,577.69970703125
2025-01-02,11.389284133911133,41.65728759765625,576.2802734375
2025-01-03,11.438374519348145,42.046653747558594,583.48583984375
2025-01-06,11.50710391998291,41.854366302490234,586.8470458984375
2025-01-07,11.605286598205566,42.27257537841797,580.2132568359375
2025-01-08,11.320554733276367,42.31584167480469,581.0609741210938
2025-01-10,11.016186714172363,42.4888916015625,572.189697265625
2025-01-13,10.967095375061035,43.38298797607422,573.0768432617188
2025-01-14,11.035822868347168,43.84926986694336,573.8653564453125
2025-01-15,11.163461685180664,44.49821090698242,584.303955078125
2025-01-16,11.192915916442871,44.820274353027344,583.1802368164062
2025-01-17,11.232189178466797,45.1663818359375,589.0353393554688
2025-01-21,11.124188423156738,44.93564987182617,594.4271240234375
2025-01-22,10.839455604553223,44.11846160888672,597.7686157226562
2025-01-23,10.98673152923584,44.32034683227539,601.03125
2025-01-24,10.967095375061035,43.89252853393555,599.2766723632812
2025-01-27,10.937640190124512,43.43587112426758,590.7998046875
2025-01-28,10.868910789489746,43.02246856689453,595.8760986328125
2025-01-29,11.006367683410645,43.11859893798828,593.2048950195312
2025-01-30,11.20273494720459,43.339725494384766,596.388671875
2025-01-31,11.163461685180664,42.12836837768555,593.2146606445312
2025-02-03,11.035822868347168,42.39275360107422,589.2225952148438
2025-02-04,11.163461685180664,43.28204345703125,593.17529296875
2025-02-05,11.212553024291992,43.37337875366211,595.580322265625
2025-02-06,11.222372055053711,42.57542037963867,597.6503295898438
2025-02-07,11.04564094543457,42.57060623168945,592.1797485351562
2025-02-10,11.02600383758545,43.507972717285156,596.2012939453125
2025-02-11,10.91800308227539,43.858882904052734,596.6548461914062
2025-02-12,10.89836597442627,42.80134582519531,594.732666015625
2025-02-13,11.016186714172363,43.1234130859375,601.0115356445312
2025-02-14,11.124188423156738,43.29646301269531,600.9820556640625
2025-02-18,11.14382553100586,43.887725830078125,602.746337890625
2025-02-19,11.183098793029785,44.23382568359375,604.165771484375
2025-02-20,11.310736656188965,44.63761520385742,601.65234375
2025-02-21,11.153643608093262,43.70986557006836,591.3615112304688
2025-02-24,11.192915916442871,43.71947479248047,588.6705932617188
2025-02-25,11.300918579101562,43.08976364135742,585.7430419921875
2025-02-26,11.340192794799805,42.8446044921875,586.0387573242188
2025-02-27,10.996549606323242,43.07534408569336,576.6844482421875
2025-02-28,10.908184051513672,43.74351501464844,585.683837890625
2025-03-03,10.741272926330566,42.21489715576172,575.4227905273438
2025-03-04,10.92782211303711,41.80630111694336,568.6116333007812
2025-03-05,11.084914207458496,41.19581604003906,574.722900390625
2025-03-06,11.065278053283691,41.32079315185547,564.5209350585938
2025-03-07,11.310736656188965,42.02742004394531,567.6849975585938
2025-03-10,11.242008209228516,42.339874267578125,552.5643920898438
2025-03-11,11.369647026062012,42.00338363647461,547.9710083007812
2025-03-12,11.281281471252441,42.19566345214844,550.8788452148438
2025-03-13,11.281281471252441,41.90724563598633,543.5353393554688
2025-03-14,11.369647026062012,43.1474494934082,554.762451171875
2025-03-17,11.644559860229492,43.83484649658203,559.0404663085938
2025-03-18,11.57583236694336,43.906951904296875,552.9981079101562
2025-03-19,11.634742736816406,44.623191833496094,559.020751953125
2025-03-20,11.57583236694336,44.78662872314453,557.4041137695312
2025-03-21,11.50710391998291,44.47417068481445,557.5880126953125
2025-03-24,11.369647026062012,44.98090362548828,567.5736083984375
2025-03-25,11.467830657958984,45.16499710083008,568.93798828125
2025-03-26,11.320554733276367,45.43144226074219,562.1458740234375
2025-03-27,11.320554733276367,44.990596771240234,560.6529541015625
2025-03-28,11.320554733276367,44.77743911743164,549.3623657226562
2025-03-31,11.212553024291992,45.271575927734375,553.0501098632812
2025-04-01,11.281281471252441,45.538021087646484,554.6121215820312
2025-04-02,11.340192794799805,45.60099792480469,558.1220092773438
2025-04-03,11.47764778137207,42.02093505859375,530.6171875
2025-04-04,10.888547897338867,38.15504837036133,499.5533447265625
2025-04-07,10.55472469329834,37.907981872558594,498.6635437011719
2025-04-08,10.368176460266113,37.031131744384766,490.8531188964844
2025-04-09,10.888547897338867,39.8990592956543,542.4022216796875
2025-04-10,10.711817741394043,37.29273223876953,518.6345825195312
2025-04-11,11.084914207458496,38.21802520751953,527.8884887695312
2025-04-14,11.183098793029785,38.35367202758789,533.009765625
2025-04-15,11.163461685180664,38.29553985595703,531.5169067382812
2025-04-16,11.11436939239502,38.61042785644531,519.7023315429688
2025-04-17,11.310736656188965,39.4824333190918,520.44384765625
2025-04-21,11.261645317077637,38.4505615234375,508.0558776855469
2025-04-22,11.497284889221191,39.429141998291016,521.2743530273438
2025-04-23,11.281281471252441,39.35647964477539,529.3516845703125
2025-04-24,11.526741027832031,39.98625564575195,540.4940185546875
2025-04-25,11.634742736816406,39.91359329223633,544.3992919921875
2025-04-28,11.713289260864258,40.1945686340332,544.6068725585938
2025-04-29,11.703470230102539,40.07830810546875,548.03759765625
2025-04-30,11.556196212768555,38.997989654541016,548.2550659179688
2025-05-01,11.526741027832031,39.1433219909668,552.1405029296875
2025-05-02,11.624923706054688,39.714969635009766,560.3365478515625
2025-05-05,11.546378135681152,38.997989654541016,557.1233520507812
2025-05-06,11.654378890991211,39.00767517089844,552.4667358398438
2025-05-07,11.605286598205566,39.022212982177734,554.7901611328125
2025-05-08,11.742744445800781,39.53572082519531,558.6558227539062
2025-05-09,11.958748817443848,39.9329719543457,557.9439697265625
2025-05-12,12.125659942626953,40.97453308105469,576.3826904296875
2025-05-13,12.57730484008789,41.551021575927734,580.1890258789062
2025-05-14,12.695123672485352,41.29911422729492,580.9305419921875
2025-05-15,12.763853073120117,41.4735107421875,583.7679443359375
2025-05-16,12.724578857421875,41.41053771972656,587.4655151367188
2025-05-19,12.596940994262695,40.872798919677734,588.108154296875
2025-05-20,12.754034042358398,40.49492645263672,586.130859375
2025-05-21,12.54784870147705,39.74888229370117,576.2540893554688
2025-05-22,12.233661651611328,39.59385681152344,576.4815063476562
2025-05-23,12.322026252746582,39.719810485839844,572.5465698242188
2025-05-27,12.380936622619629,40.06377029418945,584.4501953125
2025-05-28,12.3318452835083,39.55510330200195,581.0689086914062
2025-05-29,12.380936622619629,39.850616455078125,583.3626098632812
2025-05-30,12.439846992492676,39.49696731567383,582.7101440429688
2025-06-02,12.361300468444824,40.01532745361328,585.992431640625
2025-06-03,12.567485809326172,40.49008560180664,589.3341064453125
2025-06-04,12.57730484008789,39.700435638427734,589.1759033203125
2025-06-05,12.6165771484375,39.661678314208984,586.3285522460938
2025-06-06,12.714759826660156,40.40773010253906,592.3495483398438
2025-06-09,12.724578857421875,40.48523712158203,592.8834838867188
2025-06-10,12.891490936279297,41.207061767578125,596.244873046875
2025-06-11,12.999492645263672,41.80293273925781,594.54443359375
2025-06-12,13.00931167602539,41.94826889038086,596.9073486328125
2025-06-13,13.058403015136719,42.679779052734375,590.2338256835938
2025-06-16,13.207244873046875,42.55382537841797,595.8494262695312
2025-06-17,12.631721496582031,42.95107650756836,590.7578735351562
2025-06-18,12.601953506469727,42.67009353637695,590.6688232421875
2025-06-20,12.53249454498291,43.10609817504883,589.2816162109375
2025-06-23,12.601953506469727,42.01601791381836,595.1022338867188
2025-06-24,12.859946250915527,41.46902084350586,601.6764526367188
2025-06-25,12.800409317016602,41.2883186340332,602.0136108398438
2025-06-26,13.008788108825684,41.87926483154297,606.7236938476562
2025-06-27,12.91948413848877,41.659488677978516,609.7380981445312
2025-06-30,13.008788108825684,41.42018127441406,612.6533813476562
2025-07-01,13.117939949035645,41.737632751464844,612.455078125
2025-07-02,13.326318740844727,42.45556640625,615.2315063476562
2025-07-03,13.723230361938477,42.50440216064453,620.0803833007812
2025-07-07,13.475159645080566,42.09415817260742,615.4595947265625
2025-07-08,13.366009712219238,43.22721481323242,615.1224365234375
2025-07-09,13.49500560760498,43.00743865966797,618.8110961914062
2025-07-10,13.445391654968262,43.33466339111328,620.5563354492188
2025-07-11,13.266780853271484,43.5300178527832,618.3748168945312
2025-07-14,13.286626815795898,43.05139923095703,619.5547485351562
2025-07-15,13.395777702331543,42.43114471435547,616.9072875976562
2025-07-16,13.356086730957031,42.06485366821289,618.9697265625
2025-07-17,13.336240768432617,42.323699951171875,622.757568359375
2025-07-18,13.475159645080566,41.98182678222656,622.301513671875
2025-07-21,13.63392448425293,41.547157287597656,623.4815063476562
2025-07-22,13.872071266174316,41.74251937866211,623.5707397460938
2025-07-23,13.832380294799805,42.39695739746094,628.8757934570312
2025-07-24,13.812535285949707,42.69976043701172,629.083984375
2025-07-25,13.862149238586426,42.53858947753906,631.7413940429688
2025-07-28,13.693461418151855,43.0220947265625,631.582763671875
2025-07-29,13.624001502990723,43.44210433959961,629.9169311523438
2025-07-30,13.445391654968262,42.82185745239258,629.1236572265625
2025-07-31,13.306472778320312,42.59231185913086,626.763671875
2025-08-01,13.425545692443848,41.801124572753906,616.4907836914062
2025-08-04,13.46523666381836,41.70832824707031,625.8612670898438
2025-08-05,13.485082626342773,41.76205062866211,622.688232421875
2025-08-06,13.49500560760498,41.37622833251953,627.457763671875
2025-08-07,13.604156494140625,41.21506118774414,626.9321899414062
2025-08-08,13.584310531616211,41.478790283203125,631.82080078125
2025-08-11,13.425545692443848,41.14668273925781,630.5713500976562
2025-08-12,13.66369342803955,41.346923828125,637.2844848632812
2025-08-13,13.693461418151855,41.82554244995117,639.4659423828125
2025-08-14,13.554542541503906,41.78647232055664,639.5254516601562
2025-08-15,13.991146087646484,41.78647232055664,638.0281372070312
2025-08-18,14.378134727478027,41.53739547729492,637.8892822265625
2025-08-19,14.219369888305664,41.55204772949219,634.4286499023438
2025-08-20,14.27890682220459,41.8988037109375,632.742919921875
2025-08-21,14.070528030395508,42.18695068359375,630.2044677734375
2025-08-22,14.556745529174805,43.04651641845703,639.8823852539062
2025-08-25,14.27890682220459,43.15884780883789,637.0662231445312
2025-08-26,14.27890682220459,43.09047317504883,639.733642578125
2025-08-27,14.229292869567871,43.573970794677734,641.1912841796875
2025-08-28,14.407903671264648,43.90607833862305,643.4619750976562
2025-08-29,14.27890682220459,44.145381927490234,639.6245727539062
2025-09-02,14.050682067871094,44.20887756347656,634.884765625
2025-09-03,14.090373039245605,43.217445373535156,638.3256225585938
2025-09-04,14.219369888305664,43.50559997558594,643.6602783203125
2025-09-05,14.566668510437012,42.66557312011719,641.796142578125
2025-09-08,14.45751667022705,42.567893981933594,643.3727416992188
2025-09-09,14.27890682220459,42.77301788330078,644.8601684570312
2025-09-10,14.44759464263916,43.52024841308594,646.724365234375
2025-09-11,14.576590538024902,43.5300178527832,652.0988159179688
2025-09-12,14.517053604125977,43.27116775512695,651.8805541992188
2025-09-15,14.695664405822754,43.124656677246094,655.3511352539062
2025-09-16,14.775047302246094,43.847469329833984,654.4487915039062
2025-09-17,14.943734169006348,43.95003128051758,653.6357421875
2025-09-18,14.923888206481934,43.81328201293945,656.6898803710938
2025-09-19,15.052885055541992,43.23209762573242,659.9423217773438
2025-09-22,15.24141788482666,43.182350158691406,663.0645751953125
2025-09-23,15.07273006439209,43.926109313964844,659.4551391601562
2025-09-24,15.023117065429688,44.497474670410156,657.3569946289062
2025-09-25,15.042962074279785,44.896446228027344,654.3242797851562
2025-09-26,15.092576026916504,45.3101921081543,658.072998046875
2025-09-29,15.291031837463379,44.47777557373047,659.9224243164062
2025-09-30,15.360491752624512,44.00491714477539,662.4082641601562
2025-10-01,15.757403373718262,44.00491714477539,664.6654052734375
2025-10-02,15.767326354980469,43.561622619628906,665.4309692382812
2025-10-03,15.8566312789917,43.79312515258789,665.421142578125
2025-10-06,15.955859184265137,44.00984573364258,667.8074951171875
2025-10-07,15.767326354980469,44.078800201416016,665.3316040039062
2025-10-08,15.88640022277832,43.82267761230469,669.2990112304688
2025-10-09,16.015396118164062,43.226680755615234,667.3600463867188
2025-10-10,15.658175468444824,41.975589752197266,649.32275390625
2025-10-13,16.243621826171875,42.54695129394531,659.2860107421875
2025-10-14,16.293235778808594,42.542030334472656,658.4805908203125
2025-10-15,16.739761352539062,42.51740264892578,661.4039306640625
2025-10-16,16.66037940979004,42.00514221191406,656.8995971679688
2025-10-17,16.402385711669922,42.349937438964844,660.62841796875
2025-10-20,16.471845626831055,42.798160552978516,667.499267578125
2025-10-21,16.213851928710938,42.699649810791016,667.4893188476562
2025-10-22,15.995552062988281,43.24638366699219,664.0191040039062
2025-10-23,16.213851928710938,43.82267761230469,667.9566650390625
2025-10-24,16.571073532104492,43.37937545776367,673.4155883789062
2025-10-27,16.62068748474121,43.482810974121094,681.3603515625
2025-10-28,16.759605407714844,43.0296630859375,683.1700439453125
2025-10-29,17.18628692626953,43.349822998046875,683.4982299804688
2025-10-30,16.89852523803711,43.093692779541016,675.9810180664062
2025-10-31,17.166440963745117,43.40892791748047,678.1983032226562
2025-11-03,17.46412467956543,43.41385269165039,679.4711303710938
2025-11-04,17.037445068359375,42.945926666259766,671.4169921875
2025-11-05,17.96026611328125,43.0592155456543,673.7437133789062
2025-11-06,17.6328125,43.477882385253906,666.514892578125
2025-11-07,17.52366065979004,44.103431701660156,667.1710815429688
2025-11-10,17.870960235595703,44.502403259277344,677.5818481445312
2025-11-11,17.62289047241211,45.0836181640625,679.1329956054688
2025-11-12,17.52366065979004,44.453147888183594,679.5109252929688
2025-11-13,16.739761352539062,44.566436767578125,668.235107421875
2025-11-14,16.88860321044922,45.32497024536133,668.1256713867188
2025-11-17,16.670299530029297,44.497474670410156,661.901123046875
2025-11-18,16.471845626831055,44.852115631103516,656.3427734375
2025-11-19,16.432153701782227,44.27090072631836,658.8783569335938
2025-11-20,15.955859184265137,43.76849365234375,648.8355712890625
2025-11-21,15.94593620300293,44.0443229675293,655.2987670898438
2025-11-24,16.16423988342285,43.92118453979492,664.9437866210938
2025-11-25,16.303157806396484,43.645355224609375,671.1982421875
2025-11-26,16.670299530029297,43.975364685058594,675.8318481445312
2025-11-28,16.85883331298828,44.551658630371094,679.5208129882812
2025-12-01,16.422229766845703,44.98017883300781,676.41845703125
2025-12-02,16.590917587280273,44.398963928222656,677.67138671875
2025-12-03,16.51153564453125,45.23138427734375,680.0180053710938
2025-12-04,16.838987350463867,45.42348098754883,680.51513671875
2025-12-05,16.739761352539062,45.23630905151367,681.8078002929688
2025-12-08,16.571073532104492,44.743751525878906,679.7594604492188
2025-12-09,16.551227569580078,45.01958465576172,679.1727905273438
2025-12-10,16.610763549804688,45.49243927001953,683.6771850585938
2025-12-11,16.908449172973633,45.27571487426758,685.26806640625
2025-12-12,16.471845626831055,44.83241271972656,677.9000854492188
2025-12-15,16.45199966430664,44.51717758178711,676.8758544921875
2025-12-16,16.290000915527344,43.15772247314453,675.0264282226562
2025-12-17,16.0,44.11328125,667.5986938476562
2025-12-18,16.18000030517578,43.47296142578125,672.6399536132812
2025-12-19,16.440000534057617,43.47296142578125,678.7363891601562
2025-12-22,16.649999618530273,43.92301940917969,682.96484375
2025-12-23,16.540000915527344,44.21113586425781,686.0863037109375
2025-12-24,16.579999923706055,44.08198165893555,688.4996948242188
2025-12-26,16.6200008392334,43.9130859375,688.4298706054688
2025-12-29,16.520000457763672,44.33035659790039,685.9765625
2025-12-30,16.450000762939453,44.66815185546875,685.138916015625
