Date,ICLN,XLE,SPY
2018-01-03,-0.21165166004758837,1.486483993697973,0.6305234143320079
2018-01-04,-0.7442999904060174,0.6018285738438659,0.42059568750235704
2018-01-05,0.3196708057041024,-0.040004094549427674,0.6642025110606126
2018-01-08,1.4783911793289946,0.5984524743772196,0.18272540664961556
2018-01-09,-0.20986368927719853,-0.25223261293238763,0.2260801593111456
2018-01-10,-0.2102824958292426,-0.11972923116265047,-0.1531150039408637
2018-01-11,1.9802404031392138,2.028792861154116,0.7269329059511135
2018-01-12,-0.3100888891893181,0.960439477379518,0.6498024847602148
2018-01-16,-0.41489391433144557,-1.2738887017617357,-0.34240160172670114
2018-01-17,0.6217192665515697,0.8726662020197744,0.9486580394585196
2018-01-18,-0.7257568470882688,-0.8203611306157323,-0.16827739414985468
2018-01-19,0.2078780627711666,-0.13085675368503416,0.45396281927450866
2018-01-22,0.0,2.137251303524607,0.8097875845140694
2018-01-23,-0.31196821255842994,-0.15389731529454623,0.21204298044592076
2018-01-24,-0.4175595003901579,-0.2699212879875305,-0.038812026853556045
2018-01-25,0.3133162182496138,-0.7881643808464249,0.042306267522211304
2018-01-26,0.0,0.5433632819979972,1.1511703482923494
2018-01-29,-0.313316218249613,-1.521019435304356,-0.6652300451927876
2018-01-30,0.0,-2.0378922516451143,-1.0309728417146773
2018-01-31,0.10454785186167748,0.0668136281020195,0.049665756759134864
2018-02-01,-0.5238357249367572,1.0234603434676333,-0.11358965982763249
2018-02-02,-2.230552997504348,-4.268608290749998,-2.2010097463251257
2018-02-05,-3.1644990989886317,-4.285973279621266,-4.272245911960818
2018-02-06,0.8830433571593866,0.7891681979335341,1.951072911656843
2018-02-07,-0.5510009540687945,-1.6862831885708849,-0.543968581745175
2018-02-08,-2.6877260203980766,-3.0698901733321975,-3.8230574682954113
2018-02-09,0.45300193464784577,-0.07499888889317874,1.4910070905801405
2018-02-12,1.7917554240527187,1.6217197800832108,1.4577540452192947
2018-02-13,1.3230859161865303,-0.41406557223030976,0.2484254784253379
2018-02-14,1.3057739611021388,1.441798050129089,1.3406083656350545
2018-02-15,2.139107664715048,-0.2486020802618043,1.2679266591367662
2018-02-16,0.42238715938843885,-0.2492376259811874,0.02930538017213475
2018-02-20,-0.42238715938844806,-0.5446530638946223,-0.6280950349592946
2018-02-21,0.5277283172669547,-1.6969867209148388,-0.4986720370279429
2018-02-22,0.21028249582925185,1.0899796959802652,0.12952241573374443
2018-02-23,-0.6322466453023029,2.144936599315581,1.5813477046345146
2018-02-26,1.2604986744619875,0.5941796655849902,1.1545510365471927
2018-02-27,-1.472150334509586,-1.3089175951378478,-1.2564964047852385
2018-02-28,-0.8510691607297471,-2.325210825017351,-1.0181586960832167
2018-03-01,-0.6430776644577472,-0.14991929808251092,-1.464751467570454
2018-03-02,0.6430776644577452,0.46411359520292855,0.5141400164624197
2018-03-05,0.3200231578521577,1.054876079467633,1.1491701429076355
2018-03-06,0.7426976629251815,0.05909857047108898,0.25321066942289333
2018-03-07,0.21118204664651036,-0.7561579455933337,-0.03670207500692324
2018-03-08,-0.10554093075402979,-0.029732753308776175,0.48278399170430897
2018-03-09,0.7364692186870355,1.8876322895108568,1.7252545013233342
2018-03-12,0.522740402047489,-0.02920127150031709,-0.12560467398782674
2018-03-13,-0.2087683663879284,-0.7186324253854315,-0.6483481679268243
2018-03-14,0.20876836638792653,-0.5905039672980784,-0.5144738316598533
2018-03-15,0.10424328214055147,-0.5195618720182509,-0.10907705157838016
2018-03-16,-0.7318604753766415,0.887904540075911,0.10842213788373525
2018-03-19,0.5232651310711084,-1.5571762515133374,-1.3622869623961924
2018-03-20,0.8316169889609543,0.8415249301919081,0.1699285174699508
2018-03-21,0.3100888891893112,2.5848858780840063,-0.1921013625165222
2018-03-22,-1.7699579073099727,-2.06256470096175,-2.5314980554015527
2018-03-23,-1.3749443082274837,-0.6121691222627232,-2.154493902753814
2018-03-26,3.454021506618052,1.781281032824698,2.6991221362618303
2018-03-27,-1.5552414734538094,-0.946087862142584,-1.7157961425170256
2018-03-28,-0.9449003235925606,-1.9648176812776519,-0.2959063915000122
2018-03-29,0.42106459865579654,2.0835853504995976,1.2696702877752128
2018-04-02,-1.4815201644215144,-2.0230055686558153,-2.182113073602138
2018-04-03,2.318367537886743,2.1119688242094,1.2735731968485002
2018-04-04,0.9331105338447285,-0.1334705710558466,1.0642195974974824
2018-04-05,0.7198085049455056,1.7798218989316192,0.7860947710684633
2018-04-06,-1.4447913084662736,-1.8243650758724528,-2.2537924890754084
2018-04-09,1.3422687822455583,0.4740062584971846,0.4916519991161926
2018-04-10,0.6134989239362757,3.25659300452966,1.5775011881726506
2018-04-11,-0.3063008885490467,1.038747109747095,-0.5255917811058729
2018-04-12,0.5099778642408838,-0.014134865918988361,0.8193422593498099
2018-04-13,-0.9198146383890665,1.098303306651403,-0.29375047824395045
2018-04-16,-0.6179107769330439,1.0170458732613346,0.8188045064337143
2018-04-17,0.7205495156939984,0.38740470841495744,1.064170669437347
2018-04-18,0.9188535901368108,1.5618806679311967,0.07400920243090196
2018-04-19,-0.10167769050868354,0.12226416944240215,-0.5563027974552835
2018-04-20,-0.40773682185193133,-0.47634164259181,-0.851591425025691
2018-04-23,-0.8205393936794774,0.6120172553521248,-0.014942505870489594
2018-04-24,-0.7235063381306828,-1.0769385956464244,-1.3559167663985525
2018-04-25,-0.31169970874828856,0.7918421533961351,0.2468567657728914
2018-04-26,1.24095645174261,1.444465499264005,1.0114675275184815
2018-04-27,1.7321081088146715,-1.0644733337676884,0.09380953400662337
2018-04-30,-0.5063410688310839,-0.013577161610190156,-0.7720313671767698
2018-05-01,0.10146049193218365,-0.6115182498216831,0.1775464701181459
2018-05-02,-0.5083786969398444,0.4081013901667545,-0.674027251713008
2018-05-03,-0.20405984616009842,-0.23104337801150648,-0.22060876186877884
2018-05-04,0.20405984616008815,0.4886846697428105,1.2863494988088855
2018-05-07,0.5083786969398394,0.13530107645599226,0.33773507081972354
2018-05-08,-1.2245163596370794,0.7812609952662151,0.0
2018-05-09,0.9198146383890705,2.0189103739552983,0.9619658602072892
2018-05-10,1.814555217426019,0.746704387938725,0.9307061521502871
2018-05-11,-0.8024008276254208,0.1434891424804195,0.3046583844579687
2018-05-14,0.5022612266291304,0.6883494508249912,0.04763537046318906
2018-05-15,-0.30106467918536706,0.02587723291660914,-0.691093412640494
2018-05-16,0.3010646791853724,0.34878983885600773,0.41959272473564163
2018-05-17,-0.30106467918536706,1.497422455717312,-0.08446212532115306
2018-05-18,-0.8072590086128644,-0.777924451152154,-0.2503277860096421
2018-05-21,1.2084846423055982,1.0189837971912066,0.7490417648888616
2018-05-22,0.2998288901258996,-1.339514933409885,-0.2783840328628405
2018-05-23,-0.39998984463325965,-0.012900379767181145,0.2747583599653544
2018-05-24,-1.2097138951817366,-1.6578388832004833,-0.205077004809704
2018-05-25,-1.2245163596370794,-2.6332447522363602,-0.2385742500863411
2018-05-29,-1.5520010559491215,-0.30892507821966264,-1.1567757333954645
2018-05-30,1.6546397947100868,2.9813081778161816,1.325668628326141
2018-05-31,-0.4111003159032952,-0.7600116628364063,-0.6144829503640284
2018-06-01,-0.5162745520108222,0.4724238413741186,0.9769785311281081
2018-06-04,-2.3037673234705363,-0.8678735823109339,0.47401062737472166
2018-06-05,-1.4941468251874848,-0.2379811722708762,0.07274163075448427
2018-06-06,-0.10759627435411806,0.4754471656444717,0.8325639612747299
2018-06-07,-0.9734721784650293,1.5037867802830645,-0.01081276007585998
2018-06-08,0.7579779108882617,-0.1948687078172921,0.2952095109832636
2018-06-11,-0.6493529310548343,0.5187920846759619,0.1329265221338766
2018-06-12,0.0,-0.7661670058682851,0.12914713775525427
2018-06-13,0.0,-0.37875639096335456,-0.31957894898627365
2018-06-14,-0.21742635213844239,-0.1440857807850363,0.2514456277396223
2018-06-15,-0.3269524982049877,-2.171171637407948,-0.12765968412901826
2018-06-18,-0.5473585619893183,0.992748274970073,-0.2058667866301765
2018-06-19,-0.5132118653224332,-0.22720850537358483,-0.3840412689656741
2018-06-20,0.0,0.44057073910377714,0.17044355286062338
2018-06-21,-0.6733787859175148,-1.8689738916622234,-0.6288380227442646
2018-06-22,0.7851867613935365,1.9754809676029894,0.18213842779941408
2018-06-25,-0.560258578667594,-2.029764586375551,-1.3706226110240747
2018-06-26,-0.9029200272885372,1.2549608530791119,0.22116267924582886
2018-06-27,-1.8307028082648589,1.3321070345980388,-0.8318831020816202
2018-06-28,0.0,-0.13240576161580334,0.5701160619025387
2018-06-29,0.8050537793945769,0.6208441890235501,0.14386814705563375
2018-07-02,0.0,-1.4858424450702556,0.21358119951111004
2018-07-03,0.4571693112708045,0.6262209211765071,-0.3537625514259411
2018-07-05,0.22779425882849944,-0.10631605907359942,0.8124913522927124
2018-07-06,1.0186773033336107,0.6097652955828741,0.8422743357338993
2018-07-09,1.3422887088737856,1.4822924382341955,0.8963907600935113
2018-07-10,-0.3338838845466258,0.7394068933528971,0.35921043533575336
2018-07-11,-1.233899692603411,-2.142429208017716,-0.7341442541617299
2018-07-12,1.2338996926034136,0.17148950922436235,0.9024871013579747
2018-07-13,-0.5590058769804027,0.525906332585544,0.07877790832351614
2018-07-16,-0.44939894734674624,-1.1606623853788005,-0.08952180371219459
2018-07-17,0.0,-0.3987631878630573,0.40372011377804423
2018-07-18,0.2249281827259488,0.06656510185322814,0.21016816070406427
2018-07-19,0.0,0.026625064684507174,-0.3778563440929327
2018-07-20,0.5602585786675832,-0.3465725217560226,-0.11437219936797441
2018-07-23,-0.11180797547601624,-0.4415888246584532,0.18576468131034865
2018-07-24,1.2229137580521072,1.2528210600573904,0.5019329426465062
2018-07-25,1.6438998507724492,0.830972360256319,0.8486454309420289
2018-07-26,-1.3129508454060748,1.0843328286546294,-0.23617782777440166
2018-07-27,0.2200257475775542,-0.42973486357247387,-0.6799474314677202
2018-07-30,0.21956586424311575,0.818796733322092,-0.5237062887681196
2018-07-31,-0.10975745980565603,-0.18134230636920567,0.4917243298635612
2018-08-01,-0.5503334202328272,-1.3971947646075036,-0.16720572206549458
2018-08-02,-0.4424976527954514,-0.5538114011815717,0.5432669580340561
2018-08-03,-0.5558398039955785,-0.5170030838889385,0.4275756326128889
2018-08-06,-0.3350260384096392,0.3714790952519526,0.3660274285154432
2018-08-07,-0.11189763528180344,0.7387732088130278,0.32970245071888904
2018-08-08,0.0,-0.72556406697344,-0.042023558977094026
2018-08-09,-0.22423088834970933,-0.9311027647345861,-0.1366926278494637
2018-08-10,-1.9264253812922307,0.6128595162023792,-0.6723041625341728
2018-08-13,-1.0350493947503419,-1.2832491489180369,-0.37500628211999054
2018-08-14,-1.631746238609057,0.24182865193295425,0.6360291661826325
2018-08-15,-1.5394095123833225,-3.551765077146666,-0.7495555740551985
2018-08-16,1.1862606221731544,0.720504916216122,0.8058928517514496
2018-08-17,0.5878698834709616,0.2482015073072455,0.35142840850511253
2018-08-20,1.3970252453482706,0.6725693971658462,0.21376795017244285
2018-08-21,1.035049394750354,0.5049007967272748,0.23427175719961593
2018-08-22,-0.2290869131515207,1.1906352983166577,-0.0594085257265085
2018-08-23,-1.2694949030088098,-0.47186383710272645,-0.1328645521807705
2018-08-24,0.9248714237832684,0.727091376085009,0.6000268490036539
2018-08-27,0.9164139492211889,0.7351651776442322,0.7864423798726751
2018-08-28,-0.4571693112707988,-0.4270953282487728,0.04828716187321111
2018-08-29,0.5710952067578052,0.613371224368178,0.5366555854197052
2018-08-30,-1.491678847081489,-0.2795548561451644,-0.40567062403516196
2018-08-31,0.805962481598827,-0.7761371939915888,0.003434372574814455
2018-09-04,-1.5020447484688082,-0.21515547960360387,-0.17233779477949424
2018-09-05,-0.5837640206176674,-0.13470672639320203,-0.26953182429352673
2018-09-06,0.0,-1.8641372423328604,-0.3014544814885207
2018-09-07,-0.5872042883593867,-0.013739490582827732,-0.19452418080455255
2018-09-10,0.0,-0.04121505276286773,0.17367290518130923
2018-09-11,0.35274610069550105,0.9437333795491207,0.3292283520361454
2018-09-12,0.23445818766387938,0.5159440303494477,0.02417774423673352
2018-09-13,-0.5872042883593867,0.040625201400436725,0.5897617381523768
2018-09-14,-0.2358530884106073,0.5265589511355964,0.017186667821649543
2018-09-17,0.23585308841061792,0.1614696759812255,-0.5308379857341662
2018-09-18,1.170968308977057,0.6566096102003648,0.5411556595936238
2018-09-19,0.3486284120124077,0.306721221558781,0.10647103650888196
2018-09-20,1.0386939691855719,0.026649988075931687,0.807131215520885
2018-09-21,0.34380928042235637,0.65860094896605,-0.09139578129037232
2018-09-24,-0.9195195338212274,1.4541031890630187,-0.33275701236938177
2018-09-25,-0.4629837157866992,0.6409712098998879,-0.09284384788171006
2018-09-26,0.0,-0.9696073390889128,-0.2996384172876845
2018-09-27,-0.11607856655239937,0.0,0.2790130543282604
2018-09-28,-0.11617047125192974,-0.2768723032687395,0.010348530632667642
2018-10-01,-0.23283278430601173,1.3768004204460191,0.3467798683489706
2018-10-02,0.8125356769679274,0.10414695949071488,-0.05827664649176755
2018-10-03,-0.4635324214099841,0.8033119645935564,0.05485092866570193
2018-10-04,-1.4035181544370476,-0.41381210818625064,-0.7846045827788324
2018-10-05,-0.7092095906480246,-0.012971349360385435,-0.5612861140114749
2018-10-08,0.8269527194403294,-0.07778049584698375,0.0
2018-10-09,0.11756120844567686,0.8909671605686884,-0.14605772934885936
2018-10-10,-3.1028942442385987,-3.1869219166162477,-3.2175162066076233
2018-10-11,-1.219508926439622,-3.4427898115909494,-2.2272696267429266
2018-10-12,1.8237568028199667,0.27436361794993885,1.3792709755284747
2018-10-15,-0.362106579050592,-0.8391413378276098,-0.5632775411835229
2018-10-16,2.0347821140153566,0.8254435758569406,2.163027105184202
2018-10-17,-0.23725824811827606,-0.6322294997443562,0.017806597092247623
2018-10-18,-1.0746235312215104,-0.49760512652812894,-1.4546570393499627
2018-10-19,0.35948407581031305,-0.890744581536429,-0.05425577404204079
2018-10-22,0.11957297661265621,-1.1105645006670852,-0.44984294502922123
2018-10-23,-1.9300959115362861,-2.6500021574947374,-0.5104052788296154
2018-10-24,-2.341462681235364,-4.028373852695624,-3.076680571363242
2018-10-25,1.4851677386037268,1.2166795704649114,1.7781312342700168
2018-10-26,-0.739830009283427,-0.7493127720378775,-1.7743775555676948
2018-10-29,-2.12640469509584,-1.8828239880089062,-0.5555652484421838
2018-10-30,1.3810669657755466,2.288141306077918,1.4709580400993003
2018-10-31,1.115936917954948,0.6123683435390612,1.0624000023714986
2018-11-01,2.796523625494718,0.8451294674553016,1.0585834017744764
2018-11-02,0.0,-0.25131053764893463,-0.5940367230309538
2018-11-05,1.4285944670286144,1.6587541546269853,0.5501682598782529
2018-11-06,1.0582223688398753,0.4647800332762034,0.6308021250304024
2018-11-07,2.7683702222958493,1.6241752046676778,2.1182842831290736
2018-11-08,-0.68496357009929,-2.1909397129583716,-0.18165397840339814
2018-11-09,-0.9205836403236828,-0.17499839950776427,-0.9816275194825058
2018-11-12,-0.3474538548575799,-2.0947957965460735,-1.8861726137542996
2018-11-13,0.0,-2.322529036263458,-0.18733434985392056
2018-11-14,-0.23224903780432474,-0.16793901301623082,-0.6859904707374509
2018-11-15,0.6952327535910202,1.4565430663236618,1.03825479004454
2018-11-16,0.6904326206697105,1.1829018428018,0.2597213583635921
2018-11-19,-1.0374601146621416,-0.02977127321080753,-1.7059086679064293
2018-11-20,-1.6355529427837197,-3.3306102686747017,-1.8679568384860512
2018-11-21,1.8670505758470273,1.5579951120171893,0.34016672055598085
2018-11-23,-0.11566348680945288,-3.1876055563959262,-0.6701245773785528
2018-11-26,0.6920130418605555,1.4909612259400673,1.6015409915052883
2018-11-27,1.7094715320900018,-0.27784352527940104,0.33589494012175275
2018-11-28,2.0134649442265964,1.7013006721209423,2.2764410834014637
2018-11-29,-0.3327728087373589,0.6513562802324284,-0.21877846712298507
2018-11-30,-0.11118647745306319,-0.1813433416335567,0.6077037172841031
2018-12-03,1.1062243277451331,2.199203367175464,1.315434676433097
2018-12-04,-1.3289217348387066,-2.9126738721047216,-3.2938920010935893
2018-12-06,-0.4469236736914415,-1.8605992560978453,-0.15185094469660582
2018-12-07,-2.379743182793463,-0.5603053027735573,-2.351002749926721
2018-12-10,0.1146211587248467,-1.573095388103864,0.1895330486134905
2018-12-11,0.0,0.031701591631312406,0.022697816704203323
2018-12-12,1.47814600515663,0.39549157344749375,0.5022882908765842
2018-12-13,-1.249303113395874,0.3152340193708393,-0.03392639873841058
2018-12-14,0.11422234608246483,-2.308461240430298,-1.8637315943028174
2018-12-17,-2.426471890039774,-1.8367127019604519,-1.9813252094961857
2018-12-18,-0.5342979994510993,-2.390537983596071,-0.1097002188590129
2018-12-19,-1.1975834098477516,-1.183051975551685,-1.5089218239638862
2018-12-20,-1.0902675711416752,-2.810294110966538,-1.64119589356866
2018-12-21,-2.2168504953634494,-0.9754457245898627,-2.070207377521283
2018-12-24,-0.24937576313986654,-4.129736033627942,-2.6778256903491537
2018-12-26,2.9522204781745955,6.03624484240645,4.9289704261705864
2018-12-27,-0.4859942196712928,0.5231876218923548,0.7648275466803809
2018-12-28,0.24330185654019887,-0.7682934874758589,-0.12909262713728092
2018-12-31,0.36384960963853535,0.5244774045686806,0.872064324628743
2019-01-02,0.7237766296416401,1.9511870362097308,0.10396332500992493
2019-01-03,-0.8449338761490963,-0.9967408312453809,-2.415187621664582
2019-01-04,2.9853351888295943,3.3458064254810362,3.2946873329859976
2019-01-07,0.8201476649840244,1.475648447785706,0.7853591416468343
2019-01-08,1.1601014648017791,0.7705285841697869,0.935146949211774
2019-01-09,0.8041309299126187,1.5717960056467306,0.46625665924523657
2019-01-10,1.1376822847399448,0.28896810044883375,0.3521520882471383
2019-01-11,0.5640092944994536,-0.5949004998681301,0.03864135571284407
2019-01-14,-0.450945589042548,-0.2421897954339666,-0.6119767982428224
2019-01-15,-0.5665775050792591,0.3549976699899991,1.1395536122049006
2019-01-16,0.34032211543941976,-0.12895436206584454,0.24168785122166658
2019-01-17,1.4615100134214114,0.9151675527476061,0.7558097582719451
2019-01-18,-0.11163991981530509,2.0093832588741902,1.3222226182332528
2019-01-22,-1.2366784094231424,-2.2013562216579263,-1.3602725518525765
2019-01-23,1.2366784094231298,-1.0301154376453447,0.20903110897650048
2019-01-24,2.2100147591823474,0.5324713471558935,0.05315465779831616
2019-01-25,0.6535946834734052,1.2633177982596915,0.8425960010062961
2019-01-28,-0.5443594525049054,-1.0061466152050222,-0.762942754254876
2019-01-29,1.0857829376192518,0.3045104855473438,-0.13280790454974525
2019-01-30,0.6458556100051889,1.3983919400064455,1.5706952217626486
2019-01-31,1.8075862763407995,0.6449205951566648,0.8744028199498942
2019-02-01,0.10536764917935396,1.7253822344917464,0.04816688367884476
2019-02-04,-0.10536764917935276,0.23088582722012047,0.7010801065802833
2019-02-05,0.7349251998045949,0.15364176898667695,0.418302110578674
2019-02-06,-0.6295575506252356,-0.7396167360003254,-0.13193700020204085
2019-02-07,-1.0582399114516856,-2.2363897850333063,-0.9578407767801795
2019-02-08,-0.21300294531512795,-0.459671827845147,0.12208551649255568
2019-02-11,0.8492589001185932,0.47548754653134356,0.0554578989948158
2019-02-12,0.8421071872601651,1.257097513961473,1.277711855511078
2019-02-13,0.10479384090007182,1.2414905639692422,0.3241878189344166
2019-02-14,0.9379972037970365,0.3540969416595517,-0.222068228532412
2019-02-15,-0.415821129901128,1.6007517250293966,1.0838110203275382
2019-02-19,0.7265346099385688,0.302024163123743,0.17290730083196337
2019-02-20,-0.5183970643916607,0.4212960941921135,0.20139489423551013
2019-02-21,0.6217396817289715,-1.5586211700439487,-0.3562890719342044
2019-02-22,0.9254691207499224,0.28932231485810456,0.6180875067916685
2019-02-25,0.4085898429531208,0.16716911140019391,0.1360598166479474
2019-02-26,0.20364403824178118,-0.31930495659420866,-0.07160947261935859
2019-02-27,-0.7146560924182619,0.3800106665220354,-0.04292571918363139
2019-02-28,-0.6166492431182036,-1.0064157040286867,-0.18641595576578215
2019-03-01,-0.10314019902649711,1.8223681413419912,0.6224241977724821
2019-03-04,0.2061956210481511,0.1804195152681415,-0.3644167481699004
2019-03-05,0.7183227784899838,-0.33102214499618904,-0.13611220065336638
2019-03-06,-1.3381787278001553,-1.2740877636539956,-0.6075443753040802
2019-03-07,-1.4614095189574339,-0.5971153063701272,-0.8400089829935238
2019-03-08,-0.10515799284621387,-1.8912417515942852,-0.20021141242937196
2019-03-11,2.2893405828262137,1.5528201336864085,1.439710750828715
2019-03-12,0.8196737408667579,0.6450685621295975,0.3764092023813569
2019-03-13,0.81303079962197,1.0053587188019262,0.6596981648372554
2019-03-14,-0.5073717486862936,0.10601585311508176,-0.06399348270059024
2019-03-15,0.0,-0.03967679377842408,0.4928630332630195
2019-03-18,1.012161209922871,1.3795476035408791,0.36190433319660514
2019-03-19,-0.504789461236563,-0.27139658801944333,0.024811015594277053
2019-03-20,0.7059855357551788,0.8718263050058924,-0.3014601137542343
2019-03-21,-1.2133572844414666,0.7008998602986487,1.1231369560001643
2019-03-22,-1.9517590993195788,-2.7419503895308743,-1.9433597620076675
2019-03-25,-0.20768358435421796,0.04580440352001639,-0.07528557918370435
2019-03-26,0.7249971491108363,1.4249051399500772,0.7426774587005835
2019-03-27,-0.9331346946577291,-0.7099067061738267,-0.524252663806102
2019-03-28,1.2422474374182653,0.3782417920070202,0.3783083708356091
2019-03-29,0.41067669938415624,-0.15111398645616037,0.628560115078857
2019-04-01,0.9179286382480873,1.307179856978071,1.1790048383028449
2019-04-02,0.40526748121441913,-0.6890072745241762,0.04891366847060158
2019-04-03,0.10106603158509685,-0.9666316389119687,0.15723131300056917
2019-04-04,0.8048197367301844,0.8312379570810392,0.2649683415965263
2019-04-05,1.1952392115894972,1.745691917980305,0.4828753596658137
2019-04-08,-0.09905339857925657,0.44273572739515143,0.07617278552052756
2019-04-09,-0.6961763685245467,-1.2297516702096374,-0.5137600947256336
2019-04-10,1.1904856907720989,0.372002286161459,0.3404888333113985
2019-04-11,-0.9910845976317618,0.07424712341793008,-0.027736238889984638
2019-04-12,-0.1994010931403498,0.2667875921135448,0.6742974855837632
2019-04-15,0.6961763685245567,-0.5938334694074242,-0.06549642269572163
2019-04-16,-0.09917231512275203,0.6529791475373284,0.06549642269571755
2019-04-17,0.49482947396600446,-0.13317938860904363,-0.2449904055706068
2019-04-18,-0.2966037602640132,-0.4751321185334232,0.1967248213052794
2019-04-22,0.0,2.0913912492953184,0.08616803930281977
2019-04-23,0.887113362575887,-0.16046920327229794,0.8951857554980874
2019-04-24,-0.49185743890757655,-1.7673423266656718,-0.2222377018259795
2019-04-25,-0.39525592366830536,-0.3125495105708539,-0.061621962931448504
2019-04-26,0.1978026240986871,-1.3052422707994813,0.4646363601843617
2019-04-29,0.0,-0.09063306745091648,0.156613652135733
2019-04-30,0.3944969487949518,-0.07559299704339328,0.05104398542952837
2019-05-01,-0.3944969487949589,-2.0168917728444495,-0.7544654212830644
2019-05-02,-0.49530946407683185,-1.75948048976391,-0.21613086434911066
2019-05-03,1.4785980245933041,0.9225351071611059,0.9740182625708141
2019-05-06,-1.5779155822718507,0.09332611419396179,-0.4123548644611674
2019-05-07,0.5946270217553861,-0.874592047890836,-1.6840951990485762
2019-05-08,-0.39602833780069896,0.0,-0.1390142622513095
2019-05-09,-0.7968348527402929,0.0,-0.30302227495229284
2019-05-10,0.7968348527402906,0.46948835683077106,0.5010711831032291
2019-05-13,-2.817098344182695,-1.7323302677574954,-2.5451091874863394
2019-05-14,1.1161975128655701,1.215779838967748,0.9002386126377107
2019-05-15,0.2016227479929604,0.5165504287897436,0.584079811304228
2019-05-16,0.8023876974013286,0.5449622994784507,0.9218350504476364
2019-05-17,-1.307177158637894,-1.0144506563092173,-0.6485996335475361
2019-05-20,-0.3040992028564651,0.04705636328988155,-0.6633979324070886
2019-05-21,1.3111532495297145,1.1535578561196607,0.8975390520690326
2019-05-22,0.5994105376260309,-1.562067711863981,-0.307648879937199
2019-05-23,-1.9105637871557415,-3.4107731453785277,-1.2293535556551651
2019-05-24,0.50633351279951,0.3739540817698741,0.22657031543070988
2019-05-28,1.404230274356218,-1.0440324918851513,-0.934442200924125
2019-05-29,-0.8000221309635064,-0.6416304268362782,-0.6732959385279713
2019-05-30,0.8000221309635023,-1.2789713728742342,0.27272428356896533
2019-05-31,-0.49927634820246825,-1.7708502935331687,-1.356683740298164
2019-06-03,1.5889158826533307,1.2680798320236157,-0.2546198250489384
2019-06-04,1.1753479014427282,1.7156990983124114,2.147478694124679
2019-06-05,-0.19495145229482352,-1.1126596687796455,0.862486081842594
2019-06-06,-0.19532205551879467,1.8367247138591707,0.6481556685735469
2019-06-07,1.7442742996037894,0.45801345736141835,0.9957413659284833
2019-06-10,0.0,0.29337047616692935,0.45781195421437415
2019-06-11,0.38347810718633035,0.19507489506185507,-0.02423512373035108
2019-06-12,-0.5758051823964578,-1.4230817157170632,-0.17669399134258035
2019-06-13,1.0531362909740578,1.1628886672900247,0.41178577154964946
2019-06-14,-0.7648292748142678,-0.6534814868183054,-0.1105550049369937
2019-06-17,-0.504070061615027,0.8324182793318143,0.03804377749982835
2019-06-18,1.7341508777347006,1.372212695056565,1.0416669870011728
2019-06-19,0.286128710848488,-0.1122750110734556,0.2254493608141916
2019-06-20,1.4184515521125964,2.190913222423092,0.9508892626660397
2019-06-21,-0.37627192876975846,0.7200108624867786,-0.14546790483740368
2019-06-24,0.0,-0.9008265287780891,-0.12250833443088036
2019-06-25,-1.0421796233428453,-0.7969470636618398,-0.9856581961275847
2019-06-26,0.19028880786197247,1.524565355847539,-0.09975338576586586
2019-06-27,0.8518908154808698,-0.7434862464403151,0.353935834911574
2019-06-28,0.2823487619842058,1.1524132315359816,0.5132466849981774
2019-07-01,0.7490717491172912,0.09414516839899228,0.9037851425422303
2019-07-02,0.27944593651403116,-1.612416601011674,0.26009756928697597
2019-07-03,0.9259406657291678,0.3975998331969047,0.7963209739698616
2019-07-05,0.0,0.14275805588712837,-0.11388577815759757
2019-07-08,-0.0922197125126571,0.14252989479440992,-0.5509586539223964
2019-07-09,0.0,0.07912933993162484,0.12458852838756303
2019-07-10,0.09221971251264964,1.2728944716862742,0.4766570687650559
2019-07-11,-0.18449586004802673,0.20278474250673187,0.2341396295600575
2019-07-12,-0.46276798677144915,0.419858924892195,0.44668318212710173
2019-07-15,-0.27867681890968704,-0.9041356689657066,0.033275777458439855
2019-07-16,-0.09306833434950149,-1.070531810051111,-0.3230565302878407
2019-07-17,0.37174515325919716,-1.146134405461848,-0.6828279730359349
2019-07-18,0.6472638468194732,0.01602498571320661,0.3654146611547701
2019-07-19,-0.36934231701476244,0.4631394733878157,-0.5570129910651039
2019-07-22,0.2771226045020955,0.46102084553950023,0.24531141965508985
2019-07-23,-0.7407391554836424,0.2692378712476495,0.7124798842634743
2019-07-24,0.1856950211768281,0.4261874239897201,0.46884547125026854
2019-07-25,-0.5581227554237037,-1.140530836631501,-0.47885773937728204
2019-07-26,0.18637760216451252,-0.5110906899483068,0.6677446241694983
2019-07-29,0.09306833434951205,-0.4011085789581799,-0.18224381407170442
2019-07-30,-1.1225388936323597,1.1191321879840528,-0.24578530976479576
2019-07-31,0.9363348308238946,-0.31849264385323867,-1.1000425316287639
2019-08-01,0.18620406280845336,-2.290789639734661,-0.8746304401451525
2019-08-02,0.1858772196262203,-1.4464300979648532,-0.7558237241502321
2019-08-05,-3.688363399660885,-3.0254575581423677,-3.0533815903695185
2019-08-06,1.3397289169382822,-0.11954743615565169,1.392505362974891
2019-08-07,2.5341764380578344,-0.7545538382770371,0.059068199722832206
2019-08-08,1.8365863818733765,2.8342647348594627,1.9430216170109593
2019-08-09,-0.4560153517968593,-1.1105637492894433,-0.6835145089516691
2019-08-12,-0.826049539308814,-1.1914852711082884,-1.2248131971948975
2019-08-13,1.008710965292829,0.9204007200555864,1.543193458612517
2019-08-14,-2.5879272096014567,-3.9980941695812495,-3.0012895593049427
2019-08-15,-0.563382757966536,-0.6199598047771956,0.2638101998051069
2019-08-16,1.4953351554556806,1.3062907896457425,1.4647288649650934
2019-08-19,1.1987463314247686,2.185652631368151,1.1975521326970753
2019-08-20,0.0,-0.8442913748120654,-0.7691945769760075
2019-08-21,1.455884706152957,0.6381932115284374,0.8102534585363237
2019-08-22,-1.0899310450445807,-0.4480459222974509,-0.03079546342945071
2019-08-23,-2.4031002135197053,-3.4080045602258644,-2.6023479165906678
2019-08-26,1.9454247469914692,0.42794458452142586,1.0997674690693118
2019-08-27,-0.7366562006242611,-0.6247274639762403,-0.39308358573039176
2019-08-28,0.09239966139077468,1.4222664784392436,0.7016665369477456
2019-08-29,0.6442565392334904,1.4544799475591215,1.2692227115245982
2019-08-30,-0.2756045796133564,0.0,-0.04442975179114262
2019-09-03,0.6418934397367104,-0.48830700992534093,-0.5864170105590341
2019-09-04,1.4519589693484964,1.3888951908701221,1.1286179849563476
2019-09-05,0.0,1.233753388814514,1.2773367849272732
2019-09-06,-0.9049820252420732,0.5265295558285189,0.07716084253575009
2019-09-09,-0.2731144927976761,1.979261775748941,0.05036740378836746
2019-09-10,-0.6401513114321029,1.172323696516878,-0.023484292288028317
2019-09-11,1.3667618092282194,0.09843765528903593,0.7085972039947332
2019-09-12,-0.4534960049984469,-0.6251155740333326,0.34575019151614195
2019-09-13,0.18165654422087335,0.78897180601943,-0.06638731110109888
2019-09-16,0.5429793454598917,3.3011790111528017,-0.30938067064494224
2019-09-17,1.077202387518044,-1.4037440416800517,0.252887094502551
2019-09-18,0.0,-0.4831330558331894,0.05979663387281591
2019-09-19,1.6822136602184699,-0.2585635896494957,-0.0066622113852478106
2019-09-20,-0.08785474714160224,0.08159709004573602,-0.4735813279097482
2019-09-23,-0.3521198131253764,0.032620202502598804,-0.023482594942519208
2019-09-24,-0.9747441638101324,-1.5950289667615476,-0.7877552479130459
2019-09-25,-0.5357165989443519,0.1656273374137289,0.5897399650227447
2019-09-26,-0.8992759070528007,-1.3159063377200912,-0.20855415650266468
2019-09-27,-2.1918630508062855,-0.016779993490426758,-0.5401477088531133
2019-09-30,0.6442565392334904,-0.7237384018741491,0.462685608761395
2019-10-01,-0.36765454206351456,-2.3413759955984945,-1.1966402385285124
2019-10-02,-1.671322381430567,-2.4861160276861813,-1.7822440942536026
2019-10-03,1.1173128206066885,1.0755457194030256,0.8159604519611106
2019-10-04,2.288425912115619,0.6293927748846432,1.3441327917607366
2019-10-07,-0.5444575973079975,-0.892811166451137,-0.4323941610138444
2019-10-08,-0.8223042119202255,-1.720342398133523,-1.5646434157204139
2019-10-09,0.7312598041619415,0.9082150702970063,0.945177134612129
2019-10-10,0.09104440775829144,1.250788284564039,0.6740112926538909
2019-10-11,0.45393590717962745,1.3390251948969054,1.0313991219364458
2019-10-14,-0.36297431487007725,-0.051835284436099714,-0.11143519595854623
2019-10-15,-1.0969145942293643,0.4139318886147689,0.9851364858215509
2019-10-16,-0.4606077492339003,-1.4039690018357835,-0.16072226544424956
2019-10-17,0.6442565392334904,0.06981603351038215,0.29445857422356647
2019-10-18,0.45767546652821745,-0.5246633900030437,-0.4386461862194785
2019-10-21,1.1802262273823334,1.7727424100401485,0.6756419568933535
2019-10-22,-1.4545705866676026,1.2836916825155498,-0.3272220643913982
2019-10-23,-0.27510858862196724,0.8298828123917671,0.2905351691731331
2019-10-24,0.09177748137901705,-0.42254600545270377,0.16323669983450909
2019-10-25,-0.6442565392334769,0.8097121685186537,0.4086933629138008
2019-10-28,0.46060774923389786,-0.572844915136289,0.5620613770025396
2019-10-29,-0.2761118891858703,0.40468315442107006,-0.029678883990825855
2019-10-30,-1.766661289639182,-2.057351383498334,0.30625786708473296
2019-10-31,0.0,-0.43040260200804564,-0.2666658524250864
2019-11-01,0.37452971254942496,2.2518878808795737,0.9220916970490562
2019-11-04,-0.5623267742707168,3.2038526511142336,0.40095126219393296
2019-11-05,-0.09402120800104824,0.13060803546608787,-0.11066951372017153
2019-11-06,-0.5660696273278133,-2.0605692046608057,0.02280809143046849
2019-11-07,-0.18936820552248423,1.4878774497980476,0.3510596825686813
2019-11-08,0.3784273828959892,-0.4110732216192277,0.24632379890265932
2019-11-11,1.0333584322260596,-0.5617958633918902,-0.19116390048010923
2019-11-12,-0.8446755362549179,-0.5150083647869387,0.21058384167092817
2019-11-13,-0.09430671668680353,-0.4339859828813934,0.032347333546289
2019-11-14,0.8454497622254386,-0.26799818208900994,0.14546075689209945
2019-11-15,0.5597234020768669,0.7685949253791189,0.7210255561870287
2019-11-18,-0.7469638878361345,-1.2224866459942152,0.07375338162180872
2019-11-19,0.18724048575927585,-1.4938094078585216,-0.028838573194993698
2019-11-20,-0.9398259415097917,1.0039845463760764,-0.3725718576949695
2019-11-21,0.18868289597114557,1.629041121853815,-0.1610034476455752
2019-11-22,-0.09430671668680353,-0.33371648132601817,0.22210347233476993
2019-11-25,1.8692104063295463,0.10023279047621587,0.7720653125745958
2019-11-26,0.3696837111892749,-0.9225945629881346,0.22629831089804395
2019-11-27,1.2832401958600488,0.25245023093177377,0.4447690762681118
2019-11-29,0.27285670823581326,-1.0136649374533524,-0.37158529006665975
2019-12-02,0.0,0.0,-0.8530696433744172
2019-12-03,0.7239989051986948,-1.5055837418606217,-0.6729462979077574
2019-12-04,0.6292275084162241,1.4885812883464014,0.6151366174581775
2019-12-05,-0.3590829361948429,-0.4766667257354279,0.1796423203506866
2019-12-06,0.8952596828939899,1.893227073674597,0.9092518779404892
2019-12-09,-0.4466372540862437,-0.11728399705167808,-0.314909585174767
2019-12-10,-0.7187670010291486,0.2009864397720818,-0.11156244890810448
2019-12-11,1.4324230001205263,-0.16745776075266985,0.2834493859982068
2019-12-12,0.708608159111314,1.8266805944950657,0.858226406539497
2019-12-13,0.44031641767716045,-0.7598263390006635,0.059896191601729314
2019-12-16,2.0326634905062644,1.3341071178908268,0.6846434492050995
2019-12-17,0.43271840683262147,0.06545936079781446,0.02191799245425647
2019-12-18,-0.1728627334432296,0.3753420510179839,0.0062374005055045095
2019-12-19,0.17286273344322914,-0.03258913131031728,0.40910605721737064
2019-12-20,0.4308540192879783,0.954659216977761,0.43745059519496676
2019-12-23,0.6855107949186784,1.0214834250529943,0.15265621131333654
2019-12-24,0.2558664163581349,-0.04837408023060119,0.003118735889275725
2019-12-26,0.5944966199784338,-0.032306263657790824,0.5308961856799017
2019-12-27,-0.33927447376042497,-0.4206613596306653,-0.024779100548230664
2019-12-30,-0.5110885625761458,-0.31605437221500804,-0.5528459364720242
2019-12-31,0.34102744569936844,0.5678922297491675,0.24258799864160063
2020-01-02,1.520289539877692,0.8953741788805906,0.9309024175590483
2020-01-03,-0.5042081072299804,-0.2975681756648073,-0.7601051908542689
2020-01-06,-0.2530519321632086,0.7751478087058594,0.3807644753507669
2020-01-07,-0.25369390984729845,-0.26321320426519357,-0.2815673818012676
2020-01-08,0.8431582619049866,-1.6608949767899446,0.5315539089690949
2020-01-09,0.16779568733548214,0.7342077306975223,0.6757475903654203
2020-01-10,0.1675146049868198,-0.5668755001657194,-0.28818592091294
2020-01-13,1.4950346054026393,0.033419642219713,0.6853929279290133
2020-01-14,0.8210145236965104,0.01672630221530574,-0.1525907601538207
2020-01-15,0.1634004723427004,-0.7380088313275839,0.22575658691652992
2020-01-16,0.8130295648881519,0.16823804140677867,0.8283890624644182
2020-01-17,1.1272214004184546,-0.6407272270670828,0.3107702168618407
2020-01-21,-0.48154694773984524,-1.8092087813702227,-0.19600809460214463
2020-01-22,-0.322307809382644,-0.9692319173360038,0.012044452004852357
2020-01-23,0.2418157767224763,-0.3833631234131074,0.11460670499905887
2020-01-24,0.08049203266017561,-1.158925919899724,-0.8932462489266836
2020-01-27,-2.3607288120569963,-2.8119943354357657,-1.6159160349950379
2020-01-28,1.9576607092347689,0.4530806959230821,1.0424542416169698
2020-01-29,0.48348713277965594,-1.0543628478254137,-0.082627482880239
2020-01-30,-1.0505175314157222,0.800884871263694,0.3240172403981797
2020-01-31,-1.5555041011959636,-3.167856464713558,-1.8325103297943777
2020-02-03,1.311499762032835,-1.318523266372657,0.7401234641109437
2020-02-04,3.3630017607780003,0.35958636217522777,1.5126354125583477
2020-02-05,1.251985830448836,3.6907309461749858,1.148164066746543
2020-02-06,0.310538617040265,-1.0249048621155086,0.33591213808074805
2020-02-07,-1.091190977220434,-0.701469373130396,-0.5343894995585827
2020-02-10,0.31298459208112184,-0.5014463224532479,0.7437742505034204
2020-02-11,2.5454550975885994,1.1109006144982585,0.1731752177288549
2020-02-12,2.184652013629861,1.335188842426229,0.642184339471681
2020-02-13,-0.5229879153503629,-0.3093362859629271,-0.10674474238724385
2020-02-14,-0.07494294590220218,-0.5299322632485484,0.16007441481586715
2020-02-18,0.374131308356999,-0.8278901975416845,-0.25801734861329223
2020-02-19,5.4499408392422986,1.3213722722470667,0.4769840817047997
2020-02-20,0.7047176171103895,-0.109439379847546,-0.41167152789294825
2020-02-21,-0.91710935013074,-1.1934728559954513,-1.0351628347947632
2020-02-24,-3.6078964995898333,-4.7276575584612015,-3.3728000757434073
2020-02-25,-2.7562177655981586,-4.515629227553736,-3.077083332309095
2020-02-26,-1.3688337110875017,-3.0651318489506973,-0.3685074573686268
2020-02-27,-3.9037137187425417,-5.496128694440054,-4.595115680659718
2020-02-28,0.0,-0.08831552404391299,-0.4210275368554896
2020-03-02,1.0297230544766287,3.9628508415230432,4.239468954924327
2020-03-03,0.7849336461754635,-3.105037455123664,-2.9050157155590743
2020-03-04,3.759545545313445,2.3377646143934148,4.117357824305949
2020-03-05,-1.059793183573316,-3.7271373360257556,-3.3806725489313814
2020-03-06,-3.0914450005145233,-5.782478946576262,-1.6669153942187862
2020-03-09,-11.99439978459261,-22.49099650769835,-8.131262314793561
2020-03-10,2.2748110134593182,4.6346214518217685,5.045065854545033
2020-03-11,-6.338572357977608,-5.43330437629488,-4.997682949512611
2020-03-12,-13.709262610057065,-13.323443485284866,-10.05689971311675
2020-03-13,5.1504495165168525,8.828301236869471,8.202807388781233
2020-03-16,-12.610070157361712,-14.626031674299767,-11.588671451768123
2020-03-17,7.565252453009003,0.6808740181006508,5.258524879962305
2020-03-18,-10.806251876476452,-15.498414417643536,-5.195989216208156
2020-03-19,2.3256513179939526,6.57626633291094,0.21227783742808243
2020-03-20,-0.11499805770655287,0.9714443700436068,-4.405019618934577
2020-03-23,-4.230945469087878,-7.059250631453168,-2.5900954118228574
2020-03-24,10.799819276941614,14.874194140525306,8.673116434327708
2020-03-25,4.837943981270047,4.608764040682248,1.4859235030404019
2020-03-26,3.629438458108459,5.930925936003726,5.67485912052012
2020-03-27,-6.229695657774724,-7.019221971130851,-3.0238225080039687
2020-03-30,0.8394683412586342,1.0184503076762914,3.1959590103379716
2020-03-31,-0.20918581461020305,1.5256898500963116,-1.5017784085355264
2020-04-01,-3.8425295797131094,-5.082221686118232,-4.604905551915296
2020-04-02,0.8667313105195849,8.76442478603076,2.2813447695298823
2020-04-03,-0.7579865623916685,-1.067008656756574,-1.4559672965748065
2020-04-06,6.52177921791775,5.161167468926283,6.500669503890421
2020-04-07,1.9163260822682049,2.110644017796107,0.10187795434746777
2020-04-08,2.8559405920450014,6.457768668737372,3.301754353188425
2020-04-09,2.0183307414458627,-0.9100609963291949,1.5102389301058625
2020-04-13,-0.7641096245497297,-0.3249103556202394,-0.9171742412382099
2020-04-14,1.6168003012633163,-0.47449331680329704,2.906624899272415
2020-04-15,-3.260121110361131,-4.8106652433398605,-2.147693061399104
2020-04-16,-0.1951341286919988,-4.367218095219841,0.4812281687429783
2020-04-17,2.697687365238324,10.095186645812678,2.6657325628350867
2020-04-20,-1.3397767783206833,-3.172008912664074,-1.777512148288983
2020-04-21,-3.529755787442358,-1.7791804639491742,-3.083385870344014
2020-04-22,2.4643987833293663,3.497377810914365,2.1951654557979214
2020-04-23,0.3887215534133277,3.1767324487749633,-0.0071966720240611405
2020-04-24,-1.170747555465735,0.23133904305639016,1.384306632977281
2020-04-27,2.1360162657590704,2.1432755123871217,1.4315812375584067
2020-04-28,1.9972148532343728,2.264216790957114,-0.46093787007852033
2020-04-29,4.0595935286478895,7.145937444296862,2.5841383533573903
2020-04-30,-2.749945017313118,-2.2379702321314814,-0.9354207603332655
2020-05-01,-3.499183046345354,-5.824264587228182,-2.682981529168698
2020-05-04,0.5758234663665467,3.4004207533066246,0.27539728030880567
2020-05-05,0.9523982233485548,0.0808225226812698,0.919693708000487
2020-05-06,1.037257097502668,-2.647882549261836,-0.6801548502495042
2020-05-07,1.1193977638258927,2.5670600265805574,1.199433564023107
2020-05-08,3.195156621408716,4.455711254161527,1.6410847748335862
2020-05-11,0.448244233068439,-1.7690586388486358,0.020511496868033996
2020-05-12,-0.8082752194328422,-1.7741350391261477,-2.013264803649215
2020-05-13,-2.8351256350443133,-4.648201753140461,-1.7844215073633394
2020-05-14,0.7393733040654602,1.1132791877402508,1.1896153974652146
2020-05-15,-0.6466509351166113,-0.3882478869994479,0.4586623633708121
2020-05-18,5.499360605491977,7.8524194843396105,3.00048598135045
2020-05-19,-0.43956583567151275,-2.8398677071582545,-1.032432680442806
2020-05-20,1.6601514954546586,3.9129396417946625,1.6845627804169396
2020-05-21,-0.6084305547607498,-1.6139727064223037,-0.6927870227466302
2020-05-22,-1.228071566636181,-0.6217591402680405,0.18968093993074014
2020-05-26,3.6399191809450024,2.742703167636501,1.2245328352703628
2020-05-27,0.8474368537614577,1.2812883364605865,1.476973366008939
2020-05-28,-1.2738987956137493,-2.8356487254654166,-0.18466445546836383
2020-05-29,1.8628931451464499,-0.46333504604909403,0.4445518863399204
2020-06-01,1.8287977485219702,1.7391833115491622,0.4033903627554304
2020-06-02,0.8203495327708485,2.7508905577397234,0.8246283849502893
2020-06-03,1.1373111764639336,2.893094426069041,1.3220348099127177
2020-06-04,-0.08080063268844287,0.023930820564536746,-0.26301670228669394
2020-06-05,1.7628682778228377,7.1640921589434665,2.5306441731608706
2020-06-08,2.896458828979751,4.406386822208968,1.2014984782618658
2020-06-09,-1.7906150222078037,-3.828222183165506,-0.7484488551197612
2020-06-10,-0.5513892372650522,-5.047704251749301,-0.5595719983606863
2020-06-11,-6.950076285054991,-9.895455048511744,-5.937712693014138
2020-06-12,2.2604457291654887,2.4918702926025986,1.1903837338354348
2020-06-15,1.9187806686958284,0.3008855773640466,0.9292932597111194
2020-06-16,1.4575188886174895,2.8386643671904355,1.9064437516547965
2020-06-17,-2.030115131092021,-3.4665651933824306,-0.41621954384009463
2020-06-18,0.7355911935315023,1.2270177339567867,0.03846835093723565
2020-06-19,0.08140212074166366,-1.5298258477165574,-0.5731122663818983
2020-06-22,0.8910605591726297,0.46221047588241676,0.639470526768955
2020-06-23,1.2024246248776718,0.10187338209935293,0.4593281003876647
2020-06-24,-1.6064590945663895,-5.708374368265554,-2.5839839215659217
2020-06-25,-0.08102306590430002,1.8951584464358295,1.0663466282530156
2020-06-26,-2.710630364316902,-3.5251906713131644,-2.403802724384414
2020-06-29,3.19568789990992,1.333206412368681,1.4590775345694977
2020-06-30,0.9631050256754996,2.2712603529389894,1.2727827200617776
2020-07-01,1.2698492288839596,-2.4606604319304157,0.6980466880618618
2020-07-02,1.4095640228684183,1.1041396501865608,0.5491913898370115
2020-07-06,3.81433120226448,0.2941269809162736,1.5319027053649543
2020-07-07,-0.3749322472011571,-3.2291397873212344,-1.0367345914761243
2020-07-08,3.252317017076739,-0.082793311982584,0.7619756885569562
2020-07-09,-1.2440637291569072,-5.066862317732402,-0.5709052151488734
2020-07-10,-0.14739518001047192,3.1439924893406843,1.0158987684703065
2020-07-13,-1.1869491950790776,-0.5360365393434248,-0.8696855429432493
2020-07-14,2.796342823872177,3.447688942492343,1.2875571545829843
2020-07-15,2.224717520860245,2.1360667308207546,0.9145416939814653
2020-07-16,-0.7837565511097306,-0.45583453699289134,-0.3298945170173517
2020-07-17,1.6318176034351077,-1.407323020418779,0.2894851471638522
2020-07-20,1.8131551188891288,-1.6765903362137533,0.8049074180107715
2020-07-21,0.48259812847365224,5.866652880891304,0.2125325742809073
2020-07-22,0.8219149050802611,-1.236023513604619,0.5675955649874594
2020-07-23,0.2724795711126292,-0.1854116575140713,-1.200350936365368
2020-07-24,-1.853816312889902,-0.5583065884469489,-0.6461270622116058
2020-07-27,1.9897816612161285,0.10654562758309431,0.7266295930177741
2020-07-28,-2.5457172791268845,-1.7190543874962754,-0.6362706189841997
2020-07-29,0.5559356179107413,2.0647121828842065,1.2223326692727503
2020-07-30,0.48393269351382384,-4.0070580754536245,-0.3573994901958853
2020-07-31,-0.6920403133168133,-0.4707151067623563,0.7871060385243198
2020-08-03,2.4014843671931447,0.3601741055773973,0.6928332370790715
2020-08-04,3.005241127175713,2.404482431461901,0.3855115540481659
2020-08-05,2.533428761650355,1.0473978344788923,0.6191262446878273
2020-08-06,0.3841133094772866,-0.8047210446521316,0.6662643563281975
2020-08-07,1.458957841679135,0.13458567597091486,0.07174952017712007
2020-08-10,0.3771183006462757,3.046202164382773,0.2984428430744211
2020-08-11,-1.6445680966065401,-0.33976738431456616,-0.8288643546963318
2020-08-12,1.707285249735896,0.9898682646198746,1.384593370658975
2020-08-13,1.678631948548611,-1.9631458842134593,-0.18094534145874083
2020-08-14,-0.7425834869369512,0.947078391041946,0.002963488933401195
2020-08-17,1.173225280764816,-0.5776860784585865,0.317154289524566
2020-08-18,0.3676252769743296,-1.2722109446409562,0.21582423048003796
2020-08-19,0.3663161708113719,-1.153609009816351,-0.4172454678342464
2020-08-20,-0.6725902456713957,-2.1822979834883154,0.31086700353614594
2020-08-21,-0.06135120211429359,-0.6363505379493363,0.3541264726987961
2020-08-24,1.2202518386029557,2.7106547439461046,1.0082085813601347
2020-08-25,2.278289875187407,-1.414623328146643,0.34933355182799
2020-08-26,0.0,-2.132158831500402,0.9975631033715783
2020-08-27,-0.29683159690892935,0.19571485561758403,0.2184105333636335
2020-08-28,2.2340923461693456,1.7719443988679644,0.6438612317404103
2020-08-31,-0.34944975950787105,-2.1917833129177855,-0.3629060082629225
2020-09-01,1.6203810238411505,-0.6755031177481454,0.9374535796846932
2020-09-02,-0.4026153022580274,-0.48125559111764094,1.4360216912083053
2020-09-03,-6.426990490010644,-0.7405122650634847,-3.5020157435879606
2020-09-04,-1.0503532158802071,-0.31498331651612155,-0.819829128739593
2020-09-08,-0.5605757213702601,-3.710059372389919,-2.7703205857808015
2020-09-09,3.4380467616461456,0.6821872930476316,1.9554954033146534
2020-09-10,-2.258271268109323,-3.7342678575797787,-1.7516268052610484
2020-09-11,-0.06176163839188514,0.09201433300331001,0.05088990639970659
2020-09-14,2.741566812149666,0.7634943029399668,1.308542477164202
2020-09-15,1.9048244882124916,-0.7328367831084489,0.5039499847088357
2020-09-16,0.5878998168101919,3.936218615072861,-0.39762807741373113
2020-09-17,-1.8935402660080616,0.14723300453352714,-0.8834264755004752
2020-09-18,-0.11958544489833417,-1.124293653384761,-1.1579800374906346
2020-09-21,-0.8408238752767737,-3.3707678245996098,-1.1191355729460846
2020-09-22,0.541349783283301,-1.0375977836282313,1.0132610307525127
2020-09-23,-0.9038970265262826,-4.624893698455327,-2.3464253817115086
2020-09-24,-0.48541892510846507,-0.0330991111312172,0.26621860543923037
2020-09-25,2.16613602382351,-0.06625446838214694,1.6037212387816862
2020-09-28,4.424467806309385,2.325313685705715,1.647290429316239
2020-09-29,2.3636457047756463,-2.790265567020293,-0.5460773728128107
2020-09-30,2.7969987596077597,-0.3000483056685328,0.7553617832796317
2020-10-01,3.1934629866345454,-3.1199828344757408,0.6399396267042055
2020-10-02,-0.05238238876511922,0.9599158458168288,-0.9539863452959139
2020-10-05,4.458858800735958,2.9582037891856063,1.7577635604098762
2020-10-06,0.6992698656267963,-1.5018022193797864,-1.4317833086347878
2020-10-07,4.857703600674666,1.4023672118039459,1.7256825892307122
2020-10-08,-0.09487903102031414,3.678193963122889,0.8823539130630551
2020-10-09,1.554074370415087,-1.6108419400378695,0.8890361827749379
2020-10-12,-2.0775194030280346,0.2594936290603529,1.5959749860659556
2020-10-13,-0.3345220666810453,-1.5671362578640873,-0.6547662940986947
2020-10-14,1.1896264030672727,0.4268803817942863,-0.6303318157583826
2020-10-15,-0.7597471181876213,1.2050223036623902,-0.12364174030284347
2020-10-16,-0.42987928487966137,-2.292177072162128,-0.06046104668637603
2020-10-19,-0.7688545347044006,-2.1427100209866285,-1.5319813568211849
2020-10-20,2.0057891489328927,1.17745843969374,0.3997512597274819
2020-10-21,-4.447347705569748,-1.9247638516562984,-0.18946456154315866
2020-10-22,-0.34660414126392164,4.042663724565538,0.5470120430124664
2020-10-23,0.297174326771273,-0.4923739049109256,0.3389470699001482
2020-10-26,-2.0990185991097725,-3.652593808647887,-1.8652693851667728
2020-10-27,-0.7604633326067101,-1.3054115681582614,-0.3453494433119553
2020-10-28,-1.5384882493953005,-4.274018214572366,-3.4776778640327293
2020-10-29,2.046095454736237,3.0213838672198157,1.0112551634210338
2020-10-30,-0.9666808244356799,0.5586489579229216,-1.0479868390474012
2020-11-02,1.7735533325588742,3.3553333809641677,1.114599621539928
2020-11-03,1.1982264113790935,-0.5740234479590915,1.7501875811798926
2020-11-04,-1.298741733149281,0.1353550018085271,2.210330809640542
2020-11-05,6.802059176108504,0.0,1.9314897497215884
2020-11-06,0.7487160999138794,-2.188107597546583,-0.022834416782573003
2020-11-09,0.18628257517554025,13.344488256092072,1.2487521614361037
2020-11-10,-1.5002424707955777,3.185267875300552,-0.14677582770732078
2020-11-11,3.1615768100543575,-1.030806419091449,0.7401064213047145
2020-11-12,-1.1507469338158782,-3.2799486501548234,-0.9748132924556218
2020-11-13,0.4618871601222511,3.575563493662966,1.3749446516004658
2020-11-16,0.5056210611473079,6.374496617786178,1.24052930858774
2020-11-17,0.18323871254631272,1.019407261609086,-0.5392881578986981
2020-11-18,-1.4753505846362152,-2.9487285271017263,-1.2107734862739603
2020-11-19,1.4295770619262622,1.6242269829402456,0.42011454133678044
2020-11-20,1.1381824373166936,-0.5291393050799597,-0.687127884830087
2020-11-23,1.8834557815570745,6.826623879859185,0.5976576930589904
2020-11-24,1.3677805617393457,5.010588076714413,1.5985235667749287
2020-11-25,1.6945809791892,-2.359561891370141,-0.1542936660020471
2020-11-27,1.6239642022450909,-1.175292576472187,0.2781186804148621
2020-11-30,-0.2546406487249193,-5.684088844258494,-0.44371611561536667
2020-12-01,-0.9393895492002391,0.46138391914965365,1.0878265149921307
2020-12-02,-0.9049840310706374,3.1977137644789697,0.21014079559859927
2020-12-03,-0.6950501035734831,1.0436087395213438,-0.02726246005334401
2020-12-04,0.30467346317261723,5.306945170886411,0.8580878401778652
2020-12-07,0.4336716826075285,-2.3659335862148243,-0.20569763206936567
2020-12-08,2.647417150943655,1.4759690529793164,0.29215405732875566
2020-12-09,-2.4745214670295974,0.22321147665495902,-0.9009296910155041
2020-12-10,1.5005884669595884,3.0260784326089056,-0.03272485712753228
2020-12-11,0.5516503880961527,-1.1605474897953394,-0.11730865149130697
2020-12-14,1.4304078721008493,-3.5647114724478346,-0.44871133373291777
2020-12-15,4.5722189693393585,1.9466309835087336,1.3428821090235454
2020-12-16,0.0,-0.49556144396188706,0.15679242434372428
2020-12-17,1.975573367123935,-0.47301740734637515,0.5576536829278169
2020-12-18,1.3600401374001225,-1.6862299869281232,-0.40007667447567963
2020-12-21,1.7218605186960372,-1.947841715567014,-0.3581952753573203
2020-12-22,3.5771452042259706,-1.692690366229822,-0.1686845421400364
2020-12-23,1.5977113230310973,2.1897254479516692,0.0898138043490881
2020-12-24,-0.18028552861077762,-0.523271066371274,0.388278516452128
2020-12-28,0.7908100923206209,-0.6316028122975331,0.8554241032271757
2020-12-29,-0.9714064519286911,-0.6621148690407397,-0.19096018259461905
2020-12-30,2.3027455757144755,1.555737955059545,0.14258236064857338
2020-12-31,-0.17691665174382817,-0.8407889515893688,0.50678168030877
2021-01-04,1.5460689404512415,0.15817016794845598,-1.3707456959417026
2021-01-05,2.1046152625820285,4.381020357391145,0.6863752208927238
2021-01-06,6.956176649540905,3.005293328500868,0.5960819056215481
2021-01-07,6.20472492758545,1.4574083219850464,1.474808096864527
2021-01-08,-0.7510766700173219,-0.12062124192396642,0.5681322961795259
2021-01-11,-3.43591956790293,1.5570829010563219,-0.6763418293407141
2021-01-12,1.2098829156559692,3.434534485190684,0.02112852926681273
2021-01-13,0.4921382448102923,-0.7839784465259236,0.2689140091460964
2021-01-14,-0.8938209346730187,2.919917014086542,-0.35080435944982796
2021-01-15,-5.537525942910055,-3.96703027404558,-0.7319228452570445
2021-01-19,2.711597027451598,1.9917260522954794,0.782123056126839
2021-01-20,-0.38289270490842225,0.36621178091563283,1.374381059626728
2021-01-21,4.317199242133416,-3.439819359087515,0.0911074145446344
2021-01-22,0.7321724213698416,-0.5215612528293332,-0.3545597932171194
2021-01-25,-1.2848224678186877,-1.0273920085454828,0.39360114389375256
2021-01-26,-0.9901068478349937,-2.160505441760314,-0.15620569031250567
2021-01-27,-6.487032731119363,-1.3588586544424217,-2.474421139100801
2021-01-28,2.2310682499791534,1.1623323399411147,0.8563549579412617
2021-01-29,-3.3655334421672727,-3.375723373049326,-2.0222737364255514
2021-02-01,2.223411267420432,0.7095928075380608,1.650849649328317
2021-02-02,1.0772090274627348,1.0799865664797141,1.4041351459329139
2021-02-03,1.7699544504354534,4.183078538604188,0.0785918639606156
2021-02-04,-1.2841232351795921,1.0960261882634128,1.130161274892552
2021-02-05,0.7403899633118471,0.8494859413902844,0.3927961258848623
2021-02-08,0.9893237778149501,4.0972322139132915,0.7196229421440771
2021-02-09,-0.8931623145474339,-1.0656647029778412,-0.0666163884402183
2021-02-10,-1.3548483861812362,1.8966443923995915,-0.04357279506663338
2021-02-11,0.5182969596018612,-1.5553348308623691,0.16137462610510037
2021-02-12,-2.05654376812986,1.4658383884255453,0.4927619309409654
2021-02-16,-1.1277056903080989,2.4763448013789047,-0.08663378042929774
2021-02-17,-1.6818551147032463,1.4741136364233167,0.022926999165140065
2021-02-18,-5.3294673708443385,-2.285434636054251,-0.426496145651099
2021-02-19,1.9135916031573053,1.659451430048384,-0.17673349029951807
2021-02-22,-6.864200389010996,3.4060152858576767,-0.7721657774068642
2021-02-23,-1.400739458005267,1.6399062122532477,0.12137006590340445
2021-02-24,2.1124922833035935,3.48001466948873,1.0959026928899975
2021-02-25,-4.935021263468842,-1.947667584375974,-2.4390676282164505
2021-02-26,1.3632209092926848,-2.40086144089082,-0.5166234887354414
2021-03-01,3.720996497446838,2.5629384522218825,2.3951349009733174
2021-03-02,-3.2578679591594204,-0.5480376831564606,-0.7833902870155949
2021-03-03,-6.77008542853295,1.4548397720159785,-1.333406988409745
2021-03-04,-4.078781399249289,2.359103751565059,-1.2452198801792835
2021-03-05,-1.4264335317022234,3.6738626775761443,1.8229211783941122
2021-03-08,-3.0948402431713515,0.18865587862275948,-0.4990826691974851
2021-03-09,8.0215233768042,-1.7686115722234668,1.4176481306517943
2021-03-10,-0.04143329436635742,2.5010803482984385,0.6205305157562099
2021-03-11,6.150213345958514,0.03743606559955627,1.008797289885865
2021-03-12,-0.7827806235613223,0.2055529824882139,0.134574777894787
2021-03-15,-0.5516176783895256,-1.145211947274666,0.594598180104724
2021-03-16,-2.318259943487957,-2.8926610722354686,-0.1262247165844986
2021-03-17,-2.788197306413548,0.7744318781706531,0.34043515379101824
2021-03-18,-5.600938345369841,-4.597835776524527,-1.4656715185711073
2021-03-19,2.6042974038628923,0.02018276223827107,-0.18519846231922987
2021-03-22,2.370986842299696,-0.9635914012734395,0.7953311815136431
2021-03-23,-1.90080615895362,-1.4735349918640774,-0.7901886704075698
2021-03-24,-4.5809474752695705,2.4779571024798925,-0.5096538199965316
2021-03-25,0.4898813883504648,0.366466959581873,0.5609973148001036
2021-03-26,1.9793836536850744,2.4489118595422124,1.5986253844561569
2021-03-29,-2.4246236094115727,-1.1968971743118841,-0.05051251323788579
2021-03-30,4.706734209240257,-0.8666858408740726,-0.2656597809218622
2021-03-31,3.3901624178497474,-0.6906230796744988,0.4045078430004667
2021-04-01,-0.49506095063425565,2.515960844806679,1.0741487751355159
2021-04-05,-1.542024123613754,-2.4141080798549903,1.4250891222523816
2021-04-06,0.0,-0.26506326103174765,-0.05907724889867167
2021-04-07,-2.854291922212172,0.3464857868537665,0.11565251295052757
2021-04-08,1.2881339476620066,-1.3106983913679013,0.47357926806180217
2021-04-09,0.1279115625984613,-0.6618339526276573,0.7243756372984437
2021-04-12,-2.022897130690835,-0.7916609069526617,0.03644852622896163
2021-04-13,2.0228971306908425,0.10449514740461094,0.2959308155381323
2021-04-14,-0.34144719679606506,2.7410263960127015,-0.3420911338238834
2021-04-15,-1.4642885109745216,-0.8164817260355358,1.0685124989644694
2021-04-16,3.2859890816529576,-0.8025477698224672,0.3336769675030409
2021-04-19,-2.4650658229246005,-0.10338561993736622,-0.49250539321868586
2021-04-20,-0.9077188214333891,-2.683018833418707,-0.7348494838040159
2021-04-21,1.935129223884603,1.266635919068424,0.941750834243053
2021-04-22,2.3986032065071834,-1.1816958050227793,-0.9174877865433615
2021-04-23,1.853804746734564,0.9085953307666813,1.0783952683267308
2021-04-26,0.4886105799362973,0.6708721083890491,0.20853676481316022
2021-04-27,-0.32548052783735854,1.2045943979019953,-0.021542358616307367
2021-04-28,-2.05853994551849,3.389478664656513,-0.028732975019778093
2021-04-29,-1.551057049200354,1.1113321374187386,0.635243473381225
2021-04-30,-1.8333514130730533,-2.558615025823847,-0.6592239424493691
2021-05-03,-1.4301337253531574,2.7163772055220146,0.21542996401227063
2021-05-04,-4.189560714543013,0.059072984426127864,-0.6188071436269428
2021-05-05,-0.136641361479022,3.178561017012264,0.0312531002144687
2021-05-06,-1.3306013263169336,0.5137944469317112,0.7953947497595188
2021-05-07,1.7853483108520134,1.7682735023465628,0.7251546891818309
2021-05-10,-3.040324861555538,0.03728829757955602,-0.9951606506557744
2021-05-11,0.2335969146565448,-2.6059024205503145,-0.8964889164183429
2021-05-12,-3.417507789864418,0.4771451142509149,-2.147420443352989
2021-05-13,0.38553763381117256,-1.2260342996627034,1.1941020571525716
2021-05-14,3.822119930360097,3.056112341719172,1.5238669823128514
2021-05-17,-0.9302271518241758,2.291715848738987,-0.25477688773497553
2021-05-18,1.8518901450053686,-2.347820881369504,-0.8653196921356502
2021-05-19,0.7768095563548808,-2.519301708792853,-0.26252529414652476
2021-05-20,2.516990487686819,-0.15360908977309756,1.0700861948375346
2021-05-21,0.22166846422505287,0.21114512080131193,-0.08194050680681643
2021-05-24,0.17699792685501964,0.9919886499042864,1.014293866062191
2021-05-25,-0.2656099805776732,-2.052049743717595,-0.22213361969414328
2021-05-26,1.1896969153718708,0.8873535935477206,0.1982622213982329
2021-05-27,-0.08765024613469691,0.07676929337599521,0.05248306064668612
2021-05-28,0.4811061130974274,0.19172292613386036,0.17870961314104816
2021-06-01,-0.2183855155184012,3.7775854560572566,-0.08811975797848519
2021-06-02,-1.6310755301105415,1.8456598409298068,0.15714180865946165
2021-06-03,-1.8390326564889155,0.27121805757348033,-0.37183972143232813
2021-06-04,0.946172148151026,0.6658960041682545,0.9104401146022216
2021-06-07,0.5366395566131263,-0.4314372075266372,-0.09706593695391742
2021-06-08,0.4006640206044591,0.8610046334259343,0.021304094672615733
2021-06-09,-0.6238979745508427,-0.6270612655678447,-0.14930155467715872
2021-06-10,0.42164693427323596,-0.12588878829976924,0.46376102762350657
2021-06-11,0.8469103988731858,-0.3425133761999415,0.16510743997688002
2021-06-14,1.191268062598985,-0.43431766251878096,0.22366174531831765
2021-06-15,-1.1469047122391798,1.886344272369314,-0.1835955447026363
2021-06-16,0.530974237240561,-0.5353473061455722,-0.5598926137225966
2021-06-17,0.572090970035069,-3.4586454776234663,-0.033167057055249444
2021-06-18,-1.6814837585024132,-3.008312484558694,-1.3582228133146907
2021-06-21,1.0210806693063859,4.173186334990854,1.42145059186013
2021-06-22,1.010786566530285,0.6635887683659174,0.5331648862369907
2021-06-23,-0.1750516313744927,0.2751988437676277,-0.1205972861201592
2021-06-24,0.6548717626752066,0.8574415946056454,0.5898392056805603
2021-06-25,0.30417297319854103,0.5254177060309901,0.35459362212831425
2021-06-28,2.611994805362677,-3.4375170478489467,0.20135436289321415
2021-06-29,0.6319796356588746,-0.48745818943187696,0.05381240030750377
2021-06-30,-1.4808832991592373,1.2327449770761187,0.08412998711660202
2021-07-01,0.34042844417580104,1.7299057893479792,0.5521445271680124
2021-07-02,-0.21262435815678207,-0.2191920696892031,0.7614526240591587
2021-07-06,0.6788281183087219,-3.308829496828733,-0.18233488642053727
2021-07-07,-0.3388337393707091,-1.638803975086549,0.3527943924793833
2021-07-08,-1.754807619445714,-0.5780425153209294,-0.8181250749008335
2021-07-09,0.2587058489136856,2.1033705502398625,1.061807669143721
2021-07-12,1.1561073915940265,-0.15149609781973944,0.35754796680208273
2021-07-13,-1.1991712844466045,-0.7609076922054374,-0.34147907135976163
2021-07-14,-2.4865036144642505,-3.0240440321698774,0.14911785548274412
2021-07-15,-2.0076318039990806,-1.4072462874480103,-0.3421526853694258
2021-07-16,-0.4064216529490001,-2.875258904615099,-0.7874312553975585
2021-07-19,-0.7266116539357748,-3.597219188867932,-1.4878209538071057
2021-07-20,0.9977459284695372,1.3326581196817633,1.4228659940098967
2021-07-21,3.1099826737932625,3.4286683642161204,0.8063794894589096
2021-07-22,0.043723075151332946,-1.1230331562862579,0.20919726579475167
2021-07-23,-1.3647539571317358,-0.3702947435482673,1.023556863090509
2021-07-26,-0.8010716500411287,2.443134414887012,0.2451777719916381
2021-07-27,-0.7174973110673636,-0.9295142472961174,-0.4568196310302882
2021-07-28,2.708271286865747,0.9093640473639956,-0.041003236832433586
2021-07-29,-0.26315781202753274,0.9609839961394298,0.41388980149114285
2021-07-30,-0.2638611092779624,-1.6067938162630209,-0.48684083732950983
2021-08-02,0.08802214289292222,-0.751931212705388,-0.2100181348223448
2021-08-03,1.9172803384748311,1.699049154964137,0.8102453657163243
2021-08-04,-0.21601462967972304,-2.7449128517095667,-0.493098244546589
2021-08-05,-0.7380040879957969,1.127425674192128,0.631277885430028
2021-08-06,-0.13081319418687515,0.9130633161567706,0.1651296770333546
2021-08-09,1.5584803234751772,-1.4239484252594585,-0.08138530557637033
2021-08-10,-0.12896643065507238,1.7465965244117514,0.1243080894875734
2021-08-11,-0.6039555878574114,0.7821037937186923,0.24818291736510537
2021-08-12,-1.2628096500786286,-0.09994321765840566,0.2992389364392394
2021-08-13,-0.968748828226984,-1.1867648014508452,0.18181977369841118
2021-08-16,-0.7996571583304354,-1.858532864110643,0.2351759785511414
2021-08-17,-1.0762426239880756,-1.0360592019138208,-0.6576808981047872
2021-08-18,0.6292271443637912,-2.104897571527084,-1.1005096732290278
2021-08-19,0.0,-2.62944751867808,0.15469708948364422
2021-08-20,1.6000146225397256,0.21813923370652,0.7925728576085561
2021-08-23,1.2705557152522604,3.6795502681429006,0.8758142929400734
2021-08-24,0.6076607784683459,1.645711303021533,0.15860054200692522
2021-08-25,0.34555773743367524,0.7615455184274914,0.20960411929908715
2021-08-26,-1.1711160423963698,-1.5289540041938234,-0.592046715609689
2021-08-27,0.8688172821826694,2.6300983408709477,0.8900990356814409
2021-08-30,0.9898872470840602,-1.1831821939702925,0.4388084962976353
2021-08-31,-0.08568392093449143,-0.6795076611343366,-0.14826261192963114
2021-09-01,0.7685768959578706,-1.4778097276739672,0.0531193114233727
2021-09-02,1.18393363249831,2.5055724952918403,0.30719474019154236
2021-09-03,-0.8018662817349814,-0.5742512436108206,-0.024278657002110723
2021-09-07,-0.8083308249514378,-0.5982276502963213,-0.35820141923717264
2021-09-08,-1.9409691901605057,-1.2911669801666248,-0.12188186361099046
2021-09-09,-0.13074733462336058,0.20939834211220343,-0.42894617417623215
2021-09-10,-1.5824490960391984,-0.041857914094916696,-0.7915765506130932
2021-09-13,1.9741705400406941,2.8263769752260925,0.255573799019735
2021-09-14,-0.6100261169278082,-1.4547870082237218,-0.5410835796931556
2021-09-15,-1.40846680634892,3.6677198368294315,0.831788614009445
2021-09-16,-0.6671132787049164,-1.1405800633010437,-0.15866156512523324
2021-09-17,0.4896631359232201,-0.747411201884605,-0.9788691222423009
2021-09-20,-2.7004405913186162,-3.1012697766504274,-1.6814879535380758
2021-09-21,1.1791447523960121,0.23258880225051332,-0.09449601845142411
2021-09-22,1.3879832085119703,3.0368446803228664,0.970753344878748
2021-09-23,0.885337530345064,3.4433936043760904,1.2076689916016836
2021-09-24,-1.9582213932883286,0.7493593781489191,0.16459504254124524
2021-09-27,0.8057242468366119,3.494233950174746,-0.28650313900443153
2021-09-28,-2.2087753309834066,0.3408981086635025,-2.0357635609232254
2021-09-29,-1.0538492675213589,0.0,0.1681745645131919
2021-09-30,-0.2767527020252281,-1.5241110096155412,-1.2297637753932782
2021-10-01,0.5527509325354183,3.3043435323503845,1.1814127380039894
2021-10-04,-2.653166763111225,1.6212594193991534,-1.2979955976193456
2021-10-05,0.1884980934695573,0.583106338470893,1.035120538269806
2021-10-06,0.23514075667608578,-1.0593755736032562,0.4147482758493944
2021-10-07,1.0280232842892096,0.7682678674893823,0.8608637934872201
2021-10-08,-0.7934531901632649,3.032982634226341,-0.1825578713262549
2021-10-11,0.3741657214573958,-0.3719290140360318,-0.7265919826479392
2021-10-12,3.711763184122272,0.08867401649596982,-0.24646725906044276
2021-10-13,3.1875448386975256,-0.0886740164959689,0.35910843303367485
2021-10-14,-0.3929362861635765,1.2168486439575512,1.6680816263976335
2021-10-15,0.3057405972948126,0.48958255510573034,0.7587114412165489
2021-10-18,0.39172144400150416,0.06973616688943007,0.29558912670676435
2021-10-19,2.4035586468194015,1.1266466211296,0.7685291846690235
2021-10-20,0.591970198515191,0.8067941453858083,0.39199281509509615
2021-10-21,0.12637839766583464,-1.8637219228668318,0.2605084944196628
2021-10-22,-0.8032222765582933,0.9361911043136495,-0.10367490406458987
2021-10-25,1.4746610079341729,1.4561409471451152,0.5348282470853875
2021-10-26,-0.6714387313758918,0.5765662720905365,0.08995826974883324
2021-10-27,2.945677047142745,-2.9166684213767615,-0.44399446375454016
2021-10-28,3.4160304676644957,0.7112690957013694,0.9602583629189445
2021-10-29,-0.15816250346197533,-0.6590430277539071,0.20269512464724412
2021-11-01,2.036893373242475,1.7079662353515566,0.17191019223323523
2021-11-02,-1.918246041630678,-0.9452535582786494,0.40348309503382845
2021-11-03,-2.319179785020932,-0.8323508920688237,0.6086574938538784
2021-11-04,-0.5272579163233714,0.13921235902026757,0.47014381950772915
2021-11-05,-1.2687100237828068,1.2956915370914517,0.3463526869336636
2021-11-08,1.7959679401061788,0.9056086539339465,0.08534876477910944
2021-11-09,-0.5272579163233714,0.40739070146728634,-0.3310939377621752
2021-11-10,-1.4335708256554032,-2.678265036517034,-0.8077295804130105
2021-11-11,2.6059971872294008,0.38207182915633603,0.03235243953603831
2021-11-12,0.8006467957296728,-0.2429719130703925,0.7518344508168825
2021-11-15,-1.2033746755037533,0.8305915186914021,0.03423892390552437
2021-11-16,-0.24244056547653886,0.1549669287691238,0.39501384121104377
2021-11-17,-0.608627560114596,-1.5431463501200766,-0.2432159884698621
2021-11-18,-1.3934693695206304,-0.5958740019014326,0.3390722475259186
2021-11-19,1.8806723378883228,-3.980446373413323,-0.1790088421152761
2021-11-22,-2.3356910100052213,1.758744834126599,-0.28191094537839106
2021-11-23,-1.1676575609652355,3.0270110560033996,0.13251947414667742
2021-11-24,0.2931993361571433,0.9717651488312591,0.26662943115749466
2021-11-26,-1.3050200686424736,-4.106677654990282,-2.2555716367346115
2021-11-29,1.095680945220023,0.5741015600268871,1.219230189433661
2021-11-30,-1.5628574847182484,-2.371369758074087,-1.96496426694082
2021-12-01,-3.1570307713959496,-1.0681467559232682,-1.116939480862168
2021-12-02,-0.44033200835393355,2.865414953970466,1.5200246574059229
2021-12-03,-3.1834118898099777,-0.7948142714428454,-0.8739509922857285
2021-12-06,1.1775610278564101,1.476183881441137,1.1773851622421054
2021-12-07,3.190342831466359,2.3139731929888177,2.0473898925282716
2021-12-08,0.3047998362759853,-0.017455998015762208,0.26442789351909796
2021-12-09,-2.911539792262361,-0.7713964632686289,-0.6774450931014256
2021-12-10,-0.6736959366864775,0.7364674814516361,0.9369482056125061
2021-12-13,-0.5268552357126596,-2.817100243501469,-0.8897755143430806
2021-12-14,-3.0515427212744224,-0.41414908116089444,-0.6903882856468807
2021-12-15,1.6760274039437977,-0.4883875506626571,1.5504152043708879
2021-12-16,-2.2410010615271094,0.6326210161267166,-0.8857471264312091
2021-12-17,0.18867943622169883,-2.057047286001129,-1.070000684195759
2021-12-20,-3.745054350221723,-1.2466648776228146,-1.0690445021905637
2021-12-21,3.272691363863864,2.8087074038971767,1.7603129294771889
2021-12-22,0.56656461269473,0.6399107699502902,0.9949042895002952
2021-12-23,0.0,0.05466704367057321,0.6202905995158555
2021-12-27,-0.14134050419318892,2.162239711038354,1.405298251576175
2021-12-28,-0.995036231191643,-0.07131249622424927,-0.0817602344244137
2021-12-29,-0.3338783085584062,-0.6442465615417947,0.12784253809726523
2021-12-30,1.3862578789085274,-0.6122935097176232,-0.2768264861517032
2021-12-31,-0.18876516565197302,0.25256472247598843,-0.2523358411974789
2022-01-03,0.7998073860182168,3.052068981985177,0.5773295146810513
2022-01-04,-1.5584612028858598,3.401780137682478,-0.033513399306529544
2022-01-05,-4.776734640379736,-0.016880604349253852,-1.9388786967610399
2022-01-06,-1.4077725708244049,2.2056089425739867,-0.0939846478473765
2022-01-07,-0.4567453756936688,1.362344621697087,-0.396138829304928
2022-01-10,-0.45883078901798835,-0.3102276788591624,-0.12451939950104626
2022-01-11,0.8649364016732256,3.344912831371845,0.9067154563538817
2022-01-12,0.25298361002577013,0.18957978134844636,0.26998100550161425
2022-01-13,-1.1179200116989831,-0.5064008545550583,-1.3874385087357706
2022-01-14,-0.6150711715156146,2.3209489173108784,0.04088498786955356
2022-01-18,-2.815613569324724,0.4022271366570348,-1.7868325284362576
2022-01-19,-0.26474001248253043,-0.7282844378221888,-1.043784036538876
2022-01-20,0.6342514734521283,-0.9218218461720329,-1.1129534911442798
2022-01-21,-3.6484873314855686,-1.9975228020864422,-1.9825935822164285
2022-01-24,0.38177199978619686,0.6702912142244136,0.4237678937031803
2022-01-25,-3.0397356315366544,3.8075892343670854,-1.228408362990091
2022-01-26,0.3361404021950051,-0.16856486319935846,-0.25120680198115963
2022-01-27,-1.5783942447936732,1.0830800854701774,-0.4950121367643512
2022-01-28,0.9049911030234663,-0.4257296081930865,2.4531914482504114
2022-01-31,5.424492801346214,0.4409026873747469,1.7850934211509202
2022-02-01,-0.16013083107116144,3.5028467904229763,0.6734190949830725
2022-02-02,-0.4282589518027891,0.32172292647466694,0.9667255849079628
2022-02-03,-2.5537878640201837,-0.9535601433210401,-2.378560045120017
2022-02-04,0.9312372116834755,1.5504053887819058,0.46911671345073763
2022-02-07,-0.6015721655466042,1.2691355565253275,-0.32144668379639074
2022-02-08,0.21918552954185602,-2.1730681021465967,0.8193981745569883
2022-02-09,3.548764338597457,0.8313339917014826,1.453011480078479
2022-02-10,-2.568369940190243,-0.6264849503949689,-1.8128821978502372
2022-02-11,-2.6360892402864424,2.867011547701938,-1.9916014378002918
2022-02-14,-0.7821137798826612,-2.385862676848238,-0.3274407063177643
2022-02-15,4.924403108975647,-1.0527867478802668,1.5998230128007374
2022-02-16,0.05338053180575343,0.8052457673618658,0.11202164487773116
2022-02-17,-1.3971192624660707,-0.1605726717946862,-2.1592895826006933
2022-02-18,-1.8569528693937143,-0.6153007459907499,-0.6496103560473796
2022-02-22,-2.5119905595584595,-1.6296536889092823,-1.078983100148732
2022-02-23,-0.6806605127481604,1.0253569678336956,-1.7897703585643414
2022-02-24,7.349784696857675,-0.7866391263173029,1.4936997720289882
2022-02-25,2.7641925267181398,2.603268508504587,2.1823910788764644
2022-02-28,6.328386824394119,2.438084588683851,-0.25616803953724726
2022-03-01,-0.9704037718102583,1.0009023525325493,-1.5347439143275656
2022-03-02,-1.6220431046759471,2.2607263085093807,1.8229062604812312
2022-03-03,-3.0694477337857307,0.273885752673403,-0.4990926977705525
2022-03-04,-0.7694240967559315,2.844831357975194,-0.8157810848962787
2022-03-07,2.44162684489497,1.4646751911090738,-2.9922297950709433
2022-03-08,6.657780930264158,1.5596895525843495,-0.761080156301147
2022-03-09,0.2816950840991613,-3.1041508410567045,2.645785443298326
2022-03-10,-1.4164398970982026,3.0138391681901604,-0.4525862257350511
2022-03-11,-1.5333442551322067,-0.8035218963725728,-1.2796499485640374
2022-03-14,-3.6886430140083957,-3.038526735387218,-0.733520343542088
2022-03-15,1.5904941586832124,-3.7307246027283405,2.1752169805924435
2022-03-16,2.6278932993626944,-0.4605343513718475,2.193172440527988
2022-03-17,1.2410739773138533,3.383155458551055,1.2433401764833645
2022-03-18,0.3314982343658707,-0.09471603211330855,1.089341287027378
2022-03-21,-0.7117396109983501,3.9520014571728157,-0.029278515551146887
2022-03-22,1.3715144008578875,-0.7382682553369979,1.163379130217758
2022-03-23,-1.5621690142068834,1.7056244123077082,-1.2962232891857453
2022-03-24,1.5621690142068843,0.2468917106242422,1.4961858915039103
2022-03-25,-1.181222587739134,2.1693813205013304,0.4871793062816318
2022-03-28,0.4268324350300154,-2.5073659541990985,0.7087847080291799
2022-03-29,1.4564781668102922,-0.26076950206113964,1.2295018879544404
2022-03-30,-0.23349151604159357,1.1551969007566765,-0.6193962738885823
2022-03-31,0.6059157280174371,-1.3642779516039352,-1.5511003135917512
2022-04-01,0.5560812239984784,0.8078351866061777,0.2830278086542703
2022-04-04,2.0128613655283982,0.1296800207281383,0.8529716963405727
2022-04-05,-0.27209527083954216,-1.5806275051583711,-1.271150013927631
2022-04-06,-1.187769328074251,0.5907650414564973,-1.0049676431779369
2022-04-07,-1.2020564430249905,1.3003942205670387,0.5026323854695369
2022-04-08,-1.2637588228829335,2.7147492350070053,-0.26776290046151013
2022-04-11,-1.041677630715079,-3.051224029981575,-1.724003134338402
2022-04-12,-1.1488973799036948,1.645701767298022,-0.3712084011398576
2022-04-13,1.2440528693920316,1.4809496873932249,1.1388460701497594
2022-04-14,-1.1959140364209866,0.3261340393677641,-1.25299275262159
2022-04-18,-0.7244781147630271,1.45461999675191,0.041089850100089684
2022-04-19,2.0629270413370424,-0.817956330175378,1.6013897253556706
2022-04-20,-1.7724861163099195,0.3850282864337594,-0.07418920689466962
2022-04-21,-5.004770594188006,-3.2248504946879404,-1.5066435179200426
2022-04-22,-1.6910237173883937,-2.475671444971461,-2.782264037819324
2022-04-25,0.0,-3.363031916559294,0.5780872729832631
2022-04-26,-2.7772502397308543,0.1356606914865453,-2.9388377532335506
2022-04-27,1.2146923000367373,1.4532080749996092,0.28077410564468397
2022-04-28,0.41907172017209293,2.987222217788583,2.4945676631658142
2022-04-29,-1.527541584668806,-2.600594130983176,-3.7655703703983043
2022-05-02,0.15911168341087134,1.584178878384283,0.600132647162324
2022-05-03,1.5773142875390678,2.7643256050278655,0.45735631906462465
2022-05-04,4.088462093327448,4.069442754880357,2.9998534034809894
2022-05-05,-3.984188560425235,-1.5160372720376376,-3.618988657586475
2022-05-06,-3.2841805647903897,2.9370993985354104,-0.598684567250939
2022-05-09,-6.163495751862484,-8.635370375298448,-3.2541175298278895
2022-05-10,-0.05728341775115599,0.9030674218522435,0.23080757223092355
2022-05-11,-2.966198547017787,1.333120694206156,-1.6013797521742998
2022-05-12,-0.7108913828388209,0.42337940268893953,-0.10443781091599691
2022-05-13,4.760017577441519,3.3610985870837835,2.3626490681372347
2022-05-16,-0.7968034930495381,2.602666409589437,-0.40658694910556376
2022-05-17,4.141607978642621,1.151233050476164,2.0361683358750944
2022-05-18,-0.4395648077130554,-2.596945973023047,-4.114659748373453
2022-05-19,3.7822026282840877,-0.3677581790756753,-0.6143552665816855
2022-05-20,0.5288129767826325,0.4289163557277551,0.04363839282431949
2022-05-23,1.205776803872393,2.6072820902576326,1.8537372000758705
2022-05-24,-1.4698497681725073,0.38054969850712844,-0.7663089624051804
2022-05-25,1.417721324996812,2.0442563283737165,0.8796227964042536
2022-05-26,2.4717942048615145,1.0987058060677977,1.9784246937573642
2022-05-27,2.412177461283362,1.8123087516092693,2.425257861046192
2022-05-31,-1.2993568565130484,-1.513705316664921,-0.5626706987170089
2022-06-01,-1.1636922505801761,1.6153113487445032,-0.812126755061988
2022-06-02,3.9905578117853424,-0.3164461800690969,1.8864415680014754
2022-06-03,-0.78546953878553,1.3157574077433554,-1.6547875700318224
2022-06-06,1.9522402230393316,-0.11179726110615153,0.3040272131361922
2022-06-07,0.8662180005561355,2.9425322737220148,0.9546506034360615
2022-06-08,-1.2536309132780654,0.21694927250003093,-1.0931644088948702
2022-06-09,-2.7738282385027238,-2.2354640875239107,-2.407040131408108
2022-06-10,-1.8246890839428347,-1.7100087347317956,-2.9424357777583587
2022-06-13,-5.899541119579835,-5.3603898953243645,-3.870768326556473
2022-06-14,-1.1459879670608832,0.19011121063764155,-0.3017841979512582
2022-06-15,2.3862211022774993,-2.2327019430993813,1.41557153910249
2022-06-16,-3.7678657129619384,-5.797285605408545,-3.365604484615102
2022-06-17,3.553281038729544,-5.622063380485334,0.21533852780164994
2022-06-21,2.4404213842958824,5.05088077560782,2.486195591601071
2022-06-22,-0.6309049354860106,-4.085485422212674,-0.18145390607153095
2022-06-23,1.880949633209606,-3.7771842962668947,0.9754699361840209
2022-06-24,0.46473758806062626,1.307572263944568,3.1299005968143403
2022-06-27,1.381464135119408,2.891187315370543,-0.3827146398908482
2022-06-28,-2.7300204329414894,2.6646874229291693,-2.064448291590512
2022-06-29,-2.2176305656326254,-3.5369757371094734,-0.08146567771235963
2022-06-30,1.6940616504477441,-2.130704854319309,-0.8157657403122539
2022-07-01,1.4073876249463562,1.4852265949952608,1.0520888187250947
2022-07-05,-1.4598903305896769,-4.048931170347926,0.1887143425255594
2022-07-06,-0.42105930261994734,-1.7220708858282954,0.33715878823493806
2022-07-07,4.0315394319423765,3.541879806264636,1.486604575424275
2022-07-08,1.2585145736645666,-0.0423018681273645,-0.08228776288573669
2022-07-11,-2.738506848499633,-0.9630456327921681,-1.1489322006065388
2022-07-12,-1.815863290198351,-1.9688708568716962,-0.8888510893641871
2022-07-13,0.574267192303742,-0.1597655229607585,-0.526545180191077
2022-07-14,-0.4173358322002327,-1.9079109172446058,-0.24313881810495536
2022-07-15,-1.6869067238671673,1.6167455431297229,1.892493391514307
2022-07-18,2.00007438274908,2.263178231608332,-0.8291163291665342
2022-07-19,1.807444011302308,3.032216886844563,2.666052785589475
2022-07-20,0.5613618414837621,0.9632636109579716,0.6352808306881677
2022-07-21,-0.20376250307352106,-1.768485636278196,1.0131760391143878
2022-07-22,-0.5625306641828854,-0.8258194560213037,-0.9321430009127737
2022-07-25,1.2739055743174725,3.6026151690098853,0.12145904220755852
2022-07-26,-1.58206635112114,-0.912496838991075,-1.1901983508924492
2022-07-27,4.623944964692298,2.232382844225082,2.5635094293004315
2022-07-28,6.787883607587634,0.5603806400242604,1.246419147752645
2022-07-29,2.268696162247142,4.2459824763889396,1.4473650997209215
2022-08-01,-1.264116214390965,-2.0874292019606577,-0.2965821023907219
2022-08-02,1.2641162143909546,-0.2346329866318696,-0.6619044749906476
2022-08-03,-2.131106436389531,-2.9133786769434384,1.5538210481630266
2022-08-04,1.9065398980400199,-3.7791759019138613,-0.06759307121859973
2022-08-05,0.7614972745328854,1.9621990026650296,-0.16915565244007721
2022-08-08,0.4452252240636815,0.518620794409638,-0.11615115719222087
2022-08-09,0.35477265565207117,1.740825252325582,-0.3978870696467612
2022-08-10,4.416313046263209,0.7197820070711897,2.0786156183553737
2022-08-11,-1.4075886968048372,3.3822027701765256,0.0
2022-08-12,1.153114960509974,0.7547304532400515,1.6787381785710238
2022-08-15,-0.12745878567429664,-1.9690564821620178,0.41122778449747005
2022-08-16,-1.2837245545150142,-0.23419426090716058,0.19569294154902078
2022-08-17,-0.38835128068793184,0.8302805063809456,-0.7123256170774566
2022-08-18,0.21593495395392862,2.6518773915169453,0.29021941931764905
2022-08-19,-2.799820560630583,-0.025190389114974905,-1.352911806588768
2022-08-22,-1.5649681218580247,-0.18894437493911492,-2.104237609175929
2022-08-23,0.18008360931952386,3.542601912774337,-0.24221540083426155
2022-08-24,1.9599750442647106,1.2216702329814098,0.31959189139071087
2022-08-25,2.0520332618133867,0.7664740181817975,1.4018808792702295
2022-08-26,-2.3170460257147703,-1.1760409557922635,-3.4435202173099504
2022-08-29,-1.1118663648947142,1.4976445551089463,-0.6634096409588509
2022-08-30,-0.9887682410038192,-3.4479983695181815,-1.1038669733256317
2022-08-31,0.1805080472469011,-0.915035163273217,-0.7637939863798523
2022-09-01,-1.773995069733919,-2.4903857152703615,0.3132785536927499
2022-09-02,-1.6192626817640567,1.8172914457857867,-1.0600258671113159
2022-09-06,1.0670398822451712,-0.9297514169556768,-0.37803913402249445
2022-09-07,4.731668874310325,-1.1681036004496734,1.780561607647135
2022-09-08,0.6580376984496387,0.4332741415777566,0.6515027517807074
2022-09-09,0.2620126610246288,2.4618305650274652,1.5415743744738393
2022-09-12,0.6953626270461793,1.8195544629980038,1.0690388405607205
2022-09-13,-2.6773673857251814,-2.554287924162162,-4.445621988406057
2022-09-14,1.5449436102821872,2.7854974056040267,0.3808466472179648
2022-09-15,-2.843359547166149,-2.6106487708422095,-1.141815609246453
2022-09-16,-0.36118843955930174,-2.156589378637266,-0.7658170842735876
2022-09-19,-0.2717432127434216,0.05922563951736724,0.77250882480397
2022-09-20,-3.038905479812972,-0.6979287676300074,-1.1545097202213208
2022-09-21,-0.5155697282036562,-1.4764662599920342,-1.7597618787422566
2022-09-22,-3.1991294328561493,-0.3560380720943648,-0.8435285138531876
2022-09-23,-2.904469057422041,-7.144922063188537,-1.689672022369026
2022-09-26,-2.4780028998486965,-2.485225746943525,-0.9942037508806656
2022-09-27,0.6634311494335995,1.1137722867461388,-0.25559021060060666
2022-09-28,1.5645004899005481,4.335047755719464,1.9485209661690432
2022-09-29,-4.454278627581945,0.0,-2.111018028707366
2022-09-30,-0.05238625607062419,-0.8021108217674964,-1.558428426369316
2022-10-03,3.0438537455513224,5.497312328823949,2.605865654421371
2022-10-04,3.101783727719678,4.20777441647779,3.0516215565690574
2022-10-05,-4.071930308110783,2.045446309204985,-0.23310229347297384
2022-10-06,-2.704270015008248,1.7621852740180157,-1.0369346412702944
2022-10-07,-2.8878996707843894,-0.7793774690970029,-2.829021849877855
2022-10-10,-0.43503689902330894,-2.075151676667091,-0.766482223331439
2022-10-11,-1.0408187173570853,-0.8020039279464612,-0.6352928513293074
2022-10-12,-2.565665629140521,0.8020039279464746,-0.33039502096948614
2022-10-13,1.123612204485564,4.000280213536597,2.6048770369912613
2022-10-14,-2.0316448336801707,-3.800785581435347,-2.3052296967654877
2022-10-17,1.807927879485337,1.2379286023155385,2.537237659479116
2022-10-18,2.5429816308447917,0.8697428987964119,1.1681056475791012
2022-10-19,-2.991922639211381,2.9088763489281284,-0.7112003390367237
2022-10-20,-0.847229968960419,0.0947223554400013,-0.8420323351956437
2022-10-21,1.7430943223523676,2.8469887715005795,2.4010802278002092
2022-10-24,-0.7834512842654033,0.4705200455994779,1.2162097128427516
2022-10-25,2.934053239722184,0.10299952987956151,1.5842578468869197
2022-10-26,2.5849741076874495,1.3519317806430267,-0.7562543316680598
2022-10-27,0.47732945038187047,0.3604298721686975,-0.5354384663301694
2022-10-28,-0.15883197405345154,0.34793616765470037,2.351180135022028
2022-10-31,0.10590184181218874,0.8368371547988172,-0.7249253785975764
2022-11-01,0.15869581472395913,0.9620200787326856,-0.4385441080376449
2022-11-02,-1.544622652229045,-2.439549695704892,-2.5416472731973423
2022-11-03,2.0717690344340003,1.8324617349423464,-1.0350304296679638
2022-11-04,0.733371630666703,1.2105219855677842,1.4290595402827604
2022-11-07,-1.049321648881553,1.7027799280326426,0.9519958980537976
2022-11-08,2.3971996997640637,0.09674435845228746,0.5380927450109332
2022-11-09,-0.4645184613424823,-5.011797298614319,-2.081703241761713
2022-11-10,6.654117333590337,2.20083863308738,5.349705471383117
2022-11-11,-1.0216581630222836,2.864639502702252,0.9632028978770312
2022-11-14,-0.8840950688690498,-0.0322050442227415,-0.8542983366718848
2022-11-15,1.8088898067905912,1.047123645224896,0.8492826240482002
2022-11-16,-1.0716087399455292,-2.061924346476915,-0.7658138422648518
2022-11-17,0.4885180167857009,0.21677383453400437,-0.30644208310321724
2022-11-18,-0.14630302698157124,-0.7935276412476162,0.45300112807011284
2022-11-21,-0.7347431491393018,-1.3625080499928763,-0.3642643514776862
2022-11-22,1.2701573470971568,3.082857400223654,1.3367399193926084
2022-11-23,1.0622946959330526,-1.0893696563006188,0.628173945810861
2022-11-25,-0.09610903834355797,-0.36938451517840964,-0.022381161767915148
2022-11-28,-1.843814845351507,-2.7813380252574533,-1.6085549114989488
2022-11-29,-0.5401367166216806,1.4995990581470584,-0.17190250654050146
2022-11-30,4.099919244852752,0.4949385821406407,3.101439491900409
2022-12-01,-0.9496789351476536,-0.32968672281962424,-0.07360002655047504
2022-12-02,1.468193331496005,-0.5961529635518757,-0.11543328227895323
2022-12-05,-1.2775231929047641,-3.012482118786291,-1.8152869580830906
2022-12-06,-2.1175108701409764,-2.6714505779080993,-1.451987520976657
2022-12-07,-0.3898696851838542,-0.23470164323332127,-0.17025706063341892
2022-12-08,0.7782155635956991,-0.44740677619088925,0.7803382300042474
2022-12-09,-0.2911154924691556,-2.4609993519363265,-0.7498235962439802
2022-12-12,0.9189991201962976,2.590711433243866,1.4314245210952352
2022-12-13,1.1794685264895106,1.8796917795410852,0.75413249436329
2022-12-14,1.137444533944152,-0.6148643109082366,-0.6413936785704565
2022-12-15,-2.0953199313534645,-0.6069943359657578,-2.476587382934964
2022-12-16,-1.7965920272869913,-1.2369932568381017,-1.187639371566723
2022-12-19,-1.0837471516493142,-0.011971981911761409,-0.851581022924839
2022-12-20,-0.14870648776286427,1.4978961843807213,0.13673520959482904
2022-12-21,1.4282509121502025,1.881879390857571,1.4841775004599118
2022-12-22,-1.7263090089480089,-2.3312867702629196,-1.4368735289966117
2022-12-23,-0.5487679567512642,3.1385711037755297,0.5735663421204222
2022-12-27,-1.1572373260316091,1.0625665425995947,-0.39513182065897223
2022-12-28,-1.0173069805651627,-2.2643585829241477,-1.250565159952476
2022-12-29,1.5724547590128448,1.0408596099974732,1.7840078195000664
2022-12-30,-0.10071342124844582,0.6307640206204971,-0.2637434910292972
2023-01-03,-1.1145126312852063,-3.572845401125271,-0.42187358849961265
2023-01-04,0.8117927145356866,-0.01183423908608545,0.7690692972748312
2023-01-05,-2.093533165707958,1.8084063162187505,-1.1479370822851962
2023-01-06,2.547249928675436,1.87911063440199,2.267335412267415
2023-01-09,0.8515019076411321,-0.3546461999680846,-0.05671485283574931
2023-01-10,1.4851919200808572,0.708087471062702,0.6988345136224831
2023-01-11,2.8580131200522283,0.30678468940493325,1.2568461654529033
2023-01-12,1.4695648188298442,1.8881309514835207,0.36341131435172047
2023-01-13,-0.1412739923879468,0.14460934221265476,0.3872062920643471
2023-01-17,0.6575965158469953,0.2110252590285894,-0.18334330479069896
2023-01-18,-1.1773154320165975,-1.8474702340538385,-1.5914110183921428
2023-01-19,-3.4211998648850503,1.2354282243534374,-0.7306268787614253
2023-01-20,0.9756118686599573,0.9885236726757032,1.845752374627749
2023-01-23,1.7801777745155845,0.13252274475170187,1.1927210513549904
2023-01-24,-0.7659179577561159,-0.3870480071209721,-0.10736814775231973
2023-01-25,-0.8202763885173133,0.011084710508515897,0.03745877788848628
2023-01-26,-0.04845087879713302,3.1087200700233764,1.0930348828184406
2023-01-27,-0.4859018943336991,-2.039804583474229,0.22949183058919886
2023-01-30,-1.818689340769259,-2.317560704565397,-1.2626059456591745
2023-01-31,2.836370410819625,0.8823695835889336,1.4596243779882587
2023-02-01,1.0074668269922644,-1.9878322068183532,1.057190920114998
2023-02-02,-0.6224772156635423,-2.306343589295529,1.4451913032496295
2023-02-03,-2.627876061344978,-0.2207997233710737,-1.068597152069169
2023-02-06,-0.29631161090966107,-0.4547384853530891,-0.6130168835980615
2023-02-07,-0.049467438109346826,3.197177439201007,1.2993851596182298
2023-02-08,-0.7948351803067186,-0.8982204242744717,-1.0994991550788857
2023-02-09,-1.710306518779567,-0.8602427717958059,-0.8706892059094251
2023-02-10,-0.15231037143085954,3.8418489748893725,0.2330893598459686
2023-02-13,0.9608315575997706,-0.2552691723368756,1.167059596381063
2023-02-14,-0.7070927413920233,0.03331242718918622,-0.04603082557670288
2023-02-15,2.1064035889948163,-1.7144058040461214,0.3242016976743633
2023-02-16,-2.716472094646477,-0.9881402302285155,-1.3864386441990082
2023-02-17,0.050990797633776515,-3.6262001131277035,-0.2501238592463333
2023-02-21,-1.5926516983391954,-0.4983526929149108,-2.026493758519706
2023-02-22,-0.41515754186553927,-0.6683368963707483,-0.1379075778169668
2023-02-23,0.3115322247635845,1.4975302375874986,0.5305201417099301
2023-02-24,-1.8838773138723623,-0.1298655547947634,-1.0739645032183343
2023-02-27,1.6763039760343157,0.29489634515781976,0.33998365343023845
2023-02-28,-0.2600636148165347,-1.4472545688666154,-0.3702738260430972
2023-03-01,1.447778969009262,1.9524030510938137,-0.38431855353453404
2023-03-02,-0.5146610552095229,0.8749662007323668,0.7747122183346683
2023-03-03,2.0429906324227924,1.3499107095939098,1.5910509443067489
2023-03-06,0.855768076393037,0.045811215744991224,0.0692533071212173
2023-03-07,-1.05821435194088,-1.7564446414518116,-1.5447296396221852
2023-03-08,0.101274368383277,-1.0311751433974599,0.16306946635189606
2023-03-09,-1.5298884942478836,-1.4235178619807791,-1.8622188096184409
2023-03-10,-1.501428295454076,-1.2866139449116847,-1.4534563374119736
2023-03-13,0.5202738953541478,-2.054113822673534,-0.1426209042863392
2023-03-14,1.083885224299122,0.9834276915018777,1.6394822568456775
2023-03-15,-2.3897071189752492,-5.51960337243149,-0.6273969653533892
2023-03-16,-0.3159615627421533,1.0799636622385023,1.739303421765395
2023-03-17,-3.4338130659028674,-1.5853605857907258,-1.176167209810798
2023-03-20,1.4630427720975816,1.9821703819444827,0.9569925754766279
2023-03-21,2.234142631595441,3.403451063714392,1.3045050164345156
2023-03-22,-1.5907296462493152,-2.150059321299449,-1.7193387156211024
2023-03-23,0.745497636088751,-1.3950597166276133,0.2699771134471702
2023-03-24,-0.42529957952303804,0.38592983970590206,0.6540310040081366
2023-03-27,0.10649458979785477,2.108794421798362,0.18680972558249845
2023-03-28,0.0,1.5343549734903086,-0.22472022136080244
2023-03-29,1.9499966018227737,1.3769604221406673,1.4430515887759094
2023-03-30,1.656336741990185,0.4386183887559036,0.5837912719013563
2023-03-31,1.528329577213274,0.6905184282123458,1.3996307975266684
2023-04-03,-1.1184788877297318,4.427847743306282,0.3803287688984753
2023-04-04,-0.5125815136827229,-1.8300001525675162,-0.5563500103903587
2023-04-05,-1.4492778839625176,1.4944943433447313,-0.2621749797810353
2023-04-06,0.20834052860075034,-1.5297683267528348,0.3893277667467438
2023-04-10,0.9836837514060377,0.7970049680802253,0.10259076645685895
2023-04-11,0.3086373533701609,0.9411404795637667,0.026861947248592453
2023-04-12,-0.257121281321941,0.06935942013034478,-0.4084373020062633
2023-04-13,1.8873404666051359,0.6221470459794223,1.3195244428203914
2023-04-14,-1.0157671174303369,0.18357254328414307,-0.24457928836644438
2023-04-17,1.6202933224890539,-1.1878321434631491,0.3581911473720227
2023-04-18,-0.050257972011825705,0.3936807427051335,0.06519893852460121
2023-04-19,-0.6048107663320618,-0.3472681987578137,-0.0168911223618204
2023-04-20,-0.10117190716456917,-0.8851691453201119,-0.5472095613034527
2023-04-21,0.20222132209902394,-0.5866357122019679,0.07767383431256349
2023-04-24,0.0,1.5181666205285598,0.10423991131373732
2023-04-25,-1.9893634203026405,-1.8954570328062255,-1.6001116101881805
2023-04-26,-4.2089185918252845,-1.3437233608161852,-0.4244498012556534
2023-04-27,1.7577056837227731,0.358514573253858,1.9712554570735972
2023-04-28,-1.221828653919108,1.5388337575102329,0.8498853372674433
2023-05-01,-1.0206642486195696,-1.1340956677541285,-0.10103112249995388
2023-05-02,-1.852928388144141,-4.445708682770843,-1.1302962908057128
2023-05-03,-0.1100808548715338,-1.9060170808276833,-0.6887682418488891
2023-05-04,0.6586418822126132,-1.1202976657139148,-0.7107962716026905
2023-05-05,1.8965535104330051,2.6779250993454995,1.8343125438600467
2023-05-08,-0.26875165192245926,0.0,0.026665375820898632
2023-05-09,-0.593773693278816,0.03740391310760158,-0.4394936880353414
2023-05-10,0.5937736932788071,-1.1403120819902575,0.4661442738548644
2023-05-11,-0.4314824918285408,-1.2044299069064615,-0.1745601449914671
2023-05-12,3.034563192919992,0.15293372130150704,-0.131106883887937
2023-05-15,0.887498958449074,0.5081213299577875,0.34442791742448275
2023-05-16,-2.1009052718153662,-2.4889021639921536,-0.6705179605145358
2023-05-17,0.5821464053156662,1.9043324876287602,1.2065810831237456
2023-05-18,-1.1677443974482593,0.7238518589082702,0.9587159551169576
2023-05-19,-0.5353247436701143,0.7688886006731261,-0.14561055341027052
2023-05-22,1.0678202947147588,-0.4152183021755956,0.04058938815549001
2023-05-23,-0.9605258424391812,1.0660562696434517,-1.1286309449674066
2023-05-24,-0.4298702691815862,0.43566392104007723,-0.7271133162636658
2023-05-25,-0.10775692111332127,-1.7921406118643184,0.8622705734562084
2023-05-26,-0.26990140573165755,-0.3927764586825724,1.2867510933279491
2023-05-30,0.21599017731024128,-1.033627562376385,0.03809179625324261
2023-05-31,-1.0846355877309244,-1.772941112841055,-0.5560710548017567
2023-06-01,1.7833534611029984,1.2327514209124177,0.9456137556354185
2023-06-02,0.5342022486240304,2.998196699355041,1.4357629101475549
2023-06-05,-0.3736267201288914,-0.6655426360411693,-0.1918089504768112
2023-06-06,0.0534286635631742,0.8030965985179298,0.21751425614822298
2023-06-07,-0.2963595888413567,2.615187877410256,-0.34637966930590136
2023-06-08,0.26946673069300126,-0.42708297316236493,0.6030403988823777
2023-06-09,-0.4314873921904061,-0.5517488276947917,0.17925513009261998
2023-06-12,1.0752794652672921,-0.963690954642377,0.9031043047095849
2023-06-13,0.10688092655937778,0.4706533334821181,0.657141272661062
2023-06-14,-0.8045018568885565,-1.0308719064822625,0.11900710758249355
2023-06-15,1.6026041946798606,1.092637307789205,1.232141763485702
2023-06-16,-0.5846507553155207,-0.1483052661019089,-0.3411984662975486
2023-06-20,-2.100790575093842,-2.263631651034021,-0.5201622720418093
2023-06-21,-0.5458584518779872,0.7881427490944442,-0.5137068070263323
2023-06-22,-1.045408989493573,-1.3512295624324642,0.360337807494738
2023-06-23,-1.6732186788751495,-0.7212674611687997,-0.7588909677555038
2023-06-26,0.22472375597058342,1.7808384018929524,-0.4094114981000864
2023-06-27,0.8938455315806195,0.2283112776013061,1.0903742770571574
2023-06-28,0.2777202783124394,1.0084595717256795,0.050419130905746554
2023-06-29,-0.44467906833616816,1.1472761849901725,0.39337568457467426
2023-06-30,2.476031106043821,0.6426878484605928,1.1731577354190939
2023-07-03,0.0,0.23383228116650215,0.11498183167092194
2023-07-05,-1.5886306237435244,-0.5546547435868024,-0.14882267700982602
2023-07-06,-2.2899567248073636,-2.2751108640425417,-0.7861521629277354
2023-07-07,1.1794618681398417,2.126683946783101,-0.2527980603810839
2023-07-10,1.3311172353740752,0.7767668593470992,0.25279806038109104
2023-07-11,0.38493818546977504,2.1746578723187886,0.6348297543414488
2023-07-12,2.2253231276940775,0.9211259191813721,0.8013736021713177
2023-07-13,1.3859513243508634,-0.38177096455350656,0.7905539279839332
2023-07-14,-1.4396356759788782,-2.6771701025685273,-0.06230257782817718
2023-07-17,2.2305838463572494,-0.19662763456990426,0.34662108965541666
2023-07-18,-0.6322488501121615,1.0036811557990748,0.7403074742998094
2023-07-19,0.3166240974844294,0.5828544369914358,0.2221306750322228
2023-07-20,-1.3259466454004534,1.167651090865237,-0.6656557726850724
2023-07-21,0.05339039766805707,0.881681249715826,0.0
2023-07-24,-0.10678805320253523,1.6004428367523245,0.44573027523599595
2023-07-25,0.05339765553447343,0.5239301040979409,0.2726357244116393
2023-07-26,-0.48166187272534017,0.03483642841203607,0.01537898856526522
2023-07-27,-2.388826820761022,-0.640542412638481,-0.6652151420623335
2023-07-28,-0.10994729732035603,0.3033261608538589,0.9742769603466196
2023-07-31,0.5485642801174145,1.880864298528001,0.19021407333512383
2023-08-01,-1.4325438789370843,-0.46977104706297823,-0.28656440828284613
2023-08-02,-4.193249289477666,-1.317948418506371,-1.4008363961188273
2023-08-03,-0.2897800535988435,1.0073608038117776,-0.28700608453350646
2023-08-04,-0.7573421741091497,0.1381473861354547,-0.45331383818559307
2023-08-07,-0.5277076190499392,0.11498040885509886,0.8690677095664158
2023-08-08,-0.11765530861080156,0.49289954611691905,-0.4358111081416394
2023-08-09,0.9956272443001376,1.250053826016731,-0.6707759864414221
2023-08-10,-1.2903373205442363,-0.011310468462748347,0.03589523915660894
2023-08-11,-0.4733832254503612,1.5243539944952613,-0.05831769772106374
2023-08-14,-0.05933373177364341,-0.4235942129556098,0.5504851889491158
2023-08-15,-3.012264946997991,-2.0996308060822786,-1.1717172653826102
2023-08-16,-1.1070325266273808,-0.8707604045385398,-0.7365334823911077
2023-08-17,-1.2445653753060024,1.1896661427721489,-0.7649020203609237
2023-08-18,-0.06264140488667223,0.9844397256653951,0.048117959577237725
2023-08-21,-0.18814125607041904,-0.632544396408233,0.6485086821235418
2023-08-22,-0.3143763061792875,-0.7735235259946306,-0.2712249767664615
2023-08-23,1.624016416012369,-0.2515455235762655,1.1076251586629149
2023-08-24,-1.7500366632699826,-0.6892510789619787,-1.3956052206167535
2023-08-25,1.1285551615000449,0.9636382252154139,0.7025101429145452
2023-08-28,0.3112204569029726,0.6713353277175855,0.6321217910934451
2023-08-29,2.7583888589434027,0.27178908232351756,1.4351392749128173
2023-08-30,-2.2005917552063017,0.4963945321779008,0.4110308936438406
2023-08-31,-0.6199649944874716,0.06750561755601289,-0.14645254173493774
2023-09-01,-0.06221275550962224,2.026111258930122,0.18635503785134325
2023-09-05,-1.5679191928531362,0.5275943691523753,-0.433123935678437
2023-09-06,-1.7214323431108858,0.04385070686994752,-0.6745238670796304
2023-09-07,-0.7099077201381035,-0.09866827888793857,-0.30747825240834004
2023-09-08,0.06475040492280777,0.9605899145981485,0.1504887334442114
2023-09-11,0.5164545603984988,-1.3232241131561477,0.6555094070413274
2023-09-12,0.6418573357188107,2.328489969712972,-0.5500595945337885
2023-09-13,-0.8997544217020614,-0.7557225766838096,0.11651963433462428
2023-09-14,2.423586379626936,1.1635590911154408,0.8585368174661793
2023-09-15,-1.395958477838689,-1.456576661496477,-1.2121182574836895
2023-09-18,-1.4157216902752492,0.843863940805509,0.05860313511681166
2023-09-19,0.3880937884869982,-0.9380626488190738,-0.20759759240886133
2023-09-20,0.19349315627123911,-0.9358745635744619,-0.9235913718130824
2023-09-21,-1.9519233515741627,-1.3811626849438385,-1.666649997843727
2023-09-22,-0.8578023458427265,0.1680860528607437,-0.22510944304592462
2023-09-25,-0.7316343466331405,1.246273409718788,0.41964129451812743
2023-09-26,-2.0229894447607197,-0.5766942904816261,-1.480021958115556
2023-09-27,-0.6149751156544023,2.460849190934672,0.039898487779402726
2023-09-28,0.20541674549854672,0.108462748170304,0.5780835057934379
2023-09-29,0.0,-2.0368672053047847,-0.24299019214405734
2023-10-02,-3.905659456440233,-2.0114634313716624,-0.03977235590850416
2023-10-03,-2.8130194382899294,-0.06775621165798876,-1.3476359687055024
2023-10-04,0.583514616498728,-3.1905304323469164,0.725541003861302
2023-10-05,-1.0234069291164078,-0.6199878765599075,-0.037685351641289416
2023-10-06,1.5311985963310786,0.5966628561992239,1.180297042342986
2023-10-09,0.0,3.2816116643655713,0.6381612468217008
2023-10-10,3.763328438221578,0.12409283406524166,0.5191368105771957
2023-10-11,0.9708734062466479,-1.2935544548265563,0.4087942613016101
2023-10-12,-2.51585819444547,0.1141452381708786,-0.6115037496383183
2023-10-13,-0.9242877393298509,2.1777719086955227,-0.49932269829039283
2023-10-16,1.4888666765267071,0.6674934751139313,1.0466418018363055
2023-10-17,0.6313617928117087,1.0368376166264992,-0.00459960460089158
2023-10-18,-2.5497296166864194,0.9066854840343657,-1.341465486220435
2023-10-19,-1.6636781277781458,-0.17413942280777697,-0.882524265371268
2023-10-20,-3.0361520341073693,-1.6917858771569507,-1.2364200196342583
2023-10-23,-0.4521426287586017,-1.6307656037612768,-0.1734690037331687
2023-10-24,1.8706088678100308,-1.4176730213514142,0.7511059883626543
2023-10-25,-2.0974528902492486,-0.1829095921578381,-1.4456015181151836
2023-10-26,0.7541516306401468,-0.78116768463682,-1.2046957955725426
2023-10-27,-3.2063856810435643,-2.4280484213518085,-0.45429950258756957
2023-10-30,-0.23301067259546018,0.3303067521644556,1.188475906653617
2023-10-31,1.1596692727596687,0.3292193175437629,0.6260754890971976
2023-11-01,-1.0819412836119024,-0.2350613111646032,1.0608226048089182
2023-11-02,3.436769417944848,2.9790911420390795,1.898308453487442
2023-11-03,2.5937030819313076,-1.0101000489525427,0.9081959347680244
2023-11-06,-1.399657160443487,-1.1370573883292696,0.2297803556915171
2023-11-07,-0.5952445022920969,-2.2419825492424357,0.28420611716656163
2023-11-08,-1.5037882990357752,-1.2608979025789468,0.07320631096917184
2023-11-09,-0.989731331888203,-0.302565059074465,-0.7829304245654627
2023-11-10,-0.46010992260469613,1.0969793920097357,1.5484390987360568
2023-11-13,0.0,0.7167625373919426,-0.09537587885019064
2023-11-14,7.262441425350078,0.8888079811395703,1.921490697715883
2023-11-15,0.4991092292041133,-0.1889653565953495,0.21148809615336076
2023-11-16,-1.144506447421802,-1.9696328357821467,0.12224923717283553
2023-11-17,0.6453972182176905,2.0759728372677295,0.12429306651736821
2023-11-20,1.841413810313101,0.14158496431215753,0.76682053277729
2023-11-21,-1.9844711251766722,-0.22427864537343553,-0.21819552694427535
2023-11-22,-0.35856266416279664,-0.04727866004537503,0.38534814212099616
2023-11-24,-0.2877614950062219,0.41295183657390144,0.06151509169234859
2023-11-27,-0.7956623178393709,-0.35385700330376524,-0.18025286578743832
2023-11-28,1.298709948376627,0.02361837990361292,0.09896024014654549
2023-11-29,1.0695328577524965,-0.74701167923822,-0.07036720630361266
2023-11-30,0.7771196475900158,0.664298466064468,0.39297585874696783
2023-12-01,2.639033278298623,0.5188593870081488,0.5898477158313282
2023-12-04,-0.34328575469844275,-0.4597645537380184,-0.5263400208628892
2023-12-05,-1.03699203398495,-1.7642501222319869,-0.0197121020223463
2023-12-06,-1.2587554896152477,-1.502517713133626,-0.4037694079812336
2023-12-07,0.28109514846592537,-0.6860166941308709,0.7601378457331166
2023-12-08,-1.1291527873118257,1.0759465611465422,0.4289909982509019
2023-12-11,0.28347870164906097,0.12150925264018733,0.38820484623017903
2023-12-12,-1.713103156445307,-1.3820244196195999,0.45568000615276705
2023-12-13,4.228961350890774,1.3820244196196017,1.369595769256772
2023-12-14,4.717850963946223,2.897013996404364,0.3204276870916835
2023-12-15,0.7215560002528327,-0.5323777324462443,-0.16478569476804553
2023-12-18,-1.3820540361007927,0.8134722464306089,0.5609236563705154
2023-12-19,2.6807740083874383,1.1926612132662484,0.6062387362173145
2023-12-20,-3.2183010022961103,-0.9316649298599649,-1.3954158325610986
2023-12-21,3.172760245486237,0.390240973543123,0.9437285571828454
2023-12-22,0.13004955121229517,0.29462245854481317,0.20077231427065734
2023-12-26,1.3552884125871014,0.8553375731854918,0.4213520045946341
2023-12-27,0.25609016229995907,-0.4443266783118187,0.18065030376105343
2023-12-28,0.573791112852645,-1.535237934665958,0.03775916664413253
2023-12-29,-1.0223675196718498,-0.22635833276070058,-0.28991133772969396
2024-01-02,-1.1628021680678422,1.0677579142093223,-0.5612037323891652
2024-01-03,-2.3004771523792034,1.615395790129229,-0.8200256677243124
2024-01-04,-1.271339271790845,-1.7689266270048754,-0.3226224637582331
2024-01-05,-0.33726577526949136,0.08269154709713947,0.13687015220042786
2024-01-08,0.6733978908823467,-1.1640390017645255,1.4175082081209407
2024-01-09,-0.3361321156128568,-1.613919590858538,-0.15182796491089268
2024-01-10,0.0,-0.9883413661686267,0.5639426305247048
2024-01-11,-1.3559489172805779,0.25719875338271175,-0.04406247386283808
2024-01-12,-0.7536966150760341,1.1189329736741995,0.06923419566519409
2024-01-16,-3.570560228427169,-2.4115120797743415,-0.367783787880976
2024-01-17,-2.3072203512464013,-0.8336075903832807,-0.557417922870952
2024-01-18,0.4366741199401137,-0.16256386327301303,0.8853424611413878
2024-01-19,-0.07264314160757368,0.3248332045154118,1.2389037195349857
2024-01-22,1.012296974646804,0.37351517571346776,0.21121166809955233
2024-01-23,1.2155991011699563,0.21105213866321912,0.29122636446194444
2024-01-24,-0.9282547785356825,1.4160359143020793,0.10925081741702285
2024-01-25,0.4295059949260756,2.2246867806059534,0.5424276401233183
2024-01-26,-0.9329106015615263,0.7386493453409092,-0.12712830118460008
2024-01-29,1.4316593851711188,-0.14254393877829813,0.7888223351800455
2024-01-30,-1.5037928392415398,1.0288091153669936,-0.07737825156976397
2024-01-31,-0.3613854902056628,-1.8883072532803473,-1.645189355712125
2024-02-01,3.136387132068672,-0.011983087444530369,1.3003339897681467
2024-02-02,-1.9129284379662204,0.14377108112144482,1.0472204602632276
2024-02-05,-2.242393688459806,-0.251752424947982,-0.3647745650281179
2024-02-06,1.7404259724346633,0.32357524128277665,0.2899099466806998
2024-02-07,2.4850422687463425,0.20319707865128728,0.8305740899492549
2024-02-08,-0.5625793505772816,1.0216218469559109,0.04416510140748947
2024-02-09,1.4700910195256112,-1.5483941668899683,0.5762761907481581
2024-02-12,1.7224054503123045,1.0982778915878895,-0.04390500544402888
2024-02-13,-3.6165387453150886,-1.0143063641750445,-1.3868816318248762
2024-02-14,2.7245935824501117,-0.09597884244104272,0.9046563857143938
2024-02-15,1.5048097898360477,2.747027767237651,0.6876105867007036
2024-02-16,-1.5048097898360404,-0.058401629472414,-0.49923609106903366
2024-02-20,-1.3879568653784473,-0.9157203378690187,-0.5520632712685064
2024-02-21,-1.1243977913515109,1.8578674261175487,0.09052912579402535
2024-02-22,-2.2874424485940783,0.1735000120614451,2.048442082236461
2024-02-23,-1.0905218611239782,-0.6609171626939158,0.06894399108319318
2024-02-26,0.07306780304912544,0.34840007832909897,-0.3669276240705148
2024-02-27,1.017454058074856,-0.4298693385918939,0.1855961010254503
2024-02-28,-1.0905218611239782,-0.1981197528309611,-0.13224590947657552
2024-02-29,1.6673047413060145,0.48875945630151174,0.3588450966421181
2024-03-01,1.5692263288492394,1.1542410638479208,0.9344541376475107
2024-03-04,-1.569226328849237,-1.0729891250061396,-0.10730925261107367
2024-03-05,-0.2879720338012553,0.7396219627863543,-1.004424896893715
2024-03-06,1.5027165993158371,0.31041618710488206,0.5054358862688915
2024-03-07,1.3404084836928256,0.8458000622335352,0.9877407626383722
2024-03-08,0.4893350808790248,0.3522240539020015,-0.6020282024248852
2024-03-11,-0.1395717674944188,1.026806217276975,-0.08601065247646507
2024-03-12,-2.6894837897578237,-0.1573004525180049,1.0699918305565161
2024-03-13,-1.7366478522760767,1.5839765688642051,-0.15688576267918705
2024-03-14,-1.3965686302342795,1.0239520305394179,-0.19787430501110448
2024-03-15,-0.6684011444352495,0.2953230854193136,-0.6890161179735775
2024-03-18,0.5202556071370674,0.34511813085502374,0.5925377121532631
2024-03-19,-0.5202556071370682,1.1346408407513309,0.5541871226939804
2024-03-20,2.2108533218389557,-0.14111148054107214,0.920670290772508
2024-03-21,0.14565666736189561,0.5957141179810527,0.3299439739686623
2024-03-22,-0.3645618733463377,-0.21622014070330947,-0.18977097258020892
2024-03-25,-0.8804226511360803,0.9264450531823596,-0.27667552343680635
2024-03-26,-0.7396425204049086,-0.775039243485479,-0.18486248111364556
2024-03-27,3.7877843307462378,0.9250411778984937,0.8368546420538066
2024-03-28,-0.07151450492321387,1.0755623942888486,-0.019092486662558767
2024-04-01,-0.07154448509879308,0.7386947778700647,-0.17413385212349358
2024-04-02,-1.66009829583691,1.3887002035680898,-0.6378260286961858
2024-04-03,0.6528921847285083,0.6820250400016618,0.10977004704209627
2024-04-04,-0.07234215992021541,-0.06180965747053682,-1.228112791311686
2024-04-05,-1.0913009323324059,1.0660297517643844,1.0392690886696645
2024-04-08,0.7288603895953414,-0.6341372626221604,0.055922801349323675
2024-04-09,3.0749564271217804,0.03077224507975449,0.11561042031907065
2024-04-10,-2.7848818223597833,0.30726097692144805,-1.0063667535723453
2024-04-11,0.5055932911211597,-0.07161843059576892,0.7518652736311084
2024-04-12,-2.553952535444939,-1.6404806467664623,-1.389931398461126
2024-04-15,-2.2422581856533808,-0.9406378392454564,-1.2607177565992653
2024-04-16,-1.2932736980689974,-0.8753958824386948,-0.18256621621230903
2024-04-17,0.8387355346185312,-0.2864158653828174,-0.5935636082752589
2024-04-18,-0.5329303457916612,-0.3085833401431309,-0.20599092446938208
2024-04-19,-0.6125559972546669,1.1970047708205778,-0.8766625379368889
2024-04-22,0.841309022469216,0.6507010679280546,0.9166936223140014
2024-04-23,0.9852233050522821,0.5529284363678474,1.1796815394031643
2024-04-24,-0.9090959463007573,0.0727847778732994,-0.047478184610800694
2024-04-25,-0.4576660824081557,0.45639985919093873,-0.3806143360049749
2024-04-26,1.1402542076842241,-0.9253152162597734,0.9429351780170169
2024-04-29,1.5004136029155908,0.6766334676981088,0.35352962247648306
2024-04-30,-1.5004136029156008,-3.022726778867132,-1.5968152109818883
2024-05-01,0.1510696566486678,-1.6060646721919685,-0.32524345889176687
2024-05-02,2.017249040834499,0.5742560897144396,0.9310058193225503
2024-05-03,2.4115200820661964,0.010798578622311874,1.2319042040327375
2024-05-06,0.43226962850513057,0.7855118801025052,1.0273837580908713
2024-05-07,0.3588133798084677,-0.09652044443344834,0.11028843976379044
2024-05-08,-0.7910830083136094,-0.11807570474135537,0.009659186667725526
2024-05-09,0.7194218407381453,1.3336998643942892,0.5745331748304116
2024-05-10,-0.7916594944124288,-0.5526510675663263,0.12873349506783352
2024-05-13,0.2886095952232635,-0.2668104662197254,0.013437345247308961
2024-05-14,1.6434694699563144,0.12816481336002686,0.45775808917467586
2024-05-15,1.2676279003255158,0.22386794383601333,1.2306984504407426
2024-05-16,-0.28030352933430525,-0.2772470935133111,-0.20595460899207213
2024-05-17,-0.6335879360052358,1.3891218642013277,0.14364830337991583
2024-05-20,-0.07064864957409121,-0.6550408367643835,0.11513826123045871
2024-05-21,0.8444934807953721,-0.48879677760684187,0.2449531425223931
2024-05-22,3.5791750468183823,-1.9359424457131653,-0.288332758546861
2024-05-23,-1.498672669914317,-0.9164511318690314,-0.733119745016577
2024-05-24,2.3738121341863145,0.14238115064404358,0.6594717081072718
2024-05-28,1.0666643720848106,1.0235223799295303,0.0698601279496411
2024-05-29,-1.6717140347908284,-1.7815644988054178,-0.7027323960096575
2024-05-30,1.4061077834498041,0.2863236237559836,-0.665574601825047
2024-05-31,-0.46650042477836584,2.4547739535922575,0.9067145280128805
2024-06-03,0.7321066761193803,-2.652925127313279,0.08148286940605538
2024-06-04,-0.932721486226425,-0.9631965228037016,0.11172358120410401
2024-06-05,0.8000163765303832,-0.01112054916209214,1.181497596193171
2024-06-06,-1.0010145956760375,0.5215586126411245,-0.0018709456753881442
2024-06-07,-2.5816661857393255,-0.3992463082088671,-0.12162807591576666
2024-06-10,1.705943798383305,0.7528086566659647,0.3084912280988762
2024-06-11,0.31277539662778014,-0.19872385854126734,0.24054409931384382
2024-06-12,0.945961776155503,-1.0777262636470728,0.8179535883078882
2024-06-13,-1.354122735057917,-0.9202146418064584,0.2011392952919653
2024-06-14,-2.2751765655188887,-0.7468553191085309,0.060813571757503
2024-06-17,-1.5460609112747883,0.2608936366791148,0.7927604214624776
2024-06-18,0.14154415684530444,0.4182966024435231,0.2537254823951952
2024-06-20,-1.35281381793835,1.8221857450635575,-0.27201136182723484
2024-06-21,-0.28715290194556786,-0.5777110230284879,-0.13416056626281395
2024-06-24,1.0014412778780628,2.4902090070797405,-0.3255921869277183
2024-06-25,-1.867873677717151,0.22980206424698776,0.3843567663473732
2024-06-26,-0.5818181059793717,-0.9885918830414984,0.12471449317215516
2024-06-27,0.4366859688950468,0.23155927224427936,0.15753962509275585
2024-06-28,-3.322573954872479,0.3847209375763368,-0.3942982169885508
2024-07-01,-0.07508923552312873,0.054830661269882945,0.2056002609921091
2024-07-02,-0.3763682381529853,-0.07678551244619622,0.6707309543914163
2024-07-03,2.458210706669276,0.43798105387885466,0.44525901470380225
2024-07-05,0.14706743509542358,-1.574657996927579,0.5750020237212273
2024-07-08,0.6591005650467748,-0.6122936108168899,0.11530503656150097
2024-07-09,0.0,-0.8861233369145016,0.09722315767145133
2024-07-10,1.1611197600873824,0.6737046564749009,0.9846444110799258
2024-07-11,2.704788409546084,1.0353613609091923,-0.8660115225480658
2024-07-12,1.186747759588387,0.2544086668392338,0.6287958711312466
2024-07-15,-3.9637129512934224,1.502138345121659,0.27463455559277195
2024-07-16,1.71801120740896,0.4451977658453325,0.5912456860605302
2024-07-17,-2.0796786155681684,0.99181512174721,-1.4120289404583712
2024-07-18,-0.3629801906430113,0.18220829832809707,-0.7714606319595706
2024-07-19,-0.5835084566582045,-1.0982108827693944,-0.6662638314655088
2024-07-22,1.1636460182526212,-0.6298863748121672,1.0257139566992515
2024-07-23,-0.7256993560028916,-1.6033755520585442,-0.15699778365581332
2024-07-24,1.3743492396586972,0.011066316408345345,-2.292310919447822
2024-07-25,0.07182099702515207,1.7120901024026252,-0.5224013565418577
2024-07-26,1.283888720604502,0.3150489894414184,1.1137459437553918
2024-07-29,-0.8540986975372468,-0.8606207741885477,0.05874925144674297
2024-07-30,-0.4297900230672649,1.541664842933396,-0.5079112250845493
2024-07-31,1.5669702447360798,0.41929062652614507,1.6123779137359535
2024-08-01,-1.2086930914395644,-2.6856889630102803,-1.4262251516935196
2024-08-02,-0.2865288091086855,-2.612611995687444,-1.879377609199486
2024-08-05,-3.3555255378828432,-2.2305813786998274,-2.9556334139339544
2024-08-06,0.5179417570783561,0.6112059581690014,0.9177464850803438
2024-08-07,0.9548381906148831,0.40159250285251213,-0.6706553837130954
2024-08-08,1.6673106832606903,2.129894936480262,2.285421742182278
2024-08-09,-0.432274280732073,0.2239478501415693,0.4399941804783993
2024-08-12,-0.21684344314806983,0.4909108182219508,0.05254369766317401
2024-08-13,2.4304285362720175,-0.973007998155353,1.6311775271002253
2024-08-14,-0.7087128381853602,0.5826828255571073,0.31497556912539143
2024-08-15,0.9203412674530722,1.188449696720513,1.6995008572598609
2024-08-16,-0.1410381521252819,-0.11046374723053504,0.2239469667383563
2024-08-19,1.4015639933995954,0.6719979438651882,0.95158389381467
2024-08-20,-1.1196725224650148,-2.6703902358677176,-0.16273262378447123
2024-08-21,0.42135972882505945,0.16900432987734096,0.34307727003390837
2024-08-22,-1.553711011415903,0.25856656271655815,-0.7879427360554646
2024-08-23,2.807200428592004,1.482348179358239,1.0569034635214003
2024-08-26,-0.2772030359087236,0.8921206087683017,-0.23865150481106207
2024-08-27,-0.41724384462783853,-0.9363865892821572,0.13721568299351414
2024-08-28,-0.559042536639543,-0.644023536401314,-0.582227787147847
2024-08-29,-0.6326968839713064,1.2949281084577329,0.008962983386921801
2024-08-30,0.7727473548321687,0.3731609649297634,0.9500822168204385
2024-09-03,-2.6952027601548436,-2.51828721949597,-2.0793804917628416
2024-09-04,1.2857369266768743,-1.391508988892147,-0.20489746168683717
2024-09-05,0.6367184786457736,-0.7776769819166265,-0.2435114858177885
2024-09-06,-2.0663416623682536,-1.2593332861142057,-1.6973281045570858
2024-09-09,-0.14409358795176272,0.7182707957603383,1.113398651894169
2024-09-10,0.07207981385700206,-1.734931916197054,0.4346212941568779
2024-09-11,3.4693651140742654,-0.9322175113662184,1.0206681706174558
2024-09-12,-0.6983127936399438,0.8969771710298671,0.8388007445118225
2024-09-13,1.2534894171760937,0.5623794457527165,0.520914737236218
2024-09-16,0.6896575560377041,1.1385125862831036,0.14758123897440312
2024-09-17,0.7531772639972574,1.3424556282669684,0.04087069695489868
2024-09-18,-0.3416569423541588,0.19355914287328344,-0.29703582564758885
2024-09-19,-0.5490732056007085,1.1873066179244853,1.6920307923775155
2024-09-20,-1.107281295616258,-0.225063834838878,-0.17300224972761857
2024-09-23,0.762575789996119,1.2272071358079237,0.24957077902574737
2024-09-24,0.8937787112208279,-0.24716319420448452,0.2857246549837139
2024-09-25,-1.1011778776808052,-1.9766551785323045,-0.22079972930059674
2024-09-26,1.647252725119936,-1.9814102008306536,0.3956909205468846
2024-09-27,0.5431156985407084,2.0158153667917005,-0.14513070854365778
2024-09-30,-0.5431156985407155,0.6971958103967714,0.39991125885928747
2024-10-01,-1.3018260318282961,2.252343264810373,-0.8998800666687687
2024-10-02,-0.9006033168277997,1.0192897125918678,0.042210193623655315
2024-10-03,-1.1196725224650148,1.748296492060085,-0.18300683137870755
2024-10-04,-0.352481748077034,0.927223389766836,0.9046446555651785
2024-10-07,-0.07065400491470399,0.35353591010784274,-0.9081679333255575
2024-10-08,-1.3518513597372688,-2.644015904387083,0.9413315586077701
2024-10-09,-0.28693988202398,0.602131806332234,0.6902475225307012
2024-10-10,-2.4728548963597143,0.6744242997668833,-0.17515942371071475
2024-10-11,0.9527388248253453,0.6160488771835395,0.5970301784518169
2024-10-14,-0.43859409696617474,-0.043103359728156695,0.8145081837390078
2024-10-15,-1.9978507368025138,-3.276120797973938,-0.78000757963623
2024-10-16,1.2625464657115761,0.47781059069472454,0.43369723399237137
2024-10-17,-1.038580123720673,0.47553841348992537,0.008599310950827672
2024-10-18,0.22345855597038106,-0.3315276095104415,0.3839100454569968
2024-10-21,-0.6718866286335541,-0.299316612865476,-0.16436612270650608
2024-10-22,-0.22498142153646739,0.2328860850600067,-0.05311268340282111
2024-10-23,-1.7418024720595264,-0.5219806439655577,-0.917942688650807
2024-10-24,0.22891500834717085,-0.011120648623289221,0.21603916004062385
2024-10-25,0.30441707835931525,-0.03342285341422139,-0.03454350047973738
2024-10-28,0.9829890357327046,-0.6369775521119788,0.30866576271853824
2024-10-29,-1.7457688639876925,-1.536400152642457,0.16170844558278738
2024-10-30,0.3821134630949938,0.22743928872530225,-0.30298165972406865
2024-10-31,-0.07629998379028068,0.6227632100581599,-1.9797856315194446
2024-11-01,0.380948913171299,-0.6341438053555818,0.4211787176001094
2024-11-04,2.255733661071119,1.7342855273141715,-0.21565565418642887
2024-11-05,0.3710613966437116,0.6676314078939228,1.2019513159313564
2024-11-06,-7.616139128028967,3.6906247629809914,2.4561570571792615
2024-11-07,1.2708632850839743,-0.460662623677622,0.7702111480275241
2024-11-08,-2.315462959490192,0.6635254661778307,0.43225953500614966
2024-11-11,-0.40470672126320595,0.5637432483643425,0.09521646996652317
2024-11-12,-2.629560452011951,-0.5317476136307234,-0.31110747296820357
2024-11-13,-0.3336065695145715,0.7754076137455881,0.048575555089007405
2024-11-14,1.9851789892588123,0.3801889261958515,-0.645098750095027
2024-11-15,-0.9876634059935173,-0.1476800097617096,-1.289144906912263
2024-11-18,0.41270783044351467,1.3213171287057706,0.40890107301164547
2024-11-19,-0.661157463733307,-0.637503383744095,0.36488180625069494
2024-11-20,0.16569353662643013,1.001459072516291,0.03388469303004066
2024-11-21,-0.4979146814361654,0.8063751219697348,0.5353982844241787
2024-11-22,0.828488484095185,0.1543325994940247,0.30945902116076773
2024-11-25,1.7989125710246083,-1.9936256172289126,0.33863079232474735
2024-11-26,-0.7320069742898015,-0.13643884524209324,0.5207896253582306
2024-11-27,0.8130042453482856,-0.10505518675330683,-0.30347634746730767
2024-11-29,0.3233741980203571,0.4300986938672626,0.619295331613714
2024-12-02,0.32232396857781775,-1.0628935642914776,0.1790963240444145
2024-12-03,-0.7266954376566376,-0.010574935727321624,0.046346919037406946
2024-12-04,-1.6340224465767745,-2.4420165604110053,0.6190403582256677
2024-12-05,0.08233110788376888,0.38956056670504013,-0.16469558453838265
2024-12-06,-0.412367482090106,-1.7101878073283476,0.18938421023573637
2024-12-09,1.9640588207831025,-0.16492997120181294,-0.5163034061252135
2024-12-10,-1.3050717303693313,-0.6846271130632785,-0.3113962545214662
2024-12-11,0.0,0.16606206034264404,0.770103838263702
2024-12-12,-1.6556660453125898,-0.8108045149855305,-0.5166016306231997
2024-12-13,0.0,-0.503088501695446,-0.019853874112794795
2024-12-16,-1.429192955035654,-2.221315985796567,0.42609954340728445
2024-12-17,0.5457054151654256,-0.7476938580697006,-0.4128768977875235
2024-12-18,-3.1968204242252933,-3.000331495627883,-3.0256520766793265
2024-12-19,-0.3518021735490381,-0.872328887241707,-0.03071524575040355
2024-12-20,1.4866840693315293,0.9793437159524238,1.1939437265177957
2024-12-23,0.6920503900873315,0.5855409569110671,0.5970465013517244
2024-12-24,0.3442332681096335,0.8423701283574102,1.1053541106187552
2024-12-26,-0.3442332681096325,-0.0827388839220053,0.006683036504476618
2024-12-27,-0.6052848800297497,-0.011814705455723686,-1.0582411670752774
2024-12-30,-0.871078542439828,-0.011825487355249636,-1.1477220648675521
2024-12-31,-0.43840131153565515,1.3043043481658527,-0.3644790050996832
2025-01-02,1.9147647340052334,1.1606342844378603,-0.24600674771376446
2025-01-03,0.43009633056675345,0.9303479671271575,1.2426055631793396
2025-01-06,0.5990688436947467,-0.45836816195799734,0.574403289396202
2025-01-07,0.849615869479599,0.9942415892462343,-1.136849654505707
2025-01-08,-2.4840659237708236,0.1022984036517968,0.14599780364298662
2025-01-10,-2.72543656359716,0.40811440649969516,-1.5385123221368309
2025-01-13,-0.4466250354766346,2.0824714457850733,0.15492396610574452
2025-01-14,0.6247145587116096,1.0690685839541774,0.1374983513596442
2025-01-15,1.1499489822200772,1.4690916043781814,1.8026520303546563
2025-01-16,0.26349750240417075,0.7211605546357718,-0.19250258231095999
2025-01-17,0.35026192304726217,0.7692455843493251,0.9989888126204568
2025-01-21,-0.9661815290045567,-0.5121581924204434,0.9111944215059706
2025-01-22,-2.592910089557658,-1.8353138053687195,0.5605623871639784
2025-01-23,1.3495546340786946,0.45655426079266914,0.5443181011497253
2025-01-24,-0.1788859818995964,-0.9699755298560138,-0.2923547955896641
2025-01-27,-0.26893913055970115,-1.0458489423373074,-1.4246161832451842
2025-01-28,-0.6303576230786299,-0.9563119287946998,0.8555537186331681
2025-01-29,1.2567492868238759,0.2231929874667531,-0.44928951366186637
2025-01-30,1.7683954583944659,0.5115228406435612,0.5352726419813292
2025-01-31,-0.35118445064831244,-2.8348315353753293,-0.5336264073160907
2025-02-03,-1.149948982220077,0.6256095032977267,-0.6752291637566292
2025-02-04,1.1499489822200772,2.0760406238062146,0.6685926146732895
2025-02-05,0.43878607082607857,0.21080118963846378,0.40463027849083916
2025-02-06,0.08753344487619866,-1.8568759770123935,0.3469588042460968
2025-02-07,-1.5873425298144623,-0.011307980292076875,-0.9195631719871059
2025-02-10,-0.1779397342020372,2.1780181599644144,0.6768133482180273
2025-02-11,-0.9843382545292496,0.8033070923661725,0.07604475555592843
2025-02-12,-0.18002182765966937,-2.440772647425386,-0.32267953523621656
2025-02-13,1.075284325048095,0.7496530059922194,1.0502124669382646
2025-02-14,0.9756164019019264,0.40048693857323003,-0.004905180973979657
2025-02-18,0.17637058230611208,1.356374108665355,0.2931364748671542
2025-02-19,0.35180217354904364,0.7855096220436845,0.2352175004574067
2025-02-20,1.1348818957824975,0.9087110433311005,-0.41688399647314645
2025-02-21,-1.3986195660403644,-2.100306041888778,-1.7252251886966015
2025-02-24,0.3514845203600143,0.02198168809454122,-0.4560761733320791
2025-02-25,0.9602941877046864,-1.4508183874602765,-0.4985564277434552
2025-02-26,0.3469286859777181,-0.5705745433439755,0.05047276523352883
2025-02-27,-3.0771748019644325,0.5371049494931837,-1.6090692718088075
2025-02-28,-0.8068213523484354,1.5392603137830811,1.5484884746307193
2025-03-03,-1.5419733854805173,-3.5570201662939325,-1.7675059717388648
2025-03-04,1.7218420544119304,-0.9726099322792274,-1.1907399920549877
2025-03-05,1.4273078915356852,-1.4710373821946314,1.0690353717385888
2025-03-06,-0.17730012532230432,0.30291406446037655,-1.7910543353551502
2025-03-07,2.1940318911660364,1.6956424036292579,0.5589214198181435
2025-03-10,-0.6094926372070879,0.7407032659408181,-2.699670975095786
2025-03-11,1.1289768150745412,-0.797911830118473,-0.8347592381907083
2025-03-12,-0.7802417734066539,0.4567276152613084,0.5292522344748348
2025-03-13,0.0,-0.6858715113034589,-1.3420177072022468
2025-03-14,0.7802417734066419,2.916456901496946,2.0445279954321642
2025-03-17,2.389184320369505,1.5805775322335174,0.7681854854238586
2025-03-18,-0.5919598024642024,0.16435820842719495,-1.086728105332802
2025-03-19,0.507617722592022,1.6181054868816043,1.083201580103441
2025-03-20,-0.5076177225920266,0.3655908728321546,-0.28961005136627316
2025-03-21,-0.5954931314239177,-0.7001042263833133,0.03298658763302372
2025-03-24,-1.2017313864813681,1.1329449218422531,1.7750086193809183
2025-03-25,0.859851846904244,0.408435058672297,0.24009971253177112
2025-03-26,-1.2925705147141178,0.5882039735861432,-1.20100659661846
2025-03-27,0.0,-0.9750918851135864,-0.26592845740137966
2025-03-28,0.0,-0.47490858483156945,-2.0343823330424815
2025-03-31,-0.9586119873160212,1.097495114021479,0.6690341369994915
2025-04-01,0.6110888817192289,0.5868232726080257,0.28203773855031217
2025-04-02,0.5208454235412406,0.13819952828974078,0.630860371520596
2025-04-03,1.2048173343935016,-8.176165272418213,-5.053675934531426
2025-04-04,-5.268988751061966,-9.650986939857116,-6.032644511778605
2025-04-07,-3.113798739370159,-0.6496385061855816,-0.17827814203064057
2025-04-08,-1.7832438733118583,-2.340273604833955,-1.5786671024523877
2025-04-09,4.897042612682019,7.459378970404301,9.986289644408139
2025-04-10,-1.6363991482342375,-6.755428554866443,-4.480827737353858
2025-04-11,3.42375097105692,2.4508806871674635,1.7685510627715701
2025-04-14,0.8818498700612163,0.3543005232035756,0.9654680107025373
2025-04-15,-0.17575065230201703,-0.15168370645488488,-0.28047392406681143
2025-04-16,-0.4407284719897196,0.8188955149394698,-2.2478798426379254
2025-04-17,1.7513610200742407,2.2333455180392687,0.1425792362127634
2025-04-21,-0.4349688621189192,-2.6482547052565617,-2.4090563717786426
2025-04-22,2.0708178345582104,2.5131887692694206,2.568505548438023
2025-04-23,-1.8966065679785007,-0.1844559263542041,1.5376528663946976
2025-04-24,2.152479757037647,1.587515794594559,2.0830549392469146
2025-04-25,0.9326042568663317,-0.1818836318541995,0.7199399733574162
2025-04-28,0.6728346130105818,0.7014927998702477,0.03812293734920367
2025-04-29,-0.08386328040809388,-0.2896634942634441,0.6279693835026374
2025-04-30,-1.266363693191766,-2.7325145466635266,0.03967339594560512
2025-05-01,-0.2552118962770345,0.3719735462298438,0.7061920765888957
2025-05-02,0.8481745736710224,1.4498352568594266,1.4735033338764252
2025-05-05,-0.6779582067266736,-1.8218088030892772,-0.5750908210447426
2025-05-06,0.9310173396857993,0.024832853944317137,-0.839344835526772
2025-05-07,-0.42212443430018076,0.03726216143995326,0.4196729249441555
2025-05-08,1.1774820369396028,1.3073540304927613,0.6943627636358309
2025-05-09,1.822757323612503,0.999775947465881,-0.12750371772895863
2025-05-12,1.3860734476308554,2.574838193470096,3.2513288528387516
2025-05-13,3.65701230725669,1.3971378314430827,0.6582123940588849
2025-05-14,0.9323970262684879,-0.6081055208141328,0.12772435063631704
2025-05-15,0.5399240376933693,0.4213875614465065,0.4872347633878493
2025-05-16,-0.30817311074882364,-0.1519545334637672,0.6313998383485037
2025-05-19,-1.0081459956066183,-1.3070604028190693,0.1093320207623707
2025-05-20,1.2393610792123861,-0.9288085216830758,-0.3367792702729912
2025-05-21,-1.6298384366018333,-1.8594971183245477,-1.699438337973765
2025-05-22,-2.535792863635495,-0.3907747103318683,0.03945692246958432
2025-05-23,0.7197109110336859,0.3176092708578149,-0.6849183214543818
2025-05-27,0.47695073538857574,0.8622374076671917,2.057749144421189
2025-05-28,-0.3972956494402691,-1.2777721915393603,-0.5802214816705903
2025-05-29,0.39729564944027207,0.744315442963479,0.3939611908384163
2025-05-30,0.47468670936596125,-0.891398236252796,-0.11190826408035144
2025-06-02,-0.6334125208204748,1.303867491593057,0.561699151826602
2025-06-03,1.6542325039159331,1.1794577131569914,0.5686392165638516
2025-06-04,0.07809992453484559,-1.9694983295618425,-0.026847990197680673
2025-06-05,0.31176092812042666,-0.09767211423585796,-0.4844484645630591
2025-06-06,0.7751913764849991,1.8635666085133986,1.0216612089215105
2025-06-09,0.07719564860759419,0.19162863082117848,0.09009799228951651
2025-06-10,1.30320101767309,1.76722516494268,0.5653549667344995
2025-06-11,0.8342853030838322,1.4356854502292973,-0.28559890477173794
2025-06-12,0.07550544121070654,0.3470667744048622,0.3966451974369382
2025-06-13,0.37664519293483056,1.728808354653618,-1.1243133322926546
2025-06-16,1.1333697291752642,-0.29554954724794025,0.9469221553216312
2025-06-17,-4.4554303787799086,0.9291958206419213,-0.8581750648375267
2025-06-18,-0.23593871219982845,-0.6563423035231193,-0.015075043315051226
2025-06-20,-0.5527007250192656,1.0166186796247556,-0.2351298196901591
2025-06-23,0.5527007250192658,-2.5613551603973814,0.9829017063755472
2025-06-24,2.026569710922798,-1.3104261698543425,1.098663429244116
2025-06-25,-0.4640390938969575,-0.43670446100742666,0.056020768497310476
2025-06-26,1.6147989135796113,1.4211213513879126,0.7793433410969277
2025-06-27,-0.688856724622066,-0.5261669617422157,0.49560298346521753
2025-06-30,0.6888567246220544,-0.576092961254929,0.4769811928816336
2025-07-01,0.8355617666019799,0.7634953440155201,-0.03237317036786633
2025-07-02,1.576017746491965,1.7054846801527295,0.45230321664759093
2025-07-03,2.9349111131877983,0.11496181224363149,0.7850490061391281
2025-07-07,-1.8242079478604611,-0.969868050226113,-0.7479822911334436
2025-07-08,-0.8133068501421827,2.656129911469257,-0.05479654391165573
2025-07-09,0.9604766277130519,-0.509717661173963,0.5978718557821743
2025-07-10,-0.3683242547825775,0.7579762140049661,0.2816340605420723
2025-07-11,-1.3373188838347376,0.44979107325775214,-0.3521617492822476
2025-07-14,0.14947961833822407,-1.105603288328456,0.19062990833984936
2025-07-15,0.8181533663357592,-1.451209506524794,-0.4282323121872532
2025-07-16,-0.296734461982485,-0.8670075451284089,0.3337615079474222
2025-07-17,-0.148701653550793,0.6134649395921055,0.6100942713355944
2025-07-18,1.0362764919057483,-0.8110382703874607,-0.07325832395875652
2025-07-21,1.171316991752656,-1.0407726685701528,0.18943796948635744
2025-07-22,1.7316423292885896,0.46911563872215495,0.014311092236799798
2025-07-23,-0.28653155932361957,1.5556341485394822,0.8471555947003452
2025-07-24,-0.14357079297953879,0.7116709675177135,0.03309977370316064
2025-07-25,0.35855155454782645,-0.3781658178715249,0.4215355509912938
2025-07-28,-1.2243599302020254,1.1302162912292715,-0.02511317003774528
2025-07-29,-0.5085396477335734,0.9715302314535953,-0.26410366877477925
2025-07-30,-1.31966342256203,-1.4380456521565559,-0.12601246347007208
2025-07-31,-1.0385827552616007,-0.5374896173159988,-0.3758280021957763
2025-08-01,0.8908695149205396,-1.8750521374582134,-1.6526177634515409
2025-08-04,0.29520152796022114,-0.22224158043100856,1.508535538485511
2025-08-05,0.14727815205483433,0.12872204423477737,-0.5082764440420212
2025-08-06,0.07355781510859515,-0.9281526409664025,0.7630395819728375
2025-08-07,0.8055708615565798,-0.39027686885866475,-0.08379750805715817
2025-08-08,-0.1459881208480329,0.6378466715847358,0.7767426102698933
2025-08-11,-1.1756202358321861,-0.8038909075039532,-0.19794975605833032
2025-08-12,1.7582913271304588,0.4854715182837733,1.0589843604162286
2025-08-13,0.21762498350618958,1.1509191116810704,0.3417206050253846
2025-08-14,-1.0196716097282252,-0.09345578466305145,0.009305657202052432
2025-08-15,3.1702973181172185,0.0,-0.23440349614381678
2025-08-18,2.7283923667566348,-0.5978541124872703,-0.02176551223488251
2025-08-19,-1.1103519167414746,0.03526862567288273,-0.5439899526511449
2025-08-20,0.41782891730964217,0.831047188020961,-0.2660619942930772
2025-08-21,-1.4701001679329642,0.6853672245751422,-0.40198912346101423
2025-08-22,3.397209720116844,2.017036045304999,1.5240067673318531
2025-08-25,-1.9271095521838761,0.26061360558428287,-0.4410775275590772
2025-08-26,0.0,-0.1585511568849338,0.4178295104639576
2025-08-27,-0.34806829798575006,1.1158039302701246,0.2275921406955702
2025-08-28,1.2474204135777485,0.7592797277776985,0.3535106872304601
2025-08-29,-0.8993521155920056,0.5435552740038517,-0.598153537129435
2025-09-02,-1.611246055679989,0.14372967932284805,-0.7437888193564877
2025-09-03,0.28208606637308126,-2.268137694389445,0.5405022362943884
2025-09-04,0.9113310719972715,0.6645423055393715,0.8322535450544437
2025-09-05,2.413082826694899,-1.9497319954131238,-0.2900350441516548
2025-09-08,-0.7521475908016747,-0.2292038192679752,0.24535295419670194
2025-09-09,-1.2431063185836018,0.48071737669487097,0.23092523208794105
2025-09-10,1.1744539071107878,1.7318830052603664,0.28866837953472124
2025-09-11,0.8888914120564079,0.02244551374131542,0.8275924601042638
2025-09-12,-0.40927851262673304,-0.5964224178742807,-0.03347625365709058
2025-09-15,1.22284429228065,-0.3391627298845919,0.530983028777682
2025-09-16,0.538725289028649,1.6622090963874852,-0.1377834697222049
2025-09-17,1.1352328059019177,0.23363306841985426,-0.12431144932423498
2025-09-18,-0.13289283757283257,-0.31163221422710535,0.4661656098012296
2025-09-19,0.8606506389834345,-1.3353793760871078,0.49405566971613446
2025-09-22,1.244691212711797,-0.11513693326090337,0.47199439723874154
2025-09-23,-1.112942787714561,1.7077037858298831,-0.5458436585496771
2025-09-24,-0.32970026522547646,1.292355009924513,-0.31867056096807983
2025-09-25,0.13200930949316958,0.8926204437157038,-0.4624172513464782
2025-09-26,0.32927235144385525,0.9173355512694545,0.5712795234045289
2025-09-29,1.3063533055665992,-1.854235942380655,0.2806424744720363
2025-09-30,0.4532240223303503,-1.0688258143731144,0.37597898827210047
2025-10-01,2.551156795247337,0.0,0.3401684988263315
2025-10-02,0.0629536346564964,-1.0124833372640463,0.11511407204064211
2025-10-03,0.5647943400477621,0.5300297484278141,-0.0014767471260179648
2025-10-06,0.6238318699949714,0.49365304836132895,0.3579813724412676
2025-10-07,-1.188626210042731,0.15655702531353338,-0.37143820348426687
2025-10-08,0.7523564669486562,-0.5827508713279722,0.5945343779221919
2025-10-09,0.808710563177825,-1.3693522408649699,-0.2901212830195306
2025-10-10,-2.255734221651209,-2.9369661744104407,-2.7399797306962
2025-10-13,3.6707153985803918,1.351994953933935,1.522754489520044
2025-10-14,0.30497100668355454,-0.011566619752555128,-0.12224016319925188
2025-10-15,2.7036770050676906,-0.05790700777387938,0.44296975627267965
2025-10-16,-0.4753398662723704,-1.212142180511849,-0.683355680905022
2025-10-17,-1.560661570209957,0.8174899452847687,0.5660343785832389
2025-10-20,0.42258033540266016,1.0528180071201072,1.0346762560389149
2025-10-21,-1.5786663615280434,-0.23044048815209472,-0.0014904592548673624
2025-10-22,-1.3555246684427245,1.272289619745706,-0.5212468267243702
2025-10-23,1.3555246684427253,1.3237821853812723,0.591237858353294
2025-10-24,2.1792682821831737,-1.0167328813368475,0.8139356488562998
2025-10-27,0.29895364432685123,0.23816016956764802,1.1728661579555206
2025-10-28,0.8323397606340014,-1.0475992910376797,0.26524780243792967
2025-10-29,2.514024301641142,0.7412903056462805,0.04802716909816117
2025-10-30,-1.688544000093091,-0.5925972948890309,-1.1059070654489163
2025-10-31,1.5730017072316878,0.7288485155523244,0.3274731939679319
2025-11-03,1.719238728303123,0.011344428595021034,0.1875018306885159
2025-11-04,-2.473518559858183,-1.0836771657500546,-1.1924353295924663
2025-11-05,5.274830690553032,0.26344691027462724,0.3459398571762206
2025-11-06,-1.8400366864206812,0.9676083809930791,-1.0787307565268272
2025-11-07,-0.6209507446126575,1.4285237913502649,0.09840232716329204
2025-11-10,1.962505678041403,0.9005597750949579,1.5483847432383142
2025-11-11,-1.3978410205767298,1.2975753370130272,0.22866236688574054
2025-11-12,-0.5646646574646751,-1.4083168826325285,0.05563336963194146
2025-11-13,-4.576519661280715,0.2545258798790337,-1.6733243059015004
2025-11-14,0.8852219357239155,1.6877063284715437,-0.016378217190490575
2025-11-17,-1.301036338683143,-1.8425661585337278,-0.9360102835536118
2025-11-18,-1.1976066981204572,0.7938320071975782,-0.8433010863377237
2025-11-19,-0.24125908771741095,-1.3043165916268327,0.38557571481919134
2025-11-20,-2.941389819967081,-1.1413357198446308,-1.5359602533844794
2025-11-21,-0.06220954941104339,0.6282231523117366,0.9911937023691694
2025-11-24,1.3597374446674682,-0.27996998291018704,1.4611241086193578
2025-11-25,0.8557431799260128,-0.6299900126317453,0.9362030553383407
2025-11-26,2.2269845306224907,0.7532716490635719,0.6879763512976049
2025-11-28,1.1246086852093489,1.301980038610672,0.5443563227393602
2025-12-01,-2.6238861068206627,0.957253837307891,-0.4575959173217758
2025-12-02,1.021952174080904,-1.3005788141168868,0.18505862825212543
2025-12-03,-0.4796145733473347,1.8575054097148265,0.3456786217426821
2025-12-04,1.963760682256343,0.42379854000501405,0.07307890626128348
2025-12-05,-0.5910064584193772,-0.41291117459626964,0.18977350040129193
2025-12-08,-1.0128191804245286,-1.0948257702237265,-0.3008799415334641
2025-12-09,-0.11983445738529001,0.6145805399436545,-0.08634278241621206
2025-12-10,0.3590619391608093,1.0448532595068722,0.6610281415951135
2025-12-11,1.7762556206167623,-0.4775349011837833,0.23242449793091413
2025-12-12,-2.61608502304742,-0.9839417217177588,-1.0810189042095768
2025-12-15,-0.12055678644209315,-0.705624826828017,-0.1512030324677354
2025-12-16,-0.9895551148013538,-3.101375815420984,-0.2736037133594218
2025-12-17,-1.7962756575972274,2.18995296361348,-1.106460773219221
2025-12-18,1.1187208251860954,-1.4621730827001012,0.7522963990016468
2025-12-19,1.594149162164762,0.0,0.9022618958016408
2025-12-22,1.2692771402068137,1.0299374353279842,0.6210566721978087
2025-12-23,-0.6628448567495926,0.6538157211318255,0.45600420052825014
2025-12-24,0.2415400157722015,-0.29255801825724237,0.35114479496600165
2025-12-26,0.24096948171079155,-0.3838758999880108,-0.01014201750952399
2025-12-29,-0.6035044120194816,0.9457332091843087,-0.3569993055856122
2025-12-30,-0.4246272211819095,0.7591068334489665,-0.12218468855631148
