Date,ICLN,XLE,SPY
2018-01-03,-0.22752467592060424,1.4706109778249572,0.6146503984589919
2018-01-04,-0.7601730062790333,0.58595555797085,0.40472267162934117
2018-01-05,0.3037977898310865,-0.055877110422443546,0.6483294951875966
2018-01-08,1.4625181634559787,0.5825794585042037,0.1668523907765997
2018-01-09,-0.2257367051502144,-0.2681056288054035,0.21020714343812974
2018-01-10,-0.22615551170225848,-0.13560224703566634,-0.16898801981387956
2018-01-11,1.964367387266198,2.0129198452811004,0.7110598900780976
2018-01-12,-0.32596190506233397,0.9445664615065021,0.633929468887199
2018-01-16,-0.43076693020446144,-1.2897617176347516,-0.358274617599717
2018-01-17,0.6058462506785538,0.8567931861467586,0.9327850235855037
2018-01-18,-0.7416298629612847,-0.8362341464887482,-0.18415041002287055
2018-01-19,0.19200504689815073,-0.14672976955805003,0.4380898034014928
2018-01-22,-0.015873015873015872,2.121378287651591,0.7939145686410536
2018-01-23,-0.3278412284314458,-0.1697703311675621,0.1961699645729049
2018-01-24,-0.43343251626317375,-0.2857943038605464,-0.05468504272657192
2018-01-25,0.29744320237659794,-0.8040373967194407,0.02643325164919543
2018-01-26,-0.015873015873015872,0.5274902661249814,1.1352973324193336
2018-01-29,-0.32918923412262885,-1.5368924511773718,-0.6811030610658035
2018-01-30,-0.015873015873015872,-2.05376526751813,-1.046845857587693
2018-01-31,0.0886748359886616,0.05094061222900363,0.03379274088611899
2018-02-01,-0.5397087408097732,1.0075873275946174,-0.12946267570064834
2018-02-02,-2.2464260133773637,-4.284481306623014,-2.2168827621981415
2018-02-05,-3.1803721148616475,-4.301846295494282,-4.288118927833834
2018-02-06,0.8671703412863707,0.7732951820605183,1.9351998957838272
2018-02-07,-0.5668739699418104,-1.7021562044439007,-0.559841597618191
2018-02-08,-2.7035990362710924,-3.0857631892052133,-3.838930484168427
2018-02-09,0.4371289187748299,-0.09087190476619461,1.4751340747071247
2018-02-12,1.7758824081797029,1.605846764210195,1.441881029346279
2018-02-13,1.3072129003135144,-0.42993858810332564,0.23255246255232204
2018-02-14,1.289900945229123,1.4259250342560732,1.3247353497620387
2018-02-15,2.123234648842032,-0.2644750961348202,1.2520536432637503
2018-02-16,0.406514143515423,-0.2651106418542033,0.013432364299118878
2018-02-20,-0.43826017526146394,-0.5605260797676381,-0.6439680508323105
2018-02-21,0.5118553013939389,-1.7128597367878546,-0.5145450529009588
2018-02-22,0.19440947995623598,1.0741066801072494,0.11364939986072856
2018-02-23,-0.6481196611753188,2.1290635834425653,1.5654746887614988
2018-02-26,1.2446256585889717,0.5783066497119744,1.138678020674177
2018-02-27,-1.488023350382602,-1.3247906110108636,-1.2723694206582543
2018-02-28,-0.866942176602763,-2.341083840890367,-1.0340317119562326
2018-03-01,-0.658950680330763,-0.1657923139555268,-1.4806244834434699
2018-03-02,0.6272046485847294,0.4482405793299127,0.4982670005894038
2018-03-05,0.3041501419791418,1.0390030635946172,1.1332971270346197
2018-03-06,0.7268246470521655,0.04322555459807311,0.23733765354987746
2018-03-07,0.19530903077349449,-0.7720309614663496,-0.05257509087993911
2018-03-08,-0.12141394662704566,-0.045605769181792044,0.4669109758312931
2018-03-09,0.7205962028140196,1.871759273637841,1.7093814854503184
2018-03-12,0.506867386174473,-0.045074287373332966,-0.1414776898608426
2018-03-13,-0.22464138226094427,-0.7345054412584473,-0.6642211837998402
2018-03-14,0.19289535051491066,-0.6063769831710943,-0.5303468475328692
2018-03-15,0.0883702662675356,-0.5354348878912667,-0.12495006745139603
2018-03-16,-0.7477334912496574,0.8720315242028951,0.09254912201071938
2018-03-19,0.5073921151980925,-1.5730492673863532,-1.3781599782692082
2018-03-20,0.8157439730879383,0.8256519143188923,0.15405550159693493
2018-03-21,0.29421587331629534,2.5690128622109905,-0.20797437838953808
2018-03-22,-1.7858309231829885,-2.078437716834766,-2.5473710712745685
2018-03-23,-1.3908173241004995,-0.6280421381357391,-2.1703669186268297
2018-03-26,3.438148490745036,1.7654080169516821,2.6832491203888145
2018-03-27,-1.5711144893268252,-0.9619608780155999,-1.7316691583900414
2018-03-28,-0.9607733394655764,-1.9806906971506677,-0.31177940737302806
2018-03-29,0.40519158278278067,2.0677123346265818,1.253797271902197
2018-04-02,-1.4973931802945302,-2.038878584528831,-2.1979860894751537
2018-04-03,2.302494522013727,2.096095808336384,1.2577001809754844
2018-04-04,0.9172375179717127,-0.14934358692886246,1.0483465816244666
2018-04-05,0.7039354890724898,1.7639488830586034,0.7702217551954473
2018-04-06,-1.4606643243392894,-1.8402380917454686,-2.2696655049484242
2018-04-09,1.3263957663725425,0.4581332426241687,0.47577898324317675
2018-04-10,0.5976259080632598,3.240719988656644,1.5616281722996348
2018-04-11,-0.32217390442206256,1.0228740938740792,-0.5414647969788888
2018-04-12,0.4941048483678679,-0.030007881792004233,0.803469243476794
2018-04-13,-0.9356876542620824,1.0824302907783871,-0.3096234941169663
2018-04-16,-0.6337837928060597,1.0011728573883187,0.8029314905606983
2018-04-17,0.7046764998209825,0.37153169254194157,1.0482976535643311
2018-04-18,0.9029805742637949,1.546007652058181,0.05813618655788609
2018-04-19,-0.11755070638169941,0.10639115356938628,-0.5721758133282995
2018-04-20,-0.4236098377249472,-0.49221465846482587,-0.8674644408987069
2018-04-23,-0.8364124095524932,0.596144239479109,-0.030815521743505464
2018-04-24,-0.7393793540036986,-1.0928116115194402,-1.3717897822715683
2018-04-25,-0.32757272462130443,0.7759691375231192,0.23098374989987552
2018-04-26,1.2250834358695941,1.428592483390989,0.9955945116454656
2018-04-27,1.7162350929416557,-1.0803463496407042,0.0779365181336075
2018-04-30,-0.5222140847040997,-0.02945017748320603,-0.7879043830497856
2018-05-01,0.08558747605916778,-0.6273912656946989,0.16167345424513002
2018-05-02,-0.5242517128128603,0.39222837429373864,-0.689900267586024
2018-05-03,-0.2199328620331143,-0.24691639388452236,-0.2364817777417947
2018-05-04,0.18818683028707228,0.4728116538697946,1.2704764829358697
2018-05-07,0.4925056810668235,0.11942806058297639,0.32186205494670767
2018-05-08,-1.2403893755100952,0.7653879793931992,-0.015873015873015872
2018-05-09,0.9039416225160546,2.0030373580822824,0.9460928443342733
2018-05-10,1.7986822015530033,0.7308313720657091,0.9148331362772713
2018-05-11,-0.8182738434984367,0.12761612660740362,0.28878536858495285
2018-05-14,0.48638821075611455,0.6724764349519754,0.03176235459017319
2018-05-15,-0.31693769505838293,0.010004217043593267,-0.7069664285135098
2018-05-16,0.2851916633123565,0.33291682298299186,0.40371970886262576
2018-05-17,-0.31693769505838293,1.481549439844296,-0.10033514119416893
2018-05-18,-0.8231320244858802,-0.79379746702517,-0.266200801882658
2018-05-21,1.1926116264325823,1.0031107813181908,0.7331687490158458
2018-05-22,0.2839558742528837,-1.3553879492829009,-0.2942570487358564
2018-05-23,-0.4158628605062755,-0.028773395640197017,0.25888534409233854
2018-05-24,-1.2255869110547524,-1.6737118990734992,-0.22095002068271988
2018-05-25,-1.2403893755100952,-2.649117768109376,-0.25444726595935696
2018-05-29,-1.5678740718221373,-0.3247980940926785,-1.1726487492684803
2018-05-30,1.638766778837071,2.965435161943166,1.3097956124531251
2018-05-31,-0.4269733317763111,-0.7758846787094222,-0.6303559662370444
2018-06-01,-0.5321475678838381,0.4565508255011027,0.9611055152550922
2018-06-04,-2.319640339343552,-0.8837465981839498,0.4581376115017058
2018-06-05,-1.5100198410605006,-0.25385418814389205,0.056868614881468396
2018-06-06,-0.12346929022713393,0.45957414977145583,0.8166909454017139
2018-06-07,-0.9893451943380451,1.4879137644100486,-0.02668577594887585
2018-06-08,0.7421048950152458,-0.21074172369030797,0.2793364951102477
2018-06-11,-0.6652259469278501,0.5029190688029461,0.11705350626086072
2018-06-12,-0.015873015873015872,-0.782040021741301,0.1132741218822384
2018-06-13,-0.015873015873015872,-0.39462940683637043,-0.3354519648592895
2018-06-14,-0.23329936801145826,-0.15995879665805218,0.23557261186660644
2018-06-15,-0.34282551407800355,-2.1870446532809638,-0.14353270000203414
2018-06-18,-0.5632315778623342,0.9768752590970571,-0.22173980250319236
2018-06-19,-0.5290848811954492,-0.2430815212466007,-0.39991428483868996
2018-06-20,-0.015873015873015872,0.42469772323076127,0.1545705369876075
2018-06-21,-0.6892518017905307,-1.8848469075352392,-0.6447110386172805
2018-06-22,0.7693137455205206,1.9596079517299736,0.1662654119263982
2018-06-25,-0.5761315945406098,-2.0456376022485667,-1.3864956268970905
2018-06-26,-0.918793043161553,1.239087837206096,0.20528966337281299
2018-06-27,-1.8465758241378747,1.316234018725023,-0.847756117954636
2018-06-28,-0.015873015873015872,-0.1482787774888192,0.5542430460295229
2018-06-29,0.7891807635215611,0.6049711731505343,0.12799513118261788
2018-07-02,-0.015873015873015872,-1.5017154609432715,0.19770818363809417
2018-07-03,0.44129629539778864,0.6103479053034913,-0.36963556729895697
2018-07-05,0.21192124295548356,-0.1221890749466153,0.7966183364196966
2018-07-06,1.002804287460595,0.5938922797098583,0.8264013198608835
2018-07-09,1.3264156930007698,1.4664194223611797,0.8805177442204954
2018-07-10,-0.3497569004196417,0.7235338774798812,0.3433374194627375
2018-07-11,-1.2497727084764267,-2.1583022238907317,-0.7500172700347458
2018-07-12,1.2180266767303978,0.15561649335134647,0.8866140854849589
2018-07-13,-0.5748788928534185,0.5100333167125282,0.06290489245050027
2018-07-16,-0.4652719632197621,-1.1765354012518163,-0.10539481958521046
2018-07-17,-0.015873015873015872,-0.4146362037360732,0.38784709790502836
2018-07-18,0.20905516685293293,0.05069208598021227,0.1942951448310484
2018-07-19,-0.015873015873015872,0.010752048811491301,-0.3937293599659486
2018-07-20,0.5443855627945673,-0.3624455376290385,-0.13024521524099028
2018-07-23,-0.1276809913490321,-0.4574618405314691,0.16989166543733278
2018-07-24,1.2070407421790914,1.2369480441843745,0.48605992677349036
2018-07-25,1.6280268348994333,0.8150993443833032,0.832772415069013
2018-07-26,-1.3288238612790906,1.0684598127816136,-0.25205084364741753
2018-07-27,0.20415273170453832,-0.44560787944548974,-0.6958204473407361
2018-07-30,0.20369284837009988,0.8029237174490762,-0.5395793046411355
2018-07-31,-0.12563047567867192,-0.19721532224222155,0.4758513139905453
2018-08-01,-0.566206436105843,-1.4130677804805194,-0.18307873793851046
2018-08-02,-0.45837066866846726,-0.5696844170545876,0.5273939421610403
2018-08-03,-0.5717128198685943,-0.5328760997619544,0.411702616739873
2018-08-06,-0.35089905428265505,0.35560607937893673,0.3501544126424273
2018-08-07,-0.1277706511548193,0.7229001929400118,0.31382943484587317
2018-08-08,-0.015873015873015872,-0.7414370828464558,-0.0578965748501099
2018-08-09,-0.2401039042227252,-0.946975780607602,-0.15256564372247958
2018-08-10,-1.9422983971652465,0.5969865003293633,-0.6881771784071886
2018-08-13,-1.0509224106233577,-1.2991221647910527,-0.3908792979930064
2018-08-14,-1.647619254482073,0.22595563605993838,0.6201561503096167
2018-08-15,-1.5552825282563383,-3.567638093019682,-0.7654285899282143
2018-08-16,1.1703876063001386,0.7046319003431061,0.7900198358784338
2018-08-17,0.5719968675979457,0.23232849143422962,0.33555539263209666
2018-08-20,1.3811522294752547,0.6566963812928304,0.19789493429942698
2018-08-21,1.0191763788773383,0.48902778085425896,0.21839874132660006
2018-08-22,-0.24495992902453656,1.174762282443642,-0.07528154159952438
2018-08-23,-1.2853679188818257,-0.4877368529757423,-0.14873756805378638
2018-08-24,0.9089984079102524,0.711218360211993,0.584153833130638
2018-08-27,0.9005409333481731,0.7192921617712162,0.7705693639996591
2018-08-28,-0.47304232714381467,-0.44296834412178865,0.03241414600019524
2018-08-29,0.5552221908847894,0.5974982084951621,0.5207825695466892
2018-08-30,-1.5075518629545048,-0.29542787201818027,-0.42154363990817784
2018-08-31,0.7900894657258111,-0.7920102098646047,-0.012438643298201418
2018-09-04,-1.517917764341824,-0.23102849547661974,-0.1882108106525101
2018-09-05,-0.5996370364906833,-0.1505797422662179,-0.2854048401665426
2018-09-06,-0.015873015873015872,-1.8800102582058762,-0.3173274973615366
2018-09-07,-0.6030773042324025,-0.029612506455843603,-0.21039719667756843
2018-09-10,-0.015873015873015872,-0.0570880686358836,0.15779988930829336
2018-09-11,0.3368730848224852,0.9278603636761049,0.31335533616312955
2018-09-12,0.2185851717908635,0.5000710144764318,0.008304728363717647
2018-09-13,-0.6030773042324025,0.024752185527420853,0.5738887222793609
2018-09-14,-0.2517261042836232,0.5106859352625805,0.0013136519486336706
2018-09-17,0.21998007253760204,0.14559666010820962,-0.5467110016071821
2018-09-18,1.1550952931040412,0.6407365943273489,0.525282643720608
2018-09-19,0.3327553961393918,0.29084820568576514,0.09059802063586608
2018-09-20,1.022820953312556,0.010776972202915815,0.7912581996478691
2018-09-21,0.3279362645493405,0.6427279330930342,-0.10726879716338819
2018-09-24,-0.9353925496942432,1.438230173190003,-0.34863002824239764
2018-09-25,-0.4788567316597151,0.6250981940268721,-0.10871686375472593
2018-09-26,-0.015873015873015872,-0.9854803549619287,-0.31551143316070035
2018-09-27,-0.13195158242541524,-0.015873015873015872,0.26314003845524453
2018-09-28,-0.13204348712494562,-0.2927453191417554,-0.00552448524034823
2018-10-01,-0.2487058001790276,1.3609274045730033,0.33090685247595475
2018-10-02,0.7966626610949115,0.08827394361769901,-0.07414966236478343
2018-10-03,-0.47940543728299995,0.7874389487205404,0.03897791279268606
2018-10-04,-1.4193911703100635,-0.4296851240592665,-0.8004775986518482
2018-10-05,-0.7250826065210405,-0.02884436523340131,-0.5771591298844907
2018-10-08,0.8110797035673136,-0.09365351171999962,-0.015873015873015872
2018-10-09,0.10168819257266098,0.8750941446956726,-0.16193074522187523
2018-10-10,-3.1187672601116145,-3.2027949324892635,-3.233389222480639
2018-10-11,-1.2353819423126378,-3.4586628274639653,-2.2431426426159424
2018-10-12,1.8078837869469508,0.258490602076923,1.3633979596554588
2018-10-15,-0.3779795949236079,-0.8550143537006256,-0.5791505570565387
2018-10-16,2.0189090981423408,0.8095705599839247,2.147154089311186
2018-10-17,-0.25313126399129193,-0.6481025156173721,0.001933581219231751
2018-10-18,-1.0904965470945263,-0.5134781424011448,-1.4705300552229785
2018-10-19,0.3436110599372972,-0.9066175974094448,-0.07012878991505667
2018-10-22,0.10369996073964034,-1.126437516540101,-0.4657159609022371
2018-10-23,-1.945968927409302,-2.6658751733677533,-0.5262782947026312
2018-10-24,-2.35733569710838,-4.0442468685686395,-3.092553587236258
2018-10-25,1.469294722730711,1.2008065545918956,1.762258218397001
2018-10-26,-0.7557030251564429,-0.7651857879108934,-1.7902505714407106
2018-10-29,-2.1422777109688558,-1.898697003881922,-0.5714382643151996
2018-10-30,1.3651939499025307,2.2722682902049023,1.4550850242262845
2018-10-31,1.1000639020819323,0.5964953276660454,1.0465269864984827
2018-11-01,2.780650609621702,0.8292564515822858,1.0427103859014606
2018-11-02,-0.015873015873015872,-0.2671835535219505,-0.6099097389039696
2018-11-05,1.4127214511555986,1.6428811387539695,0.5342952440052371
2018-11-06,1.0423493529668595,0.4489070174031875,0.6149291091573865
2018-11-07,2.7524972064228335,1.608302188794662,2.1024112672560578
2018-11-08,-0.7008365859723058,-2.2068127288313875,-0.19752699427641401
2018-11-09,-0.9364566561966987,-0.19087141538078015,-0.9975005353555217
2018-11-12,-0.3633268707305958,-2.1106688124190893,-1.9020456296273154
2018-11-13,-0.015873015873015872,-2.3384020521364737,-0.20320736572693643
2018-11-14,-0.2481220536773406,-0.1838120288892467,-0.7018634866104667
2018-11-15,0.6793597377180043,1.440670050450646,1.0223817741715242
2018-11-16,0.6745596047966946,1.1670288269287843,0.24384834249057624
2018-11-19,-1.0533331305351574,-0.0456442890838234,-1.721781683779445
2018-11-20,-1.6514259586567355,-3.3464832845477175,-1.883829854359067
2018-11-21,1.8511775599740115,1.5421220961441735,0.324293704682965
2018-11-23,-0.13153650268246875,-3.203478572268942,-0.6859975932515687
2018-11-26,0.6761400259875396,1.4750882100670515,1.5856679756322725
2018-11-27,1.693598516216986,-0.2937165411524169,0.3200219242487369
2018-11-28,1.9975919283535806,1.6854276562479265,2.260568067528448
2018-11-29,-0.3486458246103748,0.6354832643594126,-0.23465148299600094
2018-11-30,-0.12705949332607908,-0.19721635750657257,0.5918307014110873
2018-12-03,1.0903513118721173,2.1833303513024482,1.2995616605600813
2018-12-04,-1.3447947507117224,-2.9285468879777374,-3.309765016966605
2018-12-06,-0.46279668956445735,-1.876472271970861,-0.1677239605696217
2018-12-07,-2.395616198666479,-0.5761783186465732,-2.366875765799737
2018-12-10,0.09874814285183083,-1.5889684039768799,0.17366003274047462
2018-12-11,-0.015873015873015872,0.015828575758296534,0.006824800831187451
2018-12-12,1.4622729892836142,0.3796185575744779,0.48641527500356835
2018-12-13,-1.26517612926889,0.2993610034978234,-0.04979941461142645
2018-12-14,0.09834933020944896,-2.324334256303314,-1.8796046101758332
2018-12-17,-2.44234490591279,-1.8525857178334677,-1.9971982253692016
2018-12-18,-0.5501710153241153,-2.4064109994690868,-0.12557323473202878
2018-12-19,-1.2134564257207674,-1.1989249914247009,-1.524794839836902
2018-12-20,-1.106140587014691,-2.826167126839554,-1.6570689094416757
2018-12-21,-2.232723511236465,-0.9913187404628785,-2.086080393394299
2018-12-24,-0.2652487790128824,-4.145609049500957,-2.6936987062221696
2018-12-26,2.9363474623015797,6.0203718265334345,4.913097410297571
2018-12-27,-0.5018672355443087,0.507314606019339,0.7489545308073651
2018-12-28,0.227428840667183,-0.7841665033488747,-0.1449656430102968
2018-12-31,0.3479765937655195,0.5086043886956648,0.8561913087557271
2019-01-02,0.7079036137686243,1.935314020336715,0.08809030913690906
2019-01-03,-0.8608068920221121,-1.0126138471183967,-2.431060637537598
2019-01-04,2.9694621729565784,3.3299334096080204,3.2788143171129818
2019-01-07,0.8042746491110084,1.45977543191269,0.7694861257738184
2019-01-08,1.1442284489287633,0.754655568296771,0.9192739333387581
2019-01-09,0.7882579140396029,1.5559229897737148,0.4503836433722207
2019-01-10,1.121809268866929,0.2730950845758179,0.3362790723741224
2019-01-11,0.5481362786264377,-0.610773515741146,0.0227683398398282
2019-01-14,-0.4668186049155639,-0.2580628113069825,-0.6278498141158382
2019-01-15,-0.582450520952275,0.3391246541169832,1.1236805963318848
2019-01-16,0.3244490995664039,-0.1448273779388604,0.2258148353486507
2019-01-17,1.4456369975483956,0.8992945368745902,0.7399367423989291
2019-01-18,-0.12751293568832095,1.9935102430011744,1.306349602360237
2019-01-22,-1.2525514252961583,-2.217229237530942,-1.3761455677255923
2019-01-23,1.220805393550114,-1.0459884535183606,0.1931580931034846
2019-01-24,2.1941417433093315,0.5165983312828777,0.037281641925300285
2019-01-25,0.6377216676003894,1.2474447823866757,0.8267229851332802
2019-01-28,-0.5602324683779212,-1.022019631078038,-0.7788157701278919
2019-01-29,1.069909921746236,0.2886374696743279,-0.14868092042276113
2019-01-30,0.6299825941321731,1.3825189241334297,1.5548222058896328
2019-01-31,1.7917132604677837,0.629047579283649,0.8585298040768783
2019-02-01,0.08949463330633808,1.7095092186187306,0.03229386780582889
2019-02-04,-0.12124066505236863,0.2150128113471046,0.6852070907072674
2019-02-05,0.7190521839315791,0.13776875311366107,0.40242909470565813
2019-02-06,-0.6454305664982514,-0.7554897518733412,-0.14781001607505673
2019-02-07,-1.0741129273247014,-2.252262800906322,-0.9737137926531954
2019-02-08,-0.22887596118814382,-0.47554484371816286,0.10621250061953981
2019-02-11,0.8333858842455772,0.4596145306583277,0.039584883121799926
2019-02-12,0.8262341713871493,1.2412244980884573,1.2618388396380622
2019-02-13,0.08892082502705595,1.2256175480962264,0.30831480306140074
2019-02-14,0.9221241879240207,0.3382239257865358,-0.23794124440542788
2019-02-15,-0.4316941457741439,1.5848787091563807,1.0679380044545224
2019-02-19,0.710661594065553,0.2861511472507271,0.1570342849589475
2019-02-20,-0.5342700802646765,0.40542307831909763,0.18552187836249426
2019-02-21,0.6058666658559557,-1.5744941859169646,-0.37216208780722027
2019-02-22,0.9095961048769066,0.2734492989850887,0.6022144909186526
2019-02-25,0.3927168270801049,0.15129609552717804,0.12018680077493152
2019-02-26,0.1877710223687653,-0.3351779724672245,-0.08748248849237446
2019-02-27,-0.7305291082912777,0.36413765064901954,-0.05879873505664726
2019-02-28,-0.6325222589912194,-1.0222887199017026,-0.20228897163879803
2019-03-01,-0.11901321489951298,1.8064951254689754,0.6065511818994662
2019-03-04,0.19032260517513522,0.16454649939512564,-0.38028976404291626
2019-03-05,0.7024497626169679,-0.3468951608692049,-0.15198521652638225
2019-03-06,-1.3540517436731712,-1.2899607795270114,-0.6234173911770962
2019-03-07,-1.4772825348304497,-0.6129883222431431,-0.8558819988665396
2019-03-08,-0.12103100871922974,-1.907114767467301,-0.21608442830238783
2019-03-11,2.273467566953198,1.5369471178133927,1.4238377349556992
2019-03-12,0.803800724993742,0.6291955462565817,0.360536186508341
2019-03-13,0.7971577837489541,0.9894857029289104,0.6438251489642395
2019-03-14,-0.5232447645593095,0.09014283724206588,-0.07986649857360612
2019-03-15,-0.015873015873015872,-0.05554980965143995,0.47699001739000363
2019-03-18,0.9962881940498551,1.3636745876678633,0.34603131732358927
2019-03-19,-0.5206624771095789,-0.2872696038924592,0.008937999721261181
2019-03-20,0.6901125198821629,0.8559532891328765,-0.3173331296272502
2019-03-21,-1.2292303003144824,0.6850268444256329,1.1072639401271485
2019-03-22,-1.9676321151925946,-2.75782340540389,-1.9592327778806833
2019-03-25,-0.22355660022723384,0.02993138764700052,-0.09115859505672022
2019-03-26,0.7091241332378204,1.4090321240770614,0.7268044428275677
2019-03-27,-0.9490077105307451,-0.7257797220468425,-0.5401256796791178
2019-03-28,1.2263744215452494,0.3623687761340043,0.3624353549625932
2019-03-29,0.39480368351114037,-0.16698700232917624,0.6126870992058411
2019-04-01,0.9020556223750715,1.2913068411050552,1.163131822429829
2019-04-02,0.38939446534140326,-0.704880290397192,0.03304065259758571
2019-04-03,0.08519301571208097,-0.9825046547849845,0.1413582971275533
2019-04-04,0.7889467208571685,0.8153649412080233,0.24909532572351045
2019-04-05,1.1793661957164814,1.7298189021072892,0.4670023437927978
2019-04-08,-0.11492641445227245,0.42686271152213556,0.060299769647511686
2019-04-09,-0.7120493843975626,-1.2456246860826532,-0.5296331105986494
2019-04-10,1.174612674899083,0.3561292702884431,0.32461581743838264
2019-04-11,-1.0069576135047777,0.058374107544914206,-0.04360925476300051
2019-04-12,-0.21527410901336566,0.25091457624052893,0.6584244697107473
2019-04-15,0.6803033526515407,-0.6097064852804401,-0.0813694385687375
2019-04-16,-0.1150453309957679,0.6371061316643125,0.04962340682270168
2019-04-17,0.4789564580929886,-0.1490524044820595,-0.2608634214436227
2019-04-18,-0.31247677613702907,-0.49100513440643906,0.18085180543226353
2019-04-22,-0.015873015873015872,2.0755182334223026,0.0702950234298039
2019-04-23,0.8712403467028711,-0.1763422191453138,0.8793127396250715
2019-04-24,-0.5077304547805924,-1.7832153425386876,-0.23811071769899536
2019-04-25,-0.41112893954132124,-0.32842252644386977,-0.07749497880446438
2019-04-26,0.18192960822567122,-1.3211152866724971,0.44876334431134585
2019-04-29,-0.015873015873015872,-0.10650608332393235,0.14074063626271713
2019-04-30,0.3786239329219359,-0.09146601291640916,0.0351709695565125
2019-05-01,-0.41036996466797476,-2.0327647887174654,-0.7703384371560802
2019-05-02,-0.5111824799498477,-1.7753535056369258,-0.23200388022212654
2019-05-03,1.4627250087202883,0.90666209128809,0.9581452466977982
2019-05-06,-1.5937885981448665,0.07745309832094592,-0.4282278803341833
2019-05-07,0.5787540058823701,-0.8904650637638518,-1.699968214921592
2019-05-08,-0.41190135367371483,-0.015873015873015872,-0.15488727812432537
2019-05-09,-0.8127078686133087,-0.015873015873015872,-0.3188952908253087
2019-05-10,0.7809618368672748,0.4536153409577552,0.4851981672302132
2019-05-13,-2.8329713600557107,-1.7482032836305113,-2.5609822033593552
2019-05-14,1.1003244969925543,1.1999068230947323,0.8843655967646948
2019-05-15,0.18574973211994453,0.5006774129167277,0.5682067954312122
2019-05-16,0.7865146815283128,0.5290892836054348,0.9059620345746204
2019-05-17,-1.3230501745109098,-1.030323672182233,-0.664472649420552
2019-05-20,-0.31997221872948095,0.03118334741686568,-0.6792709482801045
2019-05-21,1.2952802336566986,1.1376848402466448,0.8816660361960167
2019-05-22,0.583537521753015,-1.5779407277369968,-0.3235218958102149
2019-05-23,-1.9264368030287573,-3.4266461612515435,-1.245226571528181
2019-05-24,0.4904604969264941,0.35808106589685823,0.210697299557694
2019-05-28,1.3883572584832022,-1.0599055077581672,-0.9503152167971409
2019-05-29,-0.8158951468365223,-0.6575034427092941,-0.6891689544009871
2019-05-30,0.7841491150904865,-1.29484438874725,0.25685126769594946
2019-05-31,-0.5151493640754841,-1.7867233094061845,-1.3725567561711798
2019-06-03,1.573042866780315,1.2522068161506,-0.27049284092195425
2019-06-04,1.1594748855697123,1.6998260824393956,2.1316056782516632
2019-06-05,-0.2108244681678394,-1.1285326846526613,0.8466130659695781
2019-06-06,-0.21119507139181054,1.8208516979861549,0.632282652700531
2019-06-07,1.7284012837307736,0.4421404414884025,0.9798683500554675
2019-06-10,-0.015873015873015872,0.2774974602939135,0.4419389383413583
2019-06-11,0.3676050913133145,0.1792018791888392,-0.040108139603366955
2019-06-12,-0.5916781982694737,-1.438954731590079,-0.19256700721559622
2019-06-13,1.037263275101042,1.147015651417009,0.3959127556766336
2019-06-14,-0.7807022906872836,-0.6693545026913212,-0.1264280208100096
2019-06-17,-0.5199430774880429,0.8165452634587984,0.02217076162681248
2019-06-18,1.7182778618616847,1.3563396791835491,1.025793971128157
2019-06-19,0.27025569497547214,-0.12814802694647148,0.20957634494117572
2019-06-20,1.4025785362395806,2.1750402065500762,0.9350162467930239
2019-06-21,-0.39214494464277433,0.7041378466137627,-0.16134092071041956
2019-06-24,-0.015873015873015872,-0.916699544651105,-0.13838135030389623
2019-06-25,-1.0580526392158611,-0.8128200795348557,-1.0015312120006006
2019-06-26,0.1744157919889566,1.5086923399745231,-0.11562640163888173
2019-06-27,0.8360177996078539,-0.759359262313331,0.3380628190385581
2019-06-28,0.2664757461111899,1.1365402156629658,0.4973736691251615
2019-07-01,0.7331987332442753,0.07827215252597641,0.8879121266692145
2019-07-02,0.2635729206410153,-1.6282896168846899,0.2442245534139601
2019-07-03,0.910067649856152,0.3817268173238888,0.7804479580968458
2019-07-05,-0.015873015873015872,0.1268850400141125,-0.12975879403061344
2019-07-08,-0.10809272838567298,0.12665687892139404,-0.5668316697954123
2019-07-09,-0.015873015873015872,0.06325632405860897,0.10871551251454716
2019-07-10,0.07634669663963377,1.2570214558132584,0.46078405289204005
2019-07-11,-0.2003688759210426,0.186911726633716,0.21826661368704162
2019-07-12,-0.478641002644465,0.40398590901917913,0.43081016625408586
2019-07-15,-0.2945498347827029,-0.9200086848387226,0.017402761585423983
2019-07-16,-0.10894135022251736,-1.0864048259241268,-0.3389295461608566
2019-07-17,0.3558721373861813,-1.162007421334864,-0.6987009889089508
2019-07-18,0.6313908309464573,0.00015196984019073823,0.34954164528175424
2019-07-19,-0.3852153328877783,0.4472664575147998,-0.5728860069381199
2019-07-22,0.26124958862907965,0.44514782966648436,0.22943840378207397
2019-07-23,-0.7566121713566583,0.2533648553746336,0.6966068683904585
2019-07-24,0.16982200530381222,0.4103144081167042,0.45297245537725267
2019-07-25,-0.5739957712967196,-1.1564038525045168,-0.4947307552502979
2019-07-26,0.17050458629149665,-0.5269637058213226,0.6518716082964824
2019-07-29,0.07719531847649617,-0.4169815948311958,-0.1981168299447203
2019-07-30,-1.1384119095053755,1.103259172111037,-0.26165832563781166
2019-07-31,0.9204618149508788,-0.33436565972625454,-1.1159155475017797
2019-08-01,0.1703310469354375,-2.306662655607677,-0.8905034560181684
2019-08-02,0.17000420375320444,-1.462303113837869,-0.771696740023248
2019-08-05,-3.704236415533901,-3.0413305740153835,-3.0692546062425343
2019-08-06,1.3238559010652664,-0.13542045202866757,1.376632347101875
2019-08-07,2.5183034221848186,-0.770426854150053,0.04319518384981633
2019-08-08,1.8207133660003607,2.818391718986447,1.9271486011379435
2019-08-09,-0.4718883676698752,-1.1264367651624592,-0.699387524824685
2019-08-12,-0.8419225551818299,-1.2073582869813042,-1.2406862130679133
2019-08-13,0.9928379494198132,0.9045277041825706,1.5273204427395013
2019-08-14,-2.6038002254744725,-4.013967185454265,-3.0171625751779585
2019-08-15,-0.5792557738395518,-0.6358328206502115,0.24793718393209102
2019-08-16,1.4794621395826648,1.2904177737727267,1.4488558490920775
2019-08-19,1.1828733155517528,2.169779615495135,1.1816791168240595
2019-08-20,-0.015873015873015872,-0.8601643906850813,-0.7850675928490234
2019-08-21,1.4400116902799411,0.6223201956554216,0.7943804426633079
2019-08-22,-1.1058040609175965,-0.46391893817046675,-0.04666847930246658
2019-08-23,-2.418973229392721,-3.42387757609888,-2.6182209324636836
2019-08-26,1.9295517311184534,0.41207156864841,1.083894453196296
2019-08-27,-0.752529216497277,-0.6406004798492562,-0.40895660160340763
2019-08-28,0.07652664551775881,1.4063934625662278,0.6857935210747297
2019-08-29,0.6283835233604744,1.4386069316861056,1.2533496956515824
2019-08-30,-0.29147759548637225,-0.015873015873015872,-0.06030276766415849
2019-09-03,0.6260204238636946,-0.5041800257983569,-0.6022900264320499
2019-09-04,1.4360859534754806,1.3730221749971063,1.1127449690833318
2019-09-05,-0.015873015873015872,1.2178803729414982,1.2614637690542574
2019-09-06,-0.9208550411150891,0.510656539955503,0.06128782666273422
2019-09-09,-0.28898750867069195,1.9633887598759252,0.03449438791535159
2019-09-10,-0.6560243273051187,1.1564506806438621,-0.039357308161044186
2019-09-11,1.3508887933552036,0.08256463941602006,0.6927241881217174
2019-09-12,-0.46936902087146276,-0.6409885899063485,0.3298771756431261
2019-09-13,0.16578352834785748,0.7730987901464141,-0.08226032697411476
2019-09-16,0.5271063295868759,3.285305995279786,-0.3252536865179581
2019-09-17,1.0613293716450283,-1.4196170575530676,0.2370140786295351
2019-09-18,-0.015873015873015872,-0.49900607170620526,0.04392361799980004
2019-09-19,1.666340644345454,-0.2744366055225116,-0.022535227258263683
2019-09-20,-0.10372776301461811,0.06572407417272015,-0.4894543437827641
2019-09-23,-0.36799282899839225,0.01674718662958293,-0.03935561081553508
2019-09-24,-0.9906171796831482,-1.6109019826345634,-0.8036282637860617
2019-09-25,-0.5515896148173678,0.14975432154071303,0.5738669491497288
2019-09-26,-0.9151489229258165,-1.331779353593107,-0.22442717237568055
2019-09-27,-2.2077360666793013,-0.032653009363442634,-0.5560207247261291
2019-09-30,0.6283835233604744,-0.7396114177471649,0.4468125928883791
2019-10-01,-0.3835275579365304,-2.3572490114715103,-1.2125132544015282
2019-10-02,-1.687195397303583,-2.501989043559197,-1.7981171101266185
2019-10-03,1.1014398047336726,1.0596727035300098,0.8000874360880947
2019-10-04,2.2725528962426034,0.6135197590116273,1.3282597758877208
2019-10-07,-0.5603306131810133,-0.9086841823241529,-0.4482671768868603
2019-10-08,-0.8381772277932413,-1.736215414006539,-1.5805164315934297
2019-10-09,0.7153867882889255,0.8923420544239904,0.9293041187391131
2019-10-10,0.07517139188527557,1.2349152686910232,0.658138276780875
2019-10-11,0.4380628913066116,1.3231521790238896,1.01552610606343
2019-10-14,-0.3788473307430931,-0.0677083003091156,-0.1273082118315621
2019-10-15,-1.1127876101023801,0.398058872741753,0.969263469948535
2019-10-16,-0.47648076510691617,-1.4198420177087994,-0.17659528131726543
2019-10-17,0.6283835233604744,0.05394301763736628,0.2785855583505506
2019-10-18,0.4418024506552016,-0.5405364058760596,-0.45451920209249436
2019-10-21,1.1643532115093176,1.7568693941671327,0.6597689410203376
2019-10-22,-1.4704436025406185,1.267818666642534,-0.3430950802644141
2019-10-23,-0.2909816044949831,0.8140097965187512,0.27466215330011723
2019-10-24,0.07590446550600118,-0.43841902132571964,0.1473636839614932
2019-10-25,-0.6601295551064927,0.7938391526456379,0.39282034704078495
2019-10-28,0.444734733360882,-0.5887179310093049,0.5461883611295237
2019-10-29,-0.2919849050588862,0.3888101385480542,-0.04555189986384173
2019-10-30,-1.7825343055121978,-2.07322439937135,0.2903848512117171
2019-10-31,-0.015873015873015872,-0.4462756178810615,-0.28253886829810226
2019-11-01,0.3586566966764091,2.236014865006558,0.9062186811760404
2019-11-04,-0.5781997901437326,3.1879796352412177,0.3850782463209171
2019-11-05,-0.10989422387406411,0.114735019593072,-0.1265425295931874
2019-11-06,-0.5819426432008292,-2.0764422205338215,0.006935075557452618
2019-11-07,-0.2052412213955001,1.4720044339250318,0.33518666669566544
2019-11-08,0.36255436702297333,-0.4269462374922436,0.23045078302964345
2019-11-11,1.0174854163530438,-0.5776688792649061,-0.2070369163531251
2019-11-12,-0.8605485521279337,-0.5308813806599546,0.1947108257979123
2019-11-13,-0.1101797325598194,-0.44985899875440927,0.016474317673273127
2019-11-14,0.8295767463524226,-0.2838711979620258,0.12958774101908357
2019-11-15,0.5438503862038511,0.7527219095061031,0.7051525403140129
2019-11-18,-0.7628369037091505,-1.238359661867231,0.05788036574879285
2019-11-19,0.17136746988625998,-1.5096824237315374,-0.044711589068009566
2019-11-20,-0.9556989573828076,0.9881115305030606,-0.38844487356798535
2019-11-21,0.1728098800981297,1.6131681059807992,-0.17687646351859107
2019-11-22,-0.1101797325598194,-0.34958949719903404,0.20623045646175406
2019-11-25,1.8533373904565305,0.0843597746032,0.75619229670158
2019-11-26,0.353810695316259,-0.9384675788611505,0.21042529502502808
2019-11-27,1.267367179987033,0.2365772150587579,0.4288960603950959
2019-11-29,0.2569836923627974,-1.0295379533263682,-0.3874583059396756
2019-12-02,-0.015873015873015872,-0.015873015873015872,-0.868942659247433
2019-12-03,0.708125889325679,-1.5214567577336375,-0.6888193137807732
2019-12-04,0.6133544925432082,1.4727082724733855,0.5992636015851616
2019-12-05,-0.37495595206785876,-0.49253974160844377,0.16376930447767074
2019-12-06,0.879386667020974,1.8773540578015813,0.8933788620674734
2019-12-09,-0.4625102699592596,-0.13315701292469395,-0.3307826010477829
2019-12-10,-0.7346400169021645,0.18511342389906593,-0.12743546478112033
2019-12-11,1.4165499842475104,-0.18333077662568573,0.2675763701251909
2019-12-12,0.6927351432382982,1.8108075786220499,0.8423533906664811
2019-12-13,0.4244434018041446,-0.7756993548736795,0.04402317572871344
2019-12-16,2.0167904746332486,1.318234102017811,0.6687704333320836
2019-12-17,0.4168453909596056,0.04958634492479859,0.006044976581240598
2019-12-18,-0.18873574931624548,0.35946903514496803,-0.009635615367511362
2019-12-19,0.15698971757021327,-0.04846214718333315,0.3932330413443548
2019-12-20,0.4149810034149624,0.9387862011047452,0.4215775793219509
2019-12-23,0.6696377790456625,1.0056104091799785,0.13678319544032067
2019-12-24,0.23999340048511902,-0.06424709610361706,-0.012754279983740147
2019-12-26,0.578623604105418,-0.048179279530806696,0.5150231698068859
2019-12-27,-0.35514748963344084,-0.4365343755036812,-0.04065211642124654
2019-12-30,-0.5269615784491617,-0.3319273880880239,-0.56871895234504
2019-12-31,0.32515442982635256,0.5520192138761517,0.22671498276858476
2020-01-02,1.5044165240046763,0.8795011630075746,0.9150294016860325
2020-01-03,-0.5200811231029963,-0.3134411915378232,-0.7759782067272847
2020-01-06,-0.26892494803622446,0.7592747928328436,0.36489145947775103
2020-01-07,-0.2695669257203143,-0.27908622013820944,-0.2974403976742835
2020-01-08,0.8272852460319706,-1.6767679926629604,0.515680893096079
2020-01-09,0.15192267146246627,0.7183347148245065,0.6598745744924044
2020-01-10,0.15164158911380393,-0.5827485160387353,-0.30405893678595586
2020-01-13,1.4791615895296235,0.017546626346697125,0.6695199120559974
2020-01-14,0.8051415078234945,0.0008532863422898683,-0.16846377602683657
2020-01-15,0.14752745646968451,-0.7538818472005997,0.20988357104351404
2020-01-16,0.797156549015136,0.1523650255337628,0.8125160465914023
2020-01-17,1.1113483845454388,-0.6566002429400988,0.2948972009888248
2020-01-21,-0.4974199636128611,-1.8250817972432385,-0.2118811104751605
2020-01-22,-0.33818082525565984,-0.9851049332090196,-0.003828563868163515
2020-01-23,0.22594276084946044,-0.3992361392861233,0.098733689126043
2020-01-24,0.06461901678715974,-1.1747989357727397,-0.9091192647996995
2020-01-27,-2.376601827930012,-2.8278673513087815,-1.6317890508680537
2020-01-28,1.941787693361753,0.4372076800500662,1.026581225743954
2020-01-29,0.46761411690664006,-1.0702358636984295,-0.09850049875325487
2020-01-30,-1.066390547288738,0.7850118553906782,0.3081442245251638
2020-01-31,-1.5713771170689794,-3.1837294805865737,-1.8483833456673935
2020-02-03,1.2956267461598192,-1.3343962822456727,0.7242504482379277
2020-02-04,3.3471287449049845,0.3437133463022119,1.4967623966853318
2020-02-05,1.2361128145758202,3.67485793030197,1.132291050873527
2020-02-06,0.2946656011672491,-1.0407778779885244,0.3200391222077322
2020-02-07,-1.1070639930934498,-0.7173423890034119,-0.5502625154315985
2020-02-10,0.29711157620810597,-0.5173193383262638,0.7279012346304046
2020-02-11,2.5295820817155836,1.0950275986252427,0.15730220185583904
2020-02-12,2.1687789977568452,1.3193158265532132,0.626311323598665
2020-02-13,-0.5388609312233787,-0.325209301835943,-0.12261775826025972
2020-02-14,-0.09081596177521806,-0.5458052791215642,0.14420139894285128
2020-02-18,0.3582582924839831,-0.8437632134147004,-0.2738903644863081
2020-02-19,5.434067823369283,1.3054992563740508,0.46111106583178385
2020-02-20,0.6888446012373737,-0.12531239572056185,-0.4275445437659641
2020-02-21,-0.932982366003756,-1.209345871868467,-1.051035850667779
2020-02-24,-3.623769515462849,-4.743530574334217,-3.388673091616423
2020-02-25,-2.7720907814711744,-4.531502243426752,-3.0929563481821107
2020-02-26,-1.3847067269605176,-3.081004864823713,-0.38438047324164265
2020-02-27,-3.9195867346155575,-5.512001710313069,-4.610988696532734
2020-02-28,-0.015873015873015872,-0.10418853991692886,-0.4369005527285055
2020-03-02,1.013850038603613,3.9469778256500274,4.223595939051311
2020-03-03,0.7690606303024476,-3.1209104709966797,-2.92088873143209
2020-03-04,3.7436725294404294,2.321891598520399,4.101484808432933
2020-03-05,-1.075666199446332,-3.7430103518987714,-3.396545564804397
2020-03-06,-3.107318016387539,-5.798351962449278,-1.682788410091802
2020-03-09,-12.010272800465625,-22.506869523571364,-8.147135330666577
2020-03-10,2.2589379975863024,4.618748435948753,5.029192838672017
2020-03-11,-6.3544453738506235,-5.449177392167896,-5.013555965385627
2020-03-12,-13.725135625930081,-13.339316501157882,-10.072772728989765
2020-03-13,5.134576500643837,8.812428220996456,8.186934372908217
2020-03-16,-12.625943173234727,-14.641904690172783,-11.604544467641139
2020-03-17,7.549379437135987,0.6650010022276349,5.242651864089289
2020-03-18,-10.822124892349468,-15.514287433516552,-5.211862232081172
2020-03-19,2.309778302120937,6.560393317037924,0.19640482155506656
2020-03-20,-0.13087107357956873,0.955571354170591,-4.4208926348075925
2020-03-23,-4.246818484960894,-7.075123647326183,-2.6059684276958732
2020-03-24,10.783946261068598,14.85832112465229,8.657243418454692
2020-03-25,4.822070965397031,4.592891024809232,1.470050487167386
2020-03-26,3.6135654422354433,5.9150529201307105,5.658986104647104
2020-03-27,-6.24556867364774,-7.035094987003867,-3.0396955238769845
2020-03-30,0.8235953253856183,1.0025772918032756,3.1800859944649558
2020-03-31,-0.22505883048321892,1.5098168342232958,-1.5176514244085422
2020-04-01,-3.858402595586125,-5.098094701991248,-4.620778567788312
2020-04-02,0.850858294646569,8.748551770157745,2.2654717536568665
2020-04-03,-0.7738595782646844,-1.0828816726295898,-1.4718403124478223
2020-04-06,6.505906202044734,5.145294453053268,6.484796488017405
2020-04-07,1.900453066395189,2.094771001923091,0.0860049384744519
2020-04-08,2.8400675761719856,6.441895652864356,3.285881337315409
2020-04-09,2.002457725572847,-0.9259340122022108,1.4943659142328467
2020-04-13,-0.7799826404227457,-0.34078337149325527,-0.9330472571112258
2020-04-14,1.6009272853903005,-0.4903663326763129,2.8907518833993993
2020-04-15,-3.275994126234147,-4.826538259212876,-2.1635660772721197
2020-04-16,-0.21100714456501468,-4.383091111092857,0.46535515286996243
2020-04-17,2.6818143493653084,10.079313629939662,2.649859546962071
2020-04-20,-1.3556497941936991,-3.18788192853709,-1.793385164161999
2020-04-21,-3.545628803315374,-1.79505347982219,-3.09925888621703
2020-04-22,2.4485257674563505,3.4815047950413494,2.1792924399249056
2020-04-23,0.37284853754031183,3.1608594329019475,-0.023069687897077012
2020-04-24,-1.1866205713387508,0.2154660271833743,1.3684336171042653
2020-04-27,2.1201432498860546,2.127402496514106,1.415708221685391
2020-04-28,1.981341837361357,2.248343775084098,-0.4768108859515362
2020-04-29,4.043720512774874,7.130064428423847,2.5682653374843745
2020-04-30,-2.7658180331861337,-2.253843248004497,-0.9512937762062814
2020-05-01,-3.51505606221837,-5.840137603101198,-2.698854545041714
2020-05-04,0.5599504504935309,3.384547737433609,0.2595242644357898
2020-05-05,0.936525207475539,0.06494950680825393,0.9038206921274712
2020-05-06,1.0213840816296522,-2.663755565134852,-0.6960278661225201
2020-05-07,1.103524747952877,2.5511870107075416,1.1835605481500913
2020-05-08,3.1792836055357,4.4398382382885115,1.6252117589605704
2020-05-11,0.43237121719542315,-1.7849316547216516,0.004638480995018124
2020-05-12,-0.824148235305858,-1.7900080549991635,-2.029137819522231
2020-05-13,-2.850998650917329,-4.664074769013477,-1.8002945232363552
2020-05-14,0.7235002881924444,1.097406171867235,1.1737423815921988
2020-05-15,-0.6625239509896272,-0.40412090287246377,0.44278934749779625
2020-05-18,5.483487589618961,7.836546468466595,2.9846129654774343
2020-05-19,-0.4554388515445286,-2.8557407230312704,-1.0483056963158217
2020-05-20,1.6442784795816427,3.8970666259216467,1.6686897645439238
2020-05-21,-0.6243035706337656,-1.6298457222953195,-0.708660038619646
2020-05-22,-1.2439445825091968,-0.6376321561410563,0.17380792405772427
2020-05-26,3.6240461650719866,2.726830151763485,1.208659819397347
2020-05-27,0.8315638378884418,1.2654153205875707,1.4611003501359232
2020-05-28,-1.2897718114867651,-2.8515217413384324,-0.2005374713413797
2020-05-29,1.847020129273434,-0.4792080619221099,0.4286788704669045
2020-06-01,1.8129247326489544,1.7233102956761464,0.3875173468824145
2020-06-02,0.8044765168978327,2.7350175418667075,0.8087553690772735
2020-06-03,1.1214381605909178,2.877221410196025,1.306161794039702
2020-06-04,-0.09667364856145874,0.008057804691520874,-0.2788897181597098
2020-06-05,1.746995261949822,7.148219143070451,2.514771157287855
2020-06-08,2.8805858131067352,4.390513806335952,1.18562546238885
2020-06-09,-1.8064880380808195,-3.844095199038522,-0.764321870992777
2020-06-10,-0.567262253138068,-5.063577267622317,-0.5754450142337022
2020-06-11,-6.965949300928007,-9.91132806438476,-5.953585708887154
2020-06-12,2.244572713292473,2.475997276729583,1.174510717962419
2020-06-15,1.9029076528228126,0.2850125614910307,0.9134202438381036
2020-06-16,1.4416458727444736,2.8227913513174197,1.8905707357817807
2020-06-17,-2.045988146965037,-3.4824382092554464,-0.4320925597131105
2020-06-18,0.7197181776584864,1.2111447180837709,0.022595335064219776
2020-06-19,0.06552910486864778,-1.5456988635895732,-0.5889852822549142
2020-06-22,0.8751875432996139,0.4463374600094009,0.6235975108959391
2020-06-23,1.186551609004656,0.08600036622633705,0.4434550845146488
2020-06-24,-1.6223321104394053,-5.72424738413857,-2.5998569374389375
2020-06-25,-0.09689608177731589,1.8792854305628137,1.0504736123799998
2020-06-26,-2.726503380189918,-3.5410636871861803,-2.41967574025743
2020-06-29,3.179814884036904,1.3173333964956653,1.443204518696482
2020-06-30,0.9472320098024838,2.2553873370659736,1.2569097041887618
2020-07-01,1.2539762130109438,-2.4765334478034315,0.6821736721888458
2020-07-02,1.3936910069954025,1.088266634313545,0.5333183739639957
2020-07-06,3.798458186391464,0.2782539650432577,1.5160296894919385
2020-07-07,-0.39080526307417296,-3.2450128031942502,-1.0526076073491402
2020-07-08,3.236444001203723,-0.09866632785559987,0.7461026726839404
2020-07-09,-1.259936745029923,-5.0827353336054175,-0.5867782310218892
2020-07-10,-0.1632681958834878,3.1281194734676685,1.0000257525972907
2020-07-13,-1.2028222109520934,-0.5519095552164406,-0.8855585588162651
2020-07-14,2.780469807999161,3.4318159266193273,1.2716841387099684
2020-07-15,2.2088445049872294,2.120193714947739,0.8986686781084494
2020-07-16,-0.7996295669827465,-0.4717075528659072,-0.34576753289036755
2020-07-17,1.615944587562092,-1.4231960362917948,0.27361213129083634
2020-07-20,1.797282103016113,-1.6924633520867691,0.7890344021377556
2020-07-21,0.46672511260063637,5.850779865018288,0.19665955840789143
2020-07-22,0.8060418892072452,-1.2518965294776347,0.5517225491144435
2020-07-23,0.25660655523961334,-0.20128467338708717,-1.2162239522383838
2020-07-24,-1.8696893287629177,-0.5741796043199647,-0.6620000780846216
2020-07-27,1.9739086453431127,0.09067261171007844,0.7107565771447582
2020-07-28,-2.5615902949999003,-1.7349274033692912,-0.6521436348572156
2020-07-29,0.5400626020377255,2.0488391670111907,1.2064596533997345
2020-07-30,0.46805967764080797,-4.02293109132664,-0.37327250606890117
2020-07-31,-0.7079133291898292,-0.48658812263537216,0.771233022651304
2020-08-03,2.385611351320129,0.34430108970438145,0.6769602212060557
2020-08-04,2.989368111302697,2.3886094155888853,0.36963853817515
2020-08-05,2.517555745777339,1.0315248186058765,0.6032532288148114
2020-08-06,0.36824029360427074,-0.8205940605251474,0.6503913404551815
2020-08-07,1.443084825806119,0.11871266009789899,0.055876504304104194
2020-08-10,0.36124528477325984,3.030329148509757,0.2825698272014052
2020-08-11,-1.660441112479556,-0.35564040018758203,-0.8447373705693477
2020-08-12,1.69141223386288,0.9739952487468588,1.3687203547859592
2020-08-13,1.6627589326755952,-1.979018900086475,-0.1968183573317567
2020-08-14,-0.758456502809967,0.9312053751689302,-0.012909526939614677
2020-08-17,1.1573522648918002,-0.5935590943316025,0.3012812736515501
2020-08-18,0.35175226110131375,-1.288083960513972,0.1999512146070221
2020-08-19,0.35044315493835604,-1.1694820256893668,-0.43311848370726225
2020-08-20,-0.6884632615444115,-2.198170999361331,0.29499398766313006
2020-08-21,-0.07722421798730947,-0.6522235538223522,0.33825345682578023
2020-08-24,1.20437882272994,2.694781728073089,0.9923355654871189
2020-08-25,2.262416859314391,-1.4304963440196587,0.3334605359549741
2020-08-26,-0.015873015873015872,-2.1480318473734177,0.9816900874985623
2020-08-27,-0.3127046127819452,0.17984183974456816,0.20253751749061763
2020-08-28,2.21821933029633,1.7560713829949486,0.6279882158673944
2020-08-31,-0.3653227753808869,-2.2076563287908013,-0.3787790241359384
2020-09-01,1.6045080079681346,-0.6913761336211612,0.9215805638116774
2020-09-02,-0.41848831813104326,-0.4971286069906568,1.4201486753352894
2020-09-03,-6.442863505883659,-0.7563852809365006,-3.5178887594609765
2020-09-04,-1.066226231753223,-0.3308563323891374,-0.8357021446126089
2020-09-08,-0.576448737243276,-3.725932388262935,-2.7861936016538174
2020-09-09,3.42217374577313,0.6663142771746158,1.9396223874416376
2020-09-10,-2.2741442839823387,-3.7501408734527946,-1.7674998211340642
2020-09-11,-0.07763465426490102,0.07614131713029414,0.03501689052669072
2020-09-14,2.72569379627665,0.747621287066951,1.2926694612911862
2020-09-15,1.8889514723394758,-0.7487097989814648,0.4880769688358198
2020-09-16,0.5720268009371761,3.920345599199845,-0.413501093286747
2020-09-17,-1.9094132818810774,0.13135998866051127,-0.8992994913734911
2020-09-18,-0.13545846077135004,-1.1401666692577768,-1.1738530533636504
2020-09-21,-0.8566968911497896,-3.3866408404726256,-1.1350085888191004
2020-09-22,0.5254767674102852,-1.0534707995012471,0.9973880148794969
2020-09-23,-0.9197700423992985,-4.640766714328342,-2.3622983975845244
2020-09-24,-0.5012919409814809,-0.04897212700423307,0.2503455895662145
2020-09-25,2.1502630079504943,-0.08212748425516281,1.5878482229086703
2020-09-28,4.40859479043637,2.309440669832699,1.631417413443223
2020-09-29,2.3477726889026305,-2.806138582893309,-0.5619503886858266
2020-09-30,2.781125743734744,-0.31592132154154867,0.7394887674066157
2020-10-01,3.1775899707615296,-3.1358558503487566,0.6240666108311896
2020-10-02,-0.06825540463813509,0.9440428299438128,-0.9698593611689297
2020-10-05,4.442985784862942,2.9423307733125905,1.7418905445368604
2020-10-06,0.6833968497537803,-1.5176752352528022,-1.4476563245078036
2020-10-07,4.8418305848016505,1.38649419593093,1.7098095733576963
2020-10-08,-0.11075204689333001,3.662320947249873,0.8664808971900393
2020-10-09,1.5382013545420712,-1.6267149559108853,0.873163166901922
2020-10-12,-2.0933924189010504,0.24362061318733702,1.5801019701929397
2020-10-13,-0.35039508255406115,-1.583009273737103,-0.6706393099717105
2020-10-14,1.173753387194257,0.4110073659212704,-0.6462048316313984
2020-10-15,-0.7756201340606372,1.1891492877893743,-0.13951475617585934
2020-10-16,-0.44575230075267724,-2.3080500880351438,-0.0763340625593919
2020-10-19,-0.7847275505774165,-2.1585830368596444,-1.5478543726942007
2020-10-20,1.989916133059877,1.1615854238207242,0.383878243854466
2020-10-21,-4.463220721442764,-1.9406368675293142,-0.20533757741617453
2020-10-22,-0.3624771571369375,4.0267907086925225,0.5311390271394505
2020-10-23,0.2813013108982571,-0.5082469207839415,0.32307405402713235
2020-10-26,-2.1148916149827883,-3.6684668245209027,-1.8811424010397886
2020-10-27,-0.7763363484797259,-1.3212845840312772,-0.36122245918497115
2020-10-28,-1.5543612652683163,-4.289891230445382,-3.493550879905745
2020-10-29,2.030222438863221,3.0055108513468,0.995382147548018
2020-10-30,-0.9825538403086957,0.5427759420499056,-1.063859854920417
2020-11-02,1.7576803166858583,3.339460365091152,1.0987266056669123
2020-11-03,1.1823533955060777,-0.5898964638321074,1.7343145653068768
2020-11-04,-1.3146147490222968,0.11948198593551124,2.1944577937675263
2020-11-05,6.786186160235488,-0.015873015873015872,1.9156167338485726
2020-11-06,0.7328430840408635,-2.2039806134195987,-0.038707432655588875
2020-11-09,0.17040955930252438,13.328615240219056,1.2328791455630879
2020-11-10,-1.5161154866685935,3.1693948594275363,-0.16264884358033666
2020-11-11,3.1457037941813417,-1.0466794349644648,0.7242334054316986
2020-11-12,-1.166619949688894,-3.295821666027839,-0.9906863083286377
2020-11-13,0.44601414424923524,3.55969047778995,1.35907163572745
2020-11-16,0.489748045274292,6.358623601913163,1.2246562927147242
2020-11-17,0.16736569667329684,1.00353424573607,-0.5551611737717139
2020-11-18,-1.491223600509231,-2.964601542974742,-1.2266465021469761
2020-11-19,1.4137040460532464,1.6083539670672298,0.4042415254637646
2020-11-20,1.1223094214436777,-0.5450123209529756,-0.7030009007031028
2020-11-23,1.8675827656840587,6.810750863986169,0.5817846771859745
2020-11-24,1.3519075458663299,4.994715060841397,1.5826505509019129
2020-11-25,1.678707963316184,-2.375434907243157,-0.17016668187506298
2020-11-27,1.608091186372075,-1.191165592345203,0.2622456645418462
2020-11-30,-0.2705136645979352,-5.69996186013151,-0.45958913148838254
2020-12-01,-0.9552625650732549,0.4455109032766378,1.0719534991191149
2020-12-02,-0.9208570469436532,3.181840748605954,0.1942677797255834
2020-12-03,-0.7109231194464989,1.027735723648328,-0.043135475926359884
2020-12-04,0.28880044729960136,5.291072155013395,0.8422148243048493
2020-12-07,0.4177986667345126,-2.38180660208784,-0.22157064794238154
2020-12-08,2.631544135070639,1.4600960371063005,0.2762810414557398
2020-12-09,-2.4903944829026132,0.20733846078194315,-0.9168027068885201
2020-12-10,1.4847154510865725,3.01020541673589,-0.04859787300054815
2020-12-11,0.5357773722231369,-1.1764205056683552,-0.13318166736432285
2020-12-14,1.4145348562278335,-3.5805844883208504,-0.46458434960593364
2020-12-15,4.556345953466343,1.9307579676357178,1.3270090931505296
2020-12-16,-0.015873015873015872,-0.511434459834903,0.1409194084707084
2020-12-17,1.9597003512509192,-0.488890423219391,0.5417806670548011
2020-12-18,1.3441671215271067,-1.702103002801139,-0.4159496903486955
2020-12-21,1.7059875028230214,-1.9637147314400298,-0.3740682912303362
2020-12-22,3.561272188352955,-1.7085633821028379,-0.18455755801305226
2020-12-23,1.5818383071580815,2.1738524320786534,0.07394078847607223
2020-12-24,-0.1961585444837935,-0.5391440822442899,0.37240550057911215
2020-12-28,0.7749370764476051,-0.647475828170549,0.8395510873541598
2020-12-29,-0.987279467801707,-0.6779878849137555,-0.20683319846763493
2020-12-30,2.2868725598414597,1.5398649391865291,0.1267093447755575
2020-12-31,-0.19278966761684405,-0.8566619674623848,0.49090866443575415
2021-01-04,1.5301959245782257,0.1422971520754401,-1.3866187118147184
2021-01-05,2.0887422467090127,4.365147341518129,0.670502205019708
2021-01-06,6.940303633667889,2.989420312627852,0.5802088897485322
2021-01-07,6.188851911712434,1.4415353061120306,1.4589350809915111
2021-01-08,-0.7669496858903377,-0.1364942577969823,0.5522592803065101
2021-01-11,-3.451792583775946,1.541209885183306,-0.69221484521373
2021-01-12,1.1940098997829534,3.418661469317668,0.0052555133937968596
2021-01-13,0.4762652289372764,-0.7998514623989395,0.25304099327308055
2021-01-14,-0.9096939505460346,2.904043998213526,-0.36667737532284383
2021-01-15,-5.553398958783071,-3.9829032899185957,-0.7477958611300604
2021-01-19,2.6957240115785823,1.9758530364224636,0.766250040253823
2021-01-20,-0.3987657207814381,0.35033876504261696,1.3585080437537123
2021-01-21,4.3013262262604,-3.4556923749605306,0.07523439867161853
2021-01-22,0.7162994054968257,-0.537434268702349,-0.37043280909013526
2021-01-25,-1.3006954836917035,-1.0432650244184987,0.3777281280207367
2021-01-26,-1.0059798637080095,-2.1763784576333296,-0.17207870618552154
2021-01-27,-6.502905746992379,-1.3747316703154375,-2.490294154973817
2021-01-28,2.2151952341061376,1.146459324068099,0.8404819420682459
2021-01-29,-3.3814064580402885,-3.3915963889223417,-2.0381467522985672
2021-02-01,2.2075382515474162,0.6937197916650448,1.634976633455301
2021-02-02,1.061336011589719,1.0641135506066983,1.388262130059898
2021-02-03,1.7540814345624376,4.167205522731172,0.06271884808759973
2021-02-04,-1.299996251052608,1.080153172390397,1.1142882590195362
2021-02-05,0.7245169474388313,0.8336129255172686,0.3769231100118464
2021-02-08,0.9734507619419341,4.081359198040276,0.7037499262710611
2021-02-09,-0.9090353304204497,-1.081537718850857,-0.08248940431323418
2021-02-10,-1.370721402054252,1.8807713765265757,-0.05944581093964925
2021-02-11,0.5024239437288454,-1.571207846735385,0.1455016102320845
2021-02-12,-2.072416784002876,1.4499653725525294,0.4768889150679495
2021-02-16,-1.1435787061811147,2.460471785505889,-0.10250679630231362
2021-02-17,-1.6977281305762622,1.458240620550301,0.007053983292124193
2021-02-18,-5.345340386717354,-2.301307651927267,-0.4423691615241149
2021-02-19,1.8977185872842894,1.6435784141753682,-0.19260650617253394
2021-02-22,-6.880073404884012,3.390142269984661,-0.78803879327988
2021-02-23,-1.4166124738782828,1.624033196380232,0.10549705003038858
2021-02-24,2.0966192674305777,3.464141653615714,1.0800296770169817
2021-02-25,-4.950894279341858,-1.96354060024899,-2.4549406440894663
2021-02-26,1.347347893419669,-2.416734456763836,-0.5324965046084573
2021-03-01,3.705123481573822,2.5470654363488667,2.3792618851003016
2021-03-02,-3.273740975032436,-0.5639106990294764,-0.7992633028886107
2021-03-03,-6.785958444405966,1.4389667561429627,-1.3492800042827608
2021-03-04,-4.094654415122305,2.343230735692043,-1.2610928960522994
2021-03-05,-1.4423065475752392,3.6579896617031284,1.8070481625210963
2021-03-08,-3.1107132590443674,0.1727828627497436,-0.514955685070501
2021-03-09,8.005650360931185,-1.7844845880964826,1.4017751147787785
2021-03-10,-0.05730631023937329,2.4852073324254227,0.604657499883194
2021-03-11,6.134340330085498,0.021563049726540398,0.9929242740128492
2021-03-12,-0.7986536394343382,0.18967996661519804,0.11870176202177113
2021-03-15,-0.5674906942625415,-1.1610849631476818,0.5787251642317082
2021-03-16,-2.3341329593609728,-2.9085340881084845,-0.14209773245751448
2021-03-17,-2.804070322286564,0.7585588622976371,0.32456213791800237
2021-03-18,-5.616811361242857,-4.613708792397543,-1.4815445344441232
2021-03-19,2.5884243879898765,0.004309746365255197,-0.20107147819224575
2021-03-22,2.35511382642668,-0.9794644171464553,0.7794581656406272
2021-03-23,-1.9166791748266359,-1.4894080077370933,-0.8060616862805856
2021-03-24,-4.596820491142586,2.4620840866068767,-0.5255268358695475
2021-03-25,0.4740083724774489,0.3505939437088571,0.5451242989270877
2021-03-26,1.9635106378120586,2.4330388436691965,1.582752368583141
2021-03-29,-2.4404966252845885,-1.2127701901849,-0.06638552911090166
2021-03-30,4.690861193367241,-0.8825588567470886,-0.2815327967948781
2021-03-31,3.3742894019767316,-0.7064960955475146,0.38863482712745084
2021-04-01,-0.5109339665072715,2.500087828933663,1.0582757592625
2021-04-05,-1.5578971394867698,-2.429981095728006,1.4092161063793658
2021-04-06,-0.015873015873015872,-0.2809362769047635,-0.07495026477168754
2021-04-07,-2.8701649380851877,0.33061277098075065,0.0997794970775117
2021-04-08,1.2722609317889908,-1.3265714072409172,0.4577062521887863
2021-04-09,0.11203854672544541,-0.6777069685006731,0.7085026214254277
2021-04-12,-2.038770146563851,-0.8075339228256775,0.020575510355945757
2021-04-13,2.0070241148178267,0.08862213153159507,0.2800577996651164
2021-04-14,-0.3573202126690809,2.7251533801396857,-0.35796414969689927
2021-04-15,-1.4801615268475374,-0.8323547419085517,1.0526394830914536
2021-04-16,3.2701160657799417,-0.818420785695483,0.317803951630025
2021-04-19,-2.4809388387976163,-0.1192586358103821,-0.5083784090917017
2021-04-20,-0.9235918373064049,-2.698891849291723,-0.7507224996770319
2021-04-21,1.9192562080115871,1.2507629031954082,0.9258778183700371
2021-04-22,2.3827301906341676,-1.197568820895795,-0.9333608024163773
2021-04-23,1.8379317308615482,0.8927223148936654,1.062522252453715
2021-04-26,0.47273756406328143,0.6549990925160332,0.19266374894014435
2021-04-27,-0.3413535437103744,1.1887213820289795,-0.037415374489323236
2021-04-28,-2.0744129613915057,3.373605648783497,-0.04460599089279396
2021-04-29,-1.5669300650733697,1.0954591215457228,0.6193704575082091
2021-04-30,-1.849224428946069,-2.574488041696863,-0.6750969583223849
2021-05-03,-1.4460067412261732,2.7005041896489987,0.19955694813925476
2021-05-04,-4.205433730416029,0.04319996855311199,-0.6346801594999587
2021-05-05,-0.15251437735203788,3.162688001139248,0.015380084341452827
2021-05-06,-1.3464743421899494,0.4979214310586953,0.779521733886503
2021-05-07,1.7694752949789976,1.752400486473547,0.709281673308815
2021-05-10,-3.056197877428554,0.021415281706540147,-1.0110336665287902
2021-05-11,0.21772389878352894,-2.6217754364233303,-0.9123619322913588
2021-05-12,-3.4333808057374338,0.461272098377899,-2.1632934592260047
2021-05-13,0.3696646179381567,-1.2419073155357192,1.1782290412795557
2021-05-14,3.806246914487081,3.040239325846156,1.5079939664398356
2021-05-17,-0.9461001676971916,2.275842832865971,-0.2706499036079914
2021-05-18,1.8360171291323528,-2.36369389724252,-0.8811927080086661
2021-05-19,0.7609365404818649,-2.5351747246658687,-0.27839831001954063
2021-05-20,2.5011174718138034,-0.16948210564611343,1.0542131789645188
2021-05-21,0.205795448352037,0.19527210492829605,-0.0978135226798323
2021-05-24,0.16112491098200377,0.9761156340312704,0.9984208501891751
2021-05-25,-0.2814829964506891,-2.0679227595906107,-0.23800663556715915
2021-05-26,1.173823899498855,0.8714805776747048,0.18238920552521704
2021-05-27,-0.10352326200771278,0.06089627750297934,0.03661004477367025
2021-05-28,0.46523309722441153,0.17584991026084448,0.1628365972680323
2021-06-01,-0.23425853139141709,3.761712440184241,-0.10399277385150106
2021-06-02,-1.6469485459835573,1.829786825056791,0.14126879278644577
2021-06-03,-1.8549056723619313,0.25534504170046446,-0.387712737305344
2021-06-04,0.9302991322780101,0.6500229882952386,0.8945670987292058
2021-06-07,0.5207665407401105,-0.4473102233996531,-0.1129389528269333
2021-06-08,0.38479100473144323,0.8451316175529184,0.005431078799599861
2021-06-09,-0.6397709904238587,-0.6429342814408605,-0.1651745705501746
2021-06-10,0.4057739184002201,-0.1417618041727851,0.4478880117504907
2021-06-11,0.8310373830001698,-0.35838639207295736,0.14923442410386414
2021-06-14,1.1753950467259693,-0.45019067839179683,0.20778872944530177
2021-06-15,-1.1627777281121956,1.8704712564962982,-0.19946856057565218
2021-06-16,0.5151012213675452,-0.5512203220185881,-0.5757656295956124
2021-06-17,0.5562179541620531,-3.474518493496482,-0.049040072928265316
2021-06-18,-1.697356774375429,-3.02418550043171,-1.3740958291877066
2021-06-21,1.00520765343337,4.157313319117838,1.405577575987114
2021-06-22,0.9949135506572693,0.6477157524929016,0.5172918703639748
2021-06-23,-0.19092464724750857,0.25932582789461184,-0.13647030199317506
2021-06-24,0.6389987468021907,0.8415685787326295,0.5739661898075443
2021-06-25,0.28829995732552516,0.5095446901579743,0.3387206062552984
2021-06-28,2.5961217894896613,-3.4533900637219626,0.18548134702019828
2021-06-29,0.6161066197858587,-0.5033312053048928,0.0379393844344879
2021-06-30,-1.4967563150322531,1.216871961203103,0.06825697124358615
2021-07-01,0.32455542830278516,1.7140327734749634,0.5362715112949965
2021-07-02,-0.22849737402979794,-0.23506508556221897,0.7455796081861428
2021-07-06,0.6629551024357061,-3.324702512701749,-0.19820790229355315
2021-07-07,-0.35470675524372497,-1.6546769909595649,0.33692137660636745
2021-07-08,-1.7706806353187299,-0.5939155311939452,-0.8339980907738493
2021-07-09,0.24283283304066972,2.0874975343668467,1.0459346532707052
2021-07-12,1.1402343757210107,-0.1673691136927553,0.34167495092906686
2021-07-13,-1.2150443003196203,-0.7767807080784532,-0.3573520872327775
2021-07-14,-2.5023766303372663,-3.039917048042893,0.13324483960972824
2021-07-15,-2.0235048198720964,-1.423119303321026,-0.35802570124244165
2021-07-16,-0.422294668822016,-2.8911319204881147,-0.8033042712705745
2021-07-19,-0.7424846698087906,-3.6130922047409477,-1.5036939696801215
2021-07-20,0.9818729125965213,1.3167851038087475,1.4069929781368808
2021-07-21,3.0941096579202467,3.4127953483431046,0.7905064735858938
2021-07-22,0.027850059278317074,-1.1389061721592737,0.1933242499217358
2021-07-23,-1.3806269730047516,-0.3861677594212832,1.0076838472174932
2021-07-26,-0.8169446659141446,2.427261399013996,0.22930475611862222
2021-07-27,-0.7333703269403795,-0.9453872631691334,-0.4726926469033041
2021-07-28,2.692398270992731,0.8934910314909796,-0.05687625270544946
2021-07-29,-0.2790308279005486,0.9451109802664139,0.398016785618127
2021-07-30,-0.2797341251509783,-1.6226668321360367,-0.5027138532025257
2021-08-02,0.07214912701990635,-0.7678042285784039,-0.22589115069536067
2021-08-03,1.9014073226018153,1.6831761390911213,0.7943723498433084
2021-08-04,-0.2318876455527389,-2.7607858675825825,-0.5089712604196048
2021-08-05,-0.7538771038688128,1.1115526583191122,0.6154048695570122
2021-08-06,-0.14668621005989102,0.8971903002837547,0.14925666116033873
2021-08-09,1.5426073076021614,-1.4398214411324743,-0.0972583214493862
2021-08-10,-0.14483944652808825,1.7307235085387356,0.10843507361455752
2021-08-11,-0.6198286037304273,0.7662307778456765,0.2323099014920895
2021-08-12,-1.2786826659516444,-0.11581623353142154,0.2833659205662235
2021-08-13,-0.9846218440999999,-1.202637817323861,0.1659467578253953
2021-08-16,-0.8155301742034513,-1.8744058799836587,0.21930296267812552
2021-08-17,-1.0921156398610914,-1.0519322177868367,-0.6735539139778031
2021-08-18,0.6133541284907753,-2.1207705874001,-1.1163826891020436
2021-08-19,-0.015873015873015872,-2.6453205345510957,0.13882407361062835
2021-08-20,1.5841416066667098,0.20226621783350412,0.7766998417355402
2021-08-23,1.2546826993792446,3.663677252269885,0.8599412770670576
2021-08-24,0.5917877625953301,1.629838287148517,0.14272752613390935
2021-08-25,0.32968472156065937,0.7456725025544755,0.19373110342607128
2021-08-26,-1.1869890582693856,-1.5448270200668393,-0.607919731482705
2021-08-27,0.8529442663096536,2.614225324997932,0.8742260198084251
2021-08-30,0.9740142312110442,-1.1990552098433083,0.4229354804246194
2021-08-31,-0.1015569368075073,-0.6953806770073525,-0.164135627802647
2021-09-01,0.7527038800848547,-1.493682743546983,0.03724629555035683
2021-09-02,1.1680606166252943,2.4896994794188245,0.2913217243185265
2021-09-03,-0.8177392976079974,-0.5901242594838365,-0.040151672875126596
2021-09-07,-0.8242038408244536,-0.6141006661693371,-0.3740744351101885
2021-09-08,-1.9568422060335215,-1.3070399960396406,-0.13775487948400633
2021-09-09,-0.14662035049637645,0.19352532623918756,-0.444819190049248
2021-09-10,-1.5983221119122142,-0.05773092996793257,-0.807449566486109
2021-09-13,1.9582975241676783,2.8105039593530767,0.2397007831467191
2021-09-14,-0.6258991328008241,-1.4706600240967376,-0.5569565955661715
2021-09-15,-1.424339822221936,3.6518468209564157,0.8159155981364292
2021-09-16,-0.6829862945779324,-1.1564530791740595,-0.17453458099824912
2021-09-17,0.4737901200502042,-0.7632842177576209,-0.9947421381153168
2021-09-20,-2.716313607191632,-3.117142792523443,-1.6973609694110916
2021-09-21,1.1632717365229963,0.21671578637749744,-0.11036903432443998
2021-09-22,1.3721101926389545,3.0209716644498505,0.9548803290057322
2021-09-23,0.8694645144720481,3.4275205885030746,1.1917959757286678
2021-09-24,-1.9740944091613444,0.7334863622759031,0.14872202666822937
2021-09-27,0.7898512309635961,3.47836093430173,-0.3023761548774474
2021-09-28,-2.2246483468564224,0.32502509279048664,-2.0516365767962412
2021-09-29,-1.0697222833943747,-0.015873015873015872,0.15230154864017603
2021-09-30,-0.292625717898244,-1.539984025488557,-1.245636791266294
2021-10-01,0.5368779166624025,3.2884705164773687,1.1655397221309736
2021-10-04,-2.669039778984241,1.6053864035261376,-1.3138686134923614
2021-10-05,0.17262507759654142,0.5672333225978772,1.0192475223967903
2021-10-06,0.2192677408030699,-1.075248589476272,0.3988752599763785
2021-10-07,1.0121502684161938,0.7523948516163663,0.8449907776142043
2021-10-08,-0.8093262060362807,3.017109618353325,-0.19843088719927077
2021-10-11,0.3582927055843799,-0.38780202990904766,-0.742464998520955
2021-10-12,3.695890168249256,0.07280100062295394,-0.26234027493345863
2021-10-13,3.1716718228245098,-0.10454703236898477,0.343235417160659
2021-10-14,-0.4088093020365924,1.2009756280845354,1.6522086105246176
2021-10-15,0.28986758142179675,0.47370953923271447,0.742838425343533
2021-10-18,0.3758484281284883,0.0538631510164142,0.2797161108337485
2021-10-19,2.3876856309463856,1.1107736052565842,0.7526561687960076
2021-10-20,0.576097182642175,0.7909211295127925,0.3761197992220803
2021-10-21,0.11050538179281877,-1.8795949387398476,0.2446354785466469
2021-10-22,-0.8190952924313091,0.9203180884406337,-0.11954791993760575
2021-10-25,1.458787992061157,1.4402679312720994,0.5189552312123715
2021-10-26,-0.6873117472489076,0.5606932562175206,0.07408525387581737
2021-10-27,2.9298040312697293,-2.9325414372497773,-0.45986747962755603
2021-10-28,3.40015745179148,0.6953960798283536,0.9443853470459287
2021-10-29,-0.1740355193349912,-0.674916043626923,0.18682210877422825
2021-11-01,2.0210203573694594,1.6920932194785407,0.15603717636021935
2021-11-02,-1.9341190575036937,-0.9611265741516652,0.3876100791608126
2021-11-03,-2.3350528008939477,-0.8482239079418397,0.5927844779808624
2021-11-04,-0.5431309321963873,0.1233393431472517,0.4542708036347133
2021-11-05,-1.2845830396558227,1.2798185212184359,0.33047967106064774
2021-11-08,1.780094924233163,0.8897356380609307,0.06947574890609357
2021-11-09,-0.5431309321963873,0.39151768559427047,-0.3469669536351911
2021-11-10,-1.449443841528419,-2.6941380523900498,-0.8236025962860263
2021-11-11,2.590124171356385,0.36619881328332016,0.016479423663022436
2021-11-12,0.784773779856657,-0.2588449289434084,0.7359614349438666
2021-11-15,-1.2192476913767691,0.8147185028183863,0.018365908032508496
2021-11-16,-0.25831358134955473,0.13909391289610792,0.3791408253380279
2021-11-17,-0.6245005759876119,-1.5590193659930924,-0.25908900434287796
2021-11-18,-1.4093423853936462,-0.6117470177744484,0.3231992316529027
2021-11-19,1.864799322015307,-3.996319389286339,-0.19488185798829197
2021-11-22,-2.351564025878237,1.7428718182535832,-0.29778396125140694
2021-11-23,-1.1835305768382514,3.0111380401303838,0.11664645827366155
2021-11-24,0.2773263202841274,0.9558921329582433,0.2507564152844788
2021-11-26,-1.3208930845154894,-4.122550670863298,-2.2714446526076273
2021-11-29,1.079807929347007,0.5582285441538712,1.2033571735606452
2021-11-30,-1.5787305005912642,-2.387242773947103,-1.9808372828138359
2021-12-01,-3.1729037872689654,-1.084019771796284,-1.1328124967351838
2021-12-02,-0.4562050242269494,2.8495419380974503,1.504151641532907
2021-12-03,-3.1992849056829935,-0.8106872873158613,-0.8898240081587443
2021-12-06,1.1616880119833943,1.4603108655681212,1.1615121463690896
2021-12-07,3.1744698155933433,2.298100177115802,2.031516876655256
2021-12-08,0.2889268204029694,-0.03332901388877808,0.24855487764608208
2021-12-09,-2.9274128081353767,-0.7872694791416448,-0.6933181089744416
2021-12-10,-0.6895689525594935,0.7205944655786203,0.9210751897394902
2021-12-13,-0.5427282515856755,-2.832973259374485,-0.9056485302160964
2021-12-14,-3.067415737147438,-0.4300220970339103,-0.7062613015198966
2021-12-15,1.6601543880707819,-0.504260566535673,1.534542188497872
2021-12-16,-2.2568740774001252,0.6167480002537007,-0.9016201423042249
2021-12-17,0.17280642034868296,-2.0729203018741447,-1.0858737000687748
2021-12-20,-3.7609273660947387,-1.2625378934958305,-1.0849175180635795
2021-12-21,3.256818347990848,2.792834388024161,1.744439913604173
2021-12-22,0.5506915968217141,0.6240377540772744,0.9790312736272793
2021-12-23,-0.015873015873015872,0.038794027797557334,0.6044175836428396
2021-12-27,-0.1572135200662048,2.146366695165338,1.3894252357031591
2021-12-28,-1.0109092470646588,-0.08718551209726515,-0.09763325029742957
2021-12-29,-0.3497513244314221,-0.6601195774148105,0.11196952222424936
2021-12-30,1.3703848630355115,-0.628166525590639,-0.29269950202471906
2021-12-31,-0.2046381815249889,0.23669170660297256,-0.2682088570704948
2022-01-03,0.7839343701452008,3.036195966112161,0.5614564988080355
2022-01-04,-1.5743342187588756,3.385907121809462,-0.049386415179545416
2022-01-05,-4.792607656252752,-0.03275362022226973,-1.9547517126340557
2022-01-06,-1.4236455866974207,2.189735926700971,-0.10985766372039238
2022-01-07,-0.47261839156668467,1.346471605824071,-0.41201184517794387
2022-01-10,-0.4747038048910042,-0.3261006947321783,-0.14039241537406214
2022-01-11,0.8490633858002097,3.329039815498829,0.8908424404808659
2022-01-12,0.23711059415275426,0.17370676547543049,0.2541079896285984
2022-01-13,-1.133793027571999,-0.5222738704280743,-1.4033115246087864
2022-01-14,-0.6309441873886306,2.3050759014378626,0.025011971996537687
2022-01-18,-2.83148658519774,0.38635412078401893,-1.8027055443092734
2022-01-19,-0.2806130283555463,-0.7441574536952047,-1.0596570524118918
2022-01-20,0.6183784575791125,-0.9376948620450487,-1.1288265070172956
2022-01-21,-3.6643603473585844,-2.013395817959458,-1.9984665980894443
2022-01-24,0.365898983913181,0.6544181983513977,0.4078948778301644
2022-01-25,-3.05560864740967,3.7917162184940696,-1.2442813788631069
2022-01-26,0.3202673863219892,-0.18443787907237433,-0.2670798178541755
2022-01-27,-1.594267260666689,1.0672070695971616,-0.510885152637367
2022-01-28,0.8891180871504505,-0.44160262406610234,2.4373184323773955
2022-01-31,5.408619785473198,0.42502967150173104,1.7692204052779044
2022-02-01,-0.1760038469441773,3.4869737745499605,0.6575460791100567
2022-02-02,-0.444131967675805,0.30584991060165106,0.950852569034947
2022-02-03,-2.5696608798931995,-0.9694331591940559,-2.3944330609930327
2022-02-04,0.9153641958104597,1.53453237290889,0.45324369757772176
2022-02-07,-0.61744518141962,1.2532625406523117,-0.3373196996694066
2022-02-08,0.20331251366884015,-2.1889411180196126,0.8035251586839725
2022-02-09,3.532891322724441,0.8154609758284668,1.4371384642054632
2022-02-10,-2.584242956063259,-0.6423579662679848,-1.828755213723253
2022-02-11,-2.6519622561594582,2.851138531828922,-2.0074744536733076
2022-02-14,-0.797986795755677,-2.4017356927212536,-0.34331372219078016
2022-02-15,4.908530093102631,-1.0686597637532826,1.5839499969277215
2022-02-16,0.03750751593273756,0.78937275148885,0.09614862900471528
2022-02-17,-1.4129922783390865,-0.17644568766770208,-2.175162598473709
2022-02-18,-1.87282588526673,-0.6311737618637658,-0.6654833719203954
2022-02-22,-2.5278635754314753,-1.6455267047822981,-1.0948561160217478
2022-02-23,-0.6965335286211762,1.0094839519606797,-1.8056433744373572
2022-02-24,7.333911680984659,-0.8025121421903187,1.4778267561559724
2022-02-25,2.748319510845124,2.587395492631571,2.1665180630034486
2022-02-28,6.312513808521103,2.422211572810835,-0.27204105541026313
2022-03-01,-0.9862767876832741,0.9850293366595335,-1.5506169302005814
2022-03-02,-1.637916120548963,2.244853292636365,1.8070332446082153
2022-03-03,-3.0853207496587465,0.2580127368003871,-0.5149657136435684
2022-03-04,-0.7852971126289474,2.8289583421021782,-0.8316541007692946
2022-03-07,2.425753829021954,1.448802175236058,-3.008102810943959
2022-03-08,6.641907914391142,1.5438165367113337,-0.7769531721741629
2022-03-09,0.2658220682261454,-3.1200238569297203,2.6299124274253103
2022-03-10,-1.4323129129712184,2.9979661523171446,-0.46845924160806696
2022-03-11,-1.5492172710052226,-0.8193949122455886,-1.2955229644370532
2022-03-14,-3.7045160298814115,-3.0543997512602337,-0.7493933594151039
2022-03-15,1.5746211428101966,-3.7465976186013563,2.1593439647194277
2022-03-16,2.6120202834896786,-0.4764073672448634,2.177299424654972
2022-03-17,1.2252009614408375,3.367282442678039,1.2274671606103487
2022-03-18,0.31562521849285485,-0.11058904798632442,1.0734682711543622
2022-03-21,-0.7276126268713661,3.9361284412998,-0.045151531424162755
2022-03-22,1.3556413849848716,-0.7541412712100137,1.1475061143447423
2022-03-23,-1.5780420300798992,1.6897513964346924,-1.312096305058761
2022-03-24,1.5462959983338684,0.23101869475122633,1.4803128756308945
2022-03-25,-1.1970956036121498,2.1535083046283146,0.47130629040861594
2022-03-28,0.4109594191569995,-2.5232389700721143,0.692911692156164
2022-03-29,1.4406051509372764,-0.2766425179341555,1.2136288720814246
2022-03-30,-0.24936453191460944,1.1393238848836607,-0.6352692897615981
2022-03-31,0.5900427121444212,-1.380150967476951,-1.566973329464767
2022-04-01,0.5402082081254624,0.7919621707331619,0.2671547927812544
2022-04-04,1.9969883496553824,0.11380700485512243,0.8370986804675569
2022-04-05,-0.28796828671255803,-1.596500521031387,-1.2870230298006469
2022-04-06,-1.2036423439472668,0.5748920255834815,-1.0208406590509527
2022-04-07,-1.2179294588980063,1.2845212046940229,0.48675936959652105
2022-04-08,-1.2796318387559493,2.6988762191339895,-0.283635916334526
2022-04-11,-1.0575506465880948,-3.0670970458545908,-1.7398761502114177
2022-04-12,-1.1647703957767106,1.6298287514250063,-0.38708141701287346
2022-04-13,1.2281798535190158,1.465076671520209,1.1229730542767435
2022-04-14,-1.2117870522940024,0.3102610234947482,-1.2688657684946059
2022-04-18,-0.7403511306360431,1.4387469808788942,0.02521683422707381
2022-04-19,2.0470540254640266,-0.8338293460483939,1.5855167094826548
2022-04-20,-1.7883591321829353,0.36915527056074354,-0.0900622227676855
2022-04-21,-5.020643610061022,-3.240723510560956,-1.5225165337930584
2022-04-22,-1.7068967332614096,-2.491544460844477,-2.79813705369234
2022-04-25,-0.015873015873015872,-3.37890493243231,0.5622142571102473
2022-04-26,-2.79312325560387,0.11978767561352943,-2.9547107691065664
2022-04-27,1.1988192841637215,1.4373350591265934,0.2649010897716681
2022-04-28,0.40319870429907706,2.9713492019155674,2.4786946472927984
2022-04-29,-1.543414600541822,-2.6164671468561918,-3.78144338627132
2022-05-02,0.14323866753785547,1.5683058625112671,0.584259631289308
2022-05-03,1.561441271666052,2.7484525891548497,0.4414833031916088
2022-05-04,4.072589077454432,4.053569739007341,2.9839803876079736
2022-05-05,-4.000061576298251,-1.5319102879106534,-3.6348616734594907
2022-05-06,-3.3000535806634055,2.9212263826623945,-0.6145575831239549
2022-05-09,-6.1793687677355,-8.651243391171464,-3.2699905457009053
2022-05-10,-0.07315643362417186,0.8871944059792276,0.21493455635790767
2022-05-11,-2.9820715628908028,1.3172476783331402,-1.6172527680473157
2022-05-12,-0.7267643987118368,0.40750638681592366,-0.12031082678901278
2022-05-13,4.744144561568503,3.3452255712107677,2.346776052264219
2022-05-16,-0.812676508922554,2.5867933937164214,-0.4224599649785796
2022-05-17,4.125734962769605,1.1353600346031483,2.0202953200020786
2022-05-18,-0.45543782358607127,-2.6128189888960627,-4.130532764246468
2022-05-19,3.766329612411072,-0.3836311949486912,-0.6302282824547014
2022-05-20,0.5129399609096166,0.41304333985473923,0.02776537695130362
2022-05-23,1.1899037879993772,2.5914090743846168,1.8378641842028547
2022-05-24,-1.4857227840455232,0.36467668263411257,-0.7821819782781962
2022-05-25,1.401848309123796,2.0283833125007007,0.8637497805312377
2022-05-26,2.4559211889884986,1.0828327901947818,1.9625516778843484
2022-05-27,2.396304445410346,1.7964357357362535,2.409384845173176
2022-05-31,-1.3152298723860643,-1.5295783325379368,-0.5785437145900247
2022-06-01,-1.179565266453192,1.5994383328714874,-0.8279997709350038
2022-06-02,3.9746847959123266,-0.3323191959421128,1.8705685521284596
2022-06-03,-0.801342554658546,1.2998843918703396,-1.6706605859048382
2022-06-06,1.9363672071663158,-0.12767027697916739,0.2881541972631763
2022-06-07,0.8503449846831197,2.926659257848999,0.9387775875630455
2022-06-08,-1.2695039291510812,0.20107625662701506,-1.109037424767886
2022-06-09,-2.7897012543757396,-2.2513371033969265,-2.4229131472811236
2022-06-10,-1.8405620998158505,-1.7258817506048114,-2.9583087936313746
2022-06-13,-5.915414135452851,-5.37626291119738,-3.8866413424294888
2022-06-14,-1.161860982933899,0.17423819476462568,-0.3176572138242741
2022-06-15,2.3703480864044835,-2.248574958972397,1.399698523229474
2022-06-16,-3.783738728834954,-5.813158621281561,-3.381477500488118
2022-06-17,3.5374080228565283,-5.6379363963583495,0.19946551192863407
2022-06-21,2.4245483684228666,5.035007759734804,2.4703225757280554
2022-06-22,-0.6467779513590264,-4.10135843808569,-0.19732692194454682
2022-06-23,1.8650766173365902,-3.7930573121399105,0.9595969203110051
2022-06-24,0.4488645721876104,1.2916992480715521,3.1140275809413245
2022-06-27,1.365591119246392,2.875314299497527,-0.39858765576386407
2022-06-28,-2.7458934488145053,2.6488144070561535,-2.0803213074635276
2022-06-29,-2.233503581505641,-3.5528487529824893,-0.0973386935853755
2022-06-30,1.6781886345747283,-2.1465778701923246,-0.8316387561852698
2022-07-01,1.3915146090733403,1.469353579122245,1.036215802852079
2022-07-05,-1.4757633464626927,-4.064804186220941,0.17284132665254354
2022-07-06,-0.4369323184929632,-1.7379439017013112,0.3212857723619222
2022-07-07,4.015666416069361,3.5260067903916203,1.4707315595512591
2022-07-08,1.2426415577915508,-0.05817488400038037,-0.09816077875875256
2022-07-11,-2.7543798643726487,-0.978918648665184,-1.1648052164795546
2022-07-12,-1.8317363060713667,-1.984743872744712,-0.904724105237203
2022-07-13,0.5583941764307261,-0.17563853883377437,-0.5424181960640928
2022-07-14,-0.43320884807324855,-1.9237839331176216,-0.25901183397797123
2022-07-15,-1.7027797397401832,1.600872527256707,1.8766203756412911
2022-07-18,1.9842013668760643,2.247305215735316,-0.84498934503955
2022-07-19,1.7915709954292922,3.0163438709715473,2.650179769716459
2022-07-20,0.5454888256107462,0.9473905950849557,0.6194078148151518
2022-07-21,-0.21963551894653693,-1.7843586521512118,0.997303023241372
2022-07-22,-0.5784036800559014,-0.8416924718943195,-0.9480160167857896
2022-07-25,1.2580325584444567,3.5867421531368695,0.10558602633454264
2022-07-26,-1.5979393669941557,-0.9283698548640908,-1.206071366765465
2022-07-27,4.6080719488192825,2.2165098283520663,2.5476364134274156
2022-07-28,6.7720105917146185,0.5445076241512445,1.2305461318796291
2022-07-29,2.2528231463741264,4.230109460515924,1.4314920838479057
2022-08-01,-1.2799892302639808,-2.1033022178336735,-0.3124551182637378
2022-08-02,1.2482431985179387,-0.25050600250488547,-0.6777774908636636
2022-08-03,-2.146979452262547,-2.9292516928164543,1.5379480322900108
2022-08-04,1.890666882167004,-3.795048917786877,-0.0834660870916156
2022-08-05,0.7456242586598696,1.9463259867920137,-0.1850286683130931
2022-08-08,0.4293522081906656,0.5027477785366221,-0.13202417306523673
2022-08-09,0.3388996397790553,1.7249522364525662,-0.41376008551977705
2022-08-10,4.400440030390193,0.7039089911981737,2.062742602482358
2022-08-11,-1.423461712677853,3.36632975430351,-0.015873015873015872
2022-08-12,1.1372419446369582,0.7388574373670356,1.662865162698008
2022-08-15,-0.1433318015473125,-1.9849294980350336,0.3953547686244542
2022-08-16,-1.29959757038803,-0.2500672767801765,0.1798199256760049
2022-08-17,-0.4042242965609477,0.8144074905079297,-0.7281986329504724
2022-08-18,0.20006193808091274,2.6360043756439295,0.2743464034446332
2022-08-19,-2.8156935765035986,-0.04106340498799078,-1.3687848224617838
2022-08-22,-1.5808411377310405,-0.2048173908121308,-2.120110625048945
2022-08-23,0.16421059344650799,3.526728896901321,-0.25808841670727745
2022-08-24,1.9441020283916948,1.205797217108394,0.303718875517695
2022-08-25,2.036160245940371,0.7506010023087817,1.3860078633972137
2022-08-26,-2.332919041587786,-1.1919139716652793,-3.459393233182966
2022-08-29,-1.12773938076773,1.4817715392359305,-0.6792826568318668
2022-08-30,-1.004641256876835,-3.4638713853911973,-1.1197399891986475
2022-08-31,0.16463503137388522,-0.9309081791462328,-0.7796670022528682
2022-09-01,-1.7898680856069349,-2.5062587311433773,0.297405537819734
2022-09-02,-1.6351356976370726,1.801418429912771,-1.0758988829843317
2022-09-06,1.0511668663721554,-0.9456244328286927,-0.3939121498955103
2022-09-07,4.715795858437309,-1.1839766163226892,1.764688591774119
2022-09-08,0.6421646825766227,0.41740112570474075,0.6356297359076915
2022-09-09,0.2461396451516129,2.4459575491544494,1.5257013586008235
2022-09-12,0.6794896111731634,1.803681447124988,1.0531658246877047
2022-09-13,-2.693240401598197,-2.5701609400351777,-4.461495004279072
2022-09-14,1.5290705944091714,2.769624389731011,0.3649736313449489
2022-09-15,-2.8592325630391646,-2.6265217867152253,-1.157688625119469
2022-09-16,-0.3770614554323176,-2.1724623945102817,-0.7816901001466035
2022-09-19,-0.2876162286164375,0.04335262364435137,0.7566358089309542
2022-09-20,-3.054778495685988,-0.7138017835030233,-1.1703827360943366
2022-09-21,-0.531442744076672,-1.49233927586505,-1.7756348946152725
2022-09-22,-3.215002448729165,-0.37191108796738065,-0.8594015297262034
2022-09-23,-2.920342073295057,-7.160795079061553,-1.7055450382420418
2022-09-26,-2.4938759157217123,-2.501098762816541,-1.0100767667536814
2022-09-27,0.6475581335605836,1.097899270873123,-0.27146322647362253
2022-09-28,1.5486274740275323,4.319174739846448,1.9326479502960274
2022-09-29,-4.470151643454961,-0.015873015873015872,-2.1268910445803817
2022-09-30,-0.06825927194364007,-0.8179838376405122,-1.5743014422423318
2022-10-03,3.0279807296783066,5.481439312950934,2.589992638548355
2022-10-04,3.085910711846662,4.191901400604774,3.0357485406960416
2022-10-05,-4.087803323983799,2.029573293331969,-0.24897530934598971
2022-10-06,-2.720143030881264,1.746312258145,-1.0528076571433103
2022-10-07,-2.903772686657405,-0.7952504849700188,-2.844894865750871
2022-10-10,-0.4509099148963248,-2.091024692540107,-0.7823552392044548
2022-10-11,-1.0566917332301011,-0.8178769438194771,-0.6511658672023233
2022-10-12,-2.581538645013537,0.7861309120734588,-0.346268036842502
2022-10-13,1.1077391886125483,3.9844071976635815,2.5890040211182455
2022-10-14,-2.0475178495531865,-3.8166585973083627,-2.3211027126385035
2022-10-17,1.7920548636123212,1.2220555864425227,2.5213646436061
2022-10-18,2.527108614971776,0.8538698829233959,1.1522326317060854
2022-10-19,-3.0077956550843967,2.8930033330551126,-0.7270733549097397
2022-10-20,-0.8631029848334348,0.07884933956698542,-0.8579053510686596
2022-10-21,1.7272213064793518,2.8311157556275637,2.3852072119271934
2022-10-24,-0.7993243001384192,0.45464702972646204,1.2003366969697358
2022-10-25,2.918180223849168,0.08712651400654564,1.568384831013904
2022-10-26,2.5691010918144337,1.3360587647700108,-0.7721273475410757
2022-10-27,0.4614564345088546,0.3445568562956816,-0.5513114822031853
2022-10-28,-0.1747049899264674,0.3320631517816845,2.3353071191490122
2022-10-31,0.09002882593917287,0.8209641389258013,-0.7407983944705923
2022-11-01,0.14282279885094326,0.9461470628596698,-0.45441712391066075
2022-11-02,-1.5604956681020608,-2.4554227115779077,-2.557520289070358
2022-11-03,2.0558960185609845,1.8165887190693306,-1.0509034455409796
2022-11-04,0.717498614793687,1.1946489696947684,1.4131865244097446
2022-11-07,-1.065194664754569,1.6869069121596267,0.9361228821807817
2022-11-08,2.381326683891048,0.08087134257927159,0.5222197291379174
2022-11-09,-0.4803914772154982,-5.0276703144873345,-2.0975762576347288
2022-11-10,6.638244317717321,2.184965617214364,5.333832455510101
2022-11-11,-1.0375311788952994,2.8487664868292364,0.9473298820040152
2022-11-14,-0.8999680847420657,-0.04807806009575737,-0.8701713525449006
2022-11-15,1.7930167909175754,1.0312506293518802,0.8334096081751843
2022-11-16,-1.087481755818545,-2.077797362349931,-0.7816868581378678
2022-11-17,0.472645000912685,0.2009008186609885,-0.3223150989762331
2022-11-18,-0.16217604285458712,-0.809400657120632,0.43712811219709696
2022-11-21,-0.7506161650123178,-1.3783810658658922,-0.3801373673507021
2022-11-22,1.254284331224141,3.066984384350638,1.3208669035195926
2022-11-23,1.0464216800600368,-1.1052426721736346,0.612300929937845
2022-11-25,-0.11198205421657384,-0.3852575310514255,-0.03825417764093102
2022-11-28,-1.859687861224523,-2.797211041130469,-1.6244279273719646
2022-11-29,-0.5560097324946964,1.4837260422740426,-0.18777552241351733
2022-11-30,4.084046228979736,0.4790655662676248,3.085566476027393
2022-12-01,-0.9655519510206694,-0.3455597386926401,-0.08947304242349091
2022-12-02,1.4523203156229891,-0.6120259794248917,-0.1313062981519691
2022-12-05,-1.29339620877778,-3.0283551346593067,-1.8311599739561064
2022-12-06,-2.133383886013992,-2.687323593781115,-1.4678605368496729
2022-12-07,-0.40574270105687005,-0.25057465910633714,-0.1861300765064348
2022-12-08,0.7623425477226833,-0.4632797920639051,0.7644652141312316
2022-12-09,-0.30698850834217145,-2.4768723678093423,-0.7656966121169961
2022-12-12,0.9031261043232817,2.57483841737085,1.4155515052222194
2022-12-13,1.1635955106164948,1.8638187636680694,0.7382594784902741
2022-12-14,1.121571518071136,-0.6307373267812524,-0.6572666944434724
2022-12-15,-2.1111929472264803,-0.6228673518387737,-2.49246039880798
2022-12-16,-1.8124650431600071,-1.2528662727111175,-1.2035123874397389
2022-12-19,-1.09962016752233,-0.02784499778477728,-0.8674540387978549
2022-12-20,-0.16457950363588014,1.4820231685077054,0.12086219372181317
2022-12-21,1.4123778962771867,1.8660063749845552,1.468304484586896
2022-12-22,-1.7421820248210247,-2.3471597861359355,-1.4527465448696275
2022-12-23,-0.56464097262428,3.122698087902514,0.5576933262474064
2022-12-27,-1.173110341904625,1.046693526726579,-0.4110048365319881
2022-12-28,-1.0331799964381785,-2.2802315987971635,-1.266438175825492
2022-12-29,1.556581743139829,1.0249865941244574,1.7681348036270506
2022-12-30,-0.11658643712146169,0.6148910047474812,-0.27961650690231304
2023-01-03,-1.130385647158222,-3.5887184169982866,-0.4377466043726285
2023-01-04,0.7959196986626706,-0.02770725495910132,0.7531962814018154
2023-01-05,-2.1094061815809737,1.7925333003457347,-1.163810098158212
2023-01-06,2.53137691280242,1.8632376185289743,2.251462396394399
2023-01-09,0.8356288917681163,-0.3705192158411005,-0.07258786870876519
2023-01-10,1.4693189042078414,0.692214455189686,0.6829614977494671
2023-01-11,2.8421401041792125,0.2909116735319174,1.2409731495798875
2023-01-12,1.4536918029568284,1.872257935610505,0.3475382984787046
2023-01-13,-0.15714700826096267,0.12873632633963888,0.3713332761913312
2023-01-17,0.6417234999739794,0.19515224315557353,-0.19921632066371484
2023-01-18,-1.1931884478896133,-1.8633432499268543,-1.6072840342651586
2023-01-19,-3.437072880758066,1.2195552084804215,-0.7464998946344412
2023-01-20,0.9597388527869415,0.9726506568026874,1.8298793587547333
2023-01-23,1.7643047586425686,0.116649728878686,1.1768480354819746
2023-01-24,-0.7817909736291317,-0.40292102299398797,-0.1232411636253356
2023-01-25,-0.8361494043903293,-0.004788305364499975,0.02158576201547041
2023-01-26,-0.0643238946701489,3.0928470541503605,1.0771618669454248
2023-01-27,-0.501774910206715,-2.055677599347245,0.213618814716183
2023-01-30,-1.8345623566422748,-2.333433720438413,-1.2784789615321903
2023-01-31,2.8204973949466092,0.8664965677159178,1.443751362115243
2023-02-01,0.9915938111192486,-2.003705222691369,1.0413179042419822
2023-02-02,-0.6383502315365581,-2.3222166051685447,1.4293182873766137
2023-02-03,-2.643749077217994,-0.23667273924408957,-1.0844701679421849
2023-02-06,-0.31218462678267694,-0.47061150122610496,-0.6288898994710774
2023-02-07,-0.0653404539823627,3.1813044233279912,1.283512143745214
2023-02-08,-0.8107081961797344,-0.9140934401474876,-1.1153721709519016
2023-02-09,-1.7261795346525828,-0.8761157876688217,-0.8865622217824409
2023-02-10,-0.16818338730387541,3.8259759590163567,0.21721634397295272
2023-02-13,0.9449585417267548,-0.2711421882098915,1.1511865805080472
2023-02-14,-0.7229657572650392,0.01743941131617035,-0.06190384144971875
2023-02-15,2.0905305731218005,-1.7302788199191372,0.3083286818013474
2023-02-16,-2.7323451105194927,-1.0040132461015314,-1.402311660072024
2023-02-17,0.03511778176076064,-3.6420731290007193,-0.26599687511934916
2023-02-21,-1.6085247142122112,-0.5142257087879267,-2.042366774392722
2023-02-22,-0.43103055773855514,-0.6842099122437642,-0.15378059368998268
2023-02-23,0.2956592088905686,1.4816572217144828,0.5146471258369143
2023-02-24,-1.8997503297453782,-0.14573857066777926,-1.08983751909135
2023-02-27,1.6604309601612999,0.2790233292848039,0.3241106375572226
2023-02-28,-0.2759366306895506,-1.4631275847396312,-0.3861468419161131
2023-03-01,1.4319059531362461,1.936530035220798,-0.4001915694075499
2023-03-02,-0.5305340710825388,0.8590931848593508,0.7588392024616524
2023-03-03,2.0271176165497766,1.334037693720894,1.575177928433733
2023-03-06,0.839895060520021,0.02993819987197535,0.05338029124820143
2023-03-07,-1.0740873678138958,-1.7723176573248274,-1.560602655495201
2023-03-08,0.08540135251026112,-1.0470481592704757,0.1471964504788802
2023-03-09,-1.5457615101208995,-1.439390877853795,-1.8780918254914567
2023-03-10,-1.517301311327092,-1.3024869607847005,-1.4693293532849894
2023-03-13,0.5044008794811319,-2.0699868385465496,-0.15849392015935507
2023-03-14,1.0680122084261061,0.9675546756288618,1.6236092409726617
2023-03-15,-2.405580134848265,-5.535476388304506,-0.6432699812264051
2023-03-16,-0.3318345786151692,1.0640906463654864,1.7234304058923793
2023-03-17,-3.449686081775883,-1.6012336016637416,-1.1920402256838138
2023-03-20,1.4471697562245658,1.9662973660714669,0.9411195596036119
2023-03-21,2.2182696157224253,3.387578047841376,1.2886320005614997
2023-03-22,-1.606602662122331,-2.165932337172465,-1.7352117314941182
2023-03-23,0.729624620215735,-1.4109327325006291,0.2541040975741543
2023-03-24,-0.4411725953960539,0.3700568238328862,0.6381579881351207
2023-03-27,0.0906215739248389,2.0929214059253463,0.17093670970948258
2023-03-28,-0.015873015873015872,1.5184819576172928,-0.2405932372338183
2023-03-29,1.9341235859497579,1.3610874062676515,1.4271785729028936
2023-03-30,1.6404637261171693,0.4227453728828877,0.5679182560283405
2023-03-31,1.512456561340258,0.67464541233933,1.3837577816536526
2023-04-03,-1.1343519036027476,4.411974727433266,0.3644557530254594
2023-04-04,-0.5284545295557388,-1.845873168440532,-0.5722230262633745
2023-04-05,-1.4651508998355334,1.4786213274717155,-0.2780479956540512
2023-04-06,0.19246751272773446,-1.5456413426258506,0.3734547508737279
2023-04-10,0.9678107355330219,0.7811319522072093,0.08671775058384308
2023-04-11,0.29276433749714503,0.9252674636907507,0.01098893137557658
2023-04-12,-0.2729942971949569,0.05348640425732891,-0.4243103178792792
2023-04-13,1.87146745073212,0.6062740301064065,1.3036514269473756
2023-04-14,-1.0316401333033527,0.1676995274111272,-0.26045230423946025
2023-04-17,1.604420306616038,-1.203705159336165,0.3423181314990068
2023-04-18,-0.06613098788484158,0.3778077268321176,0.049325922651585336
2023-04-19,-0.6206837822050777,-0.36314121463082955,-0.032764138234836274
2023-04-20,-0.11704492303758504,-0.9010421611931279,-0.5630825771764685
2023-04-21,0.18634830622600806,-0.6025087280749837,0.061800818439547614
2023-04-24,-0.015873015873015872,1.502293604655544,0.08836689544072145
2023-04-25,-2.0052364361756565,-1.9113300486792413,-1.6159846260611963
2023-04-26,-4.2247916076983,-1.359596376689201,-0.4403228171286693
2023-04-27,1.7418326678497573,0.3426415573808421,1.9553824412005814
2023-04-28,-1.237701669792124,1.522960741637217,0.8340123213944275
2023-05-01,-1.0365372644925854,-1.1499686836271443,-0.11690413837296976
2023-05-02,-1.8688014040171568,-4.461581698643859,-1.1461693066787286
2023-05-03,-0.12595387074454967,-1.921890096700699,-0.704641257721905
2023-05-04,0.6427688663395974,-1.1361706815869306,-0.7266692874757064
2023-05-05,1.8806804945599893,2.6620520834724837,1.818439527987031
2023-05-08,-0.28462466779547513,-0.015873015873015872,0.01079235994788276
2023-05-09,-0.6096467091518318,0.021530897234585705,-0.45536670390835726
2023-05-10,0.5779006774057913,-1.1561850978632733,0.4502712579818485
2023-05-11,-0.4473555077015567,-1.2203029227794773,-0.19043316086448298
2023-05-12,3.018690177046976,0.13706070542849116,-0.14697989976095288
2023-05-15,0.8716259425760582,0.4922483140847716,0.3285549015514669
2023-05-16,-2.116778287688382,-2.5047751798651694,-0.6863909763875518
2023-05-17,0.5662733894426504,1.8884594717557444,1.1907080672507298
2023-05-18,-1.1836174133212751,0.7079788430352543,0.9428429392439417
2023-05-19,-0.5511977595431301,0.7530155848001103,-0.1614835692832864
2023-05-22,1.051947278841743,-0.43109131804861145,0.024716372282474135
2023-05-23,-0.976398858312197,1.0501832537704359,-1.1445039608404224
2023-05-24,-0.4457432850546021,0.41979090516706136,-0.7429863321366816
2023-05-25,-0.12362993698633715,-1.8080136277373342,0.8463975575831926
2023-05-26,-0.2857744216046734,-0.40864947455558825,1.2708780774549333
2023-05-30,0.2001171614372254,-1.049500578249401,0.02221878038022674
2023-05-31,-1.1005086036039402,-1.7888141287140709,-0.5719440706747725
2023-06-01,1.7674804452299826,1.216878405039402,0.9297407397624027
2023-06-02,0.5183292327510145,2.9823236834820253,1.419889894274539
2023-06-05,-0.3894997360019073,-0.6814156519141852,-0.20768196634982708
2023-06-06,0.03755564769015833,0.7872235826449139,0.2016412402752071
2023-06-07,-0.3122326047143726,2.5993148615372403,-0.36225268517891723
2023-06-08,0.2535937148199854,-0.4429559890353808,0.5871673830093618
2023-06-09,-0.447360408063422,-0.5676218435678075,0.1633821142196041
2023-06-12,1.0594064493942763,-0.9795639705153929,0.887231288836569
2023-06-13,0.09100791068636191,0.4547803176091022,0.6412682567880461
2023-06-14,-0.8203748727615723,-1.0467449223552783,0.10313409170947768
2023-06-15,1.5867311788068448,1.0767642919161893,1.216268747612686
2023-06-16,-0.6005237711885365,-0.16417828197492476,-0.35707148217056445
2023-06-20,-2.1166635909668576,-2.279504666907037,-0.5360352879148251
2023-06-21,-0.561731467751003,0.7722697332214283,-0.5295798228993482
2023-06-22,-1.0612820053665888,-1.36710257830548,0.3444647916217221
2023-06-23,-1.6890916947481653,-0.7371404770418155,-0.7747639836285196
2023-06-26,0.20885074009756754,1.7649653860199366,-0.4252845139731023
2023-06-27,0.8779725157076037,0.21243826172829022,1.0745012611841416
2023-06-28,0.2618472624394235,0.9925865558526636,0.03454611503273068
2023-06-29,-0.46055208420918403,1.1314031691171567,0.3775026687016584
2023-06-30,2.4601580901708053,0.6268148325875769,1.157284719546078
2023-07-03,-0.015873015873015872,0.21795926529348628,0.09910881579790606
2023-07-05,-1.6045036396165402,-0.5705277594598184,-0.1646956928828419
2023-07-06,-2.3058297406803794,-2.2909838799155575,-0.8020251788007513
2023-07-07,1.1635888522668258,2.1108109309100853,-0.26867107625409975
2023-07-10,1.3152442195010594,0.7608938434740833,0.23692504450807517
2023-07-11,0.36906516959675917,2.158784856445773,0.6189567384684329
2023-07-12,2.2094501118210617,0.9052529033083563,0.7855005862983018
2023-07-13,1.3700783084778476,-0.39764398042652244,0.7746809121109173
2023-07-14,-1.455508691851894,-2.693043118441543,-0.07817559370119305
2023-07-17,2.2147108304842336,-0.21250065044292013,0.3307480737824008
2023-07-18,-0.6481218659851773,0.987808139926059,0.7244344584267934
2023-07-19,0.3007510816114135,0.5669814211184199,0.20625765915920694
2023-07-20,-1.3418196612734692,1.1517780749922213,-0.6815287885580883
2023-07-21,0.037517381795041195,0.8658082338428101,-0.015873015873015872
2023-07-24,-0.1226610690755511,1.5845698208793086,0.4298572593629801
2023-07-25,0.03752463966145756,0.5080570882249251,0.25676270853862343
2023-07-26,-0.49753488859835604,0.018963412539020195,-0.0004940273077506524
2023-07-27,-2.404699836634038,-0.6564154285114969,-0.6810881579353494
2023-07-28,-0.1258203131933719,0.287453144980843,0.9584039444736037
2023-07-31,0.5326912642443986,1.8649912826549853,0.17434105746210796
2023-08-01,-1.4484168948101002,-0.4856440629359941,-0.302437424155862
2023-08-02,-4.209122305350681,-1.3338214343793868,-1.416709411991843
2023-08-03,-0.3056530694718594,0.9914877879387618,-0.30287910040652233
2023-08-04,-0.7732151899821655,0.12227437026243881,-0.46918685405860894
2023-08-07,-0.543580634922955,0.09910739298208299,0.8531946936933998
2023-08-08,-0.13352832448381743,0.4770265302439032,-0.4516841240146553
2023-08-09,0.9797542284271217,1.2341808101437153,-0.686649002314438
2023-08-10,-1.3062103364172521,-0.02718348433576422,0.020022223283593064
2023-08-11,-0.4892562413233771,1.5084809786222455,-0.07419071359407961
2023-08-14,-0.07520674764665927,-0.43946722882862566,0.5346121730761
2023-08-15,-3.028137962871007,-2.1155038219552944,-1.187590281255626
2023-08-16,-1.1229055425003966,-0.8866334204115556,-0.7524064982641236
2023-08-17,-1.2604383911790182,1.173793126899133,-0.7807750362339396
2023-08-18,-0.0785144207596881,0.9685667097923791,0.03224494370422185
2023-08-21,-0.2040142719434349,-0.6484174122812489,0.6326356662505259
2023-08-22,-0.3302493220523034,-0.7893965418676465,-0.2870979926394774
2023-08-23,1.608143400139353,-0.26741853944928135,1.091752142789899
2023-08-24,-1.7659096791429985,-0.7051240948349946,-1.4114782364897693
2023-08-25,1.112682145627029,0.947765209342398,0.6866371270415292
2023-08-28,0.29534744102995675,0.6554623118445697,0.6162487752204293
2023-08-29,2.742515843070387,0.2559160664505017,1.4192662590398015
2023-08-30,-2.2164647710793175,0.48052151630488493,0.39515787777082473
2023-08-31,-0.6358380103604875,0.05163260168299702,-0.1623255576079536
2023-09-01,-0.07808577138263811,2.010238243057106,0.17048202197832737
2023-09-05,-1.583792208726152,0.5117213532793594,-0.44899695155145286
2023-09-06,-1.7373053589839016,0.027977690996931648,-0.6903968829526463
2023-09-07,-0.7257807360111195,-0.11454129476095444,-0.3233512682813559
2023-09-08,0.0488773890497919,0.9447168987251326,0.13461571757119553
2023-09-11,0.5005815445254829,-1.3390971290291636,0.6396363911683116
2023-09-12,0.6259843198457948,2.312616953839956,-0.5659326104068043
2023-09-13,-0.9156274375750773,-0.7715955925568254,0.10064661846160841
2023-09-14,2.40771336375392,1.147686075242425,0.8426638015931633
2023-09-15,-1.411831493711705,-1.4724496773694928,-1.2279912733567053
2023-09-18,-1.431594706148265,0.827990924932493,0.042730119243795786
2023-09-19,0.37222077261398234,-0.9539356646920896,-0.2234706082818772
2023-09-20,0.17762014039822324,-0.9517475794474777,-0.9394643876860982
2023-09-21,-1.9677963674471786,-1.3970357008168544,-1.6825230137167428
2023-09-22,-0.8736753617157424,0.15221303698772784,-0.2409824589189405
2023-09-25,-0.7475073625061563,1.2304003938457722,0.40376827864511156
2023-09-26,-2.0388624606337356,-0.5925673063546419,-1.4958949739885719
2023-09-27,-0.6308481315274181,2.4449761750616563,0.024025471906386854
2023-09-28,0.18954372962553084,0.09258973229728813,0.5622104899204221
2023-09-29,-0.015873015873015872,-2.0527402211778005,-0.2588632080170732
2023-10-02,-3.921532472313249,-2.027336447244678,-0.055645371781520035
2023-10-03,-2.828892454162945,-0.08362922753100463,-1.3635089845785182
2023-10-04,0.5676416006257121,-3.206403448219932,0.7096679879882861
2023-10-05,-1.0392799449894237,-0.6358608924329234,-0.05355836751430529
2023-10-06,1.5153255804580628,0.580789840326208,1.1644240264699701
2023-10-09,-0.015873015873015872,3.2657386484925555,0.622288230948685
2023-10-10,3.7474554223485623,0.10821981819222579,0.5032637947041798
2023-10-11,0.9550003903736319,-1.309427470699572,0.39292124542859425
2023-10-12,-2.531731210318486,0.09827222229786273,-0.6273767655113343
2023-10-13,-0.9401607552028668,2.161898892822507,-0.5151957141634087
2023-10-16,1.4729936606536913,0.6516204592409154,1.0307687859632897
2023-10-17,0.6154887769386927,1.0209646007534834,-0.020472620473907452
2023-10-18,-2.565602632559435,0.8908124681613498,-1.3573385020934507
2023-10-19,-1.6795511436511616,-0.19001243868079284,-0.898397281244284
2023-10-20,-3.052025049980385,-1.7076588930299665,-1.252293035507274
2023-10-23,-0.46801564463161754,-1.6466386196342926,-0.18934201960618458
2023-10-24,1.854735851937015,-1.43354603722443,0.7352329724896385
2023-10-25,-2.1133259061222645,-0.19878260803085399,-1.4614745339881994
2023-10-26,0.738278614767131,-0.7970407005098359,-1.2205688114455584
2023-10-27,-3.22225869691658,-2.4439214372248244,-0.47017251846058544
2023-10-30,-0.24888368846847606,0.3144337362914397,1.1726028907806012
2023-10-31,1.1437962568866529,0.313346301670747,0.6102024732241818
2023-11-01,-1.0978142994849183,-0.2509343270376191,1.0449495889359024
2023-11-02,3.420896402071832,2.9632181261660637,1.882435437614426
2023-11-03,2.577830066058292,-1.0259730648255585,0.8923229188950086
2023-11-06,-1.415530176316503,-1.1529304042022854,0.21390733981850124
2023-11-07,-0.6111175181651127,-2.2578555651154515,0.26833310129354576
2023-11-08,-1.519661314908791,-1.2767709184519627,0.057333295096155965
2023-11-09,-1.0056043477612189,-0.3184380749474809,-0.7988034404384785
2023-11-10,-0.475982938477712,1.08110637613672,1.532566082863041
2023-11-13,-0.015873015873015872,0.7008895215189268,-0.11124889472320651
2023-11-14,7.246568409477062,0.8729349652665543,1.9056176818428672
2023-11-15,0.48323621333109745,-0.20483837246836537,0.19561508028034488
2023-11-16,-1.160379463294818,-1.9855058516551625,0.10637622129981966
2023-11-17,0.6295242023446745,2.0600998213947137,0.10842005064435234
2023-11-20,1.8255407944400852,0.12571194843914166,0.7509475169042741
2023-11-21,-2.000344141049688,-0.2401516612464514,-0.23406854281729123
2023-11-22,-0.3744356800358125,-0.06315167591839091,0.3694751262479803
2023-11-24,-0.30363451087923776,0.39707882070088557,0.04564207581933272
2023-11-27,-0.8115353337123867,-0.3697300191767811,-0.1961258816604542
2023-11-28,1.282836932503611,0.007745364030597047,0.08308722427352962
2023-11-29,1.0536598418794807,-0.7628846951112358,-0.08624022217662854
2023-11-30,0.7612466317169999,0.6484254501914521,0.37710284287395196
2023-12-01,2.6231602624256074,0.502986371135133,0.5739746999583124
2023-12-04,-0.3591587705714586,-0.47563756961103426,-0.542213036735905
2023-12-05,-1.052865049857966,-1.7801231381050027,-0.03558511789536217
2023-12-06,-1.2746285054882636,-1.5183907290066418,-0.4196424238542495
2023-12-07,0.2652221325929095,-0.7018897100038868,0.7442648298601007
2023-12-08,-1.1450258031848415,1.0600735452735264,0.41311798237788605
2023-12-11,0.2676056857760451,0.10563623676717146,0.37233183035716316
2023-12-12,-1.7289761723183228,-1.3978974354926157,0.4398069902797512
2023-12-13,4.213088335017758,1.3661514037465858,1.3537227533837561
2023-12-14,4.701977948073207,2.8811409805313484,0.30455467121866764
2023-12-15,0.7056829843798169,-0.5482507483192602,-0.1806587106410614
2023-12-18,-1.3979270519738085,0.797599230557593,0.5450506404974995
2023-12-19,2.6649009925144225,1.1767881973932326,0.5903657203442987
2023-12-20,-3.234174018169126,-0.9475379457329807,-1.4112888484341144
2023-12-21,3.156887229613221,0.3743679576701071,0.9278555413098295
2023-12-22,0.1141765353392793,0.2787494426717973,0.18489929839764147
2023-12-26,1.3394153967140856,0.8394645573124759,0.40547898872161825
2023-12-27,0.2402171464269432,-0.4601996941848346,0.16477728788803755
2023-12-28,0.5579180969796291,-1.5511109505389737,0.021886150771116657
2023-12-29,-1.0382405355448656,-0.24223134863371645,-0.30578435360270984
2024-01-02,-1.178675183940858,1.0518848983363065,-0.577076748262181
2024-01-03,-2.316350168252219,1.5995227742562133,-0.8358986835973283
2024-01-04,-1.2872122876638608,-1.7847996428778912,-0.338495479631249
2024-01-05,-0.35313879114250724,0.0668185312241236,0.12099713632741199
2024-01-08,0.6575248750093308,-1.1799120176375413,1.4016351922479249
2024-01-09,-0.35200513148587265,-1.6297926067315538,-0.16770098078390855
2024-01-10,-0.015873015873015872,-1.0042143820416425,0.548069614651689
2024-01-11,-1.3718219331535937,0.24132573750969588,-0.05993548973585395
2024-01-12,-0.7695696309490501,1.1030599578011837,0.05336117979217822
2024-01-16,-3.586433244300185,-2.4273850956473573,-0.38365680375399186
2024-01-17,-2.323093367119417,-0.8494806062562965,-0.573290938743968
2024-01-18,0.4208011040670978,-0.1784368791460289,0.869469445268372
2024-01-19,-0.08851615748058955,0.30896018864239594,1.2230307036619699
2024-01-22,0.9964239587737882,0.3576421598404519,0.19533865222653646
2024-01-23,1.1997260852969405,0.19517912279020325,0.27535334858892857
2024-01-24,-0.9441277944086983,1.4001628984290635,0.09337780154400697
2024-01-25,0.41363297905305974,2.2088137647329376,0.5265546242503025
2024-01-26,-0.9487836174345421,0.7227763294678933,-0.14300131705761596
2024-01-29,1.415786369298103,-0.158416954651314,0.7729493193070296
2024-01-30,-1.5196658551145557,1.0129360994939778,-0.09325126744277984
2024-01-31,-0.37725850607867867,-1.9041802691533631,-1.661062371585141
2024-02-01,3.120514116195656,-0.02785610331754624,1.284460973895131
2024-02-02,-1.9288014538392362,0.12789806524842895,1.0313474443902118
2024-02-05,-2.2582667043328217,-0.2676254408209979,-0.38064758090113376
2024-02-06,1.7245529565616475,0.3077022254097608,0.27403693080768393
2024-02-07,2.4691692528733267,0.1873240627782714,0.814701074076239
2024-02-08,-0.5784523664502974,1.005748831082895,0.0282920855344736
2024-02-09,1.4542180036525953,-1.5642671827629842,0.5604031748751421
2024-02-12,1.7065324344392887,1.0824048757148736,-0.05977802131704475
2024-02-13,-3.6324117611881044,-1.0301793800480603,-1.402754647697892
2024-02-14,2.708720566577096,-0.1118518583140586,0.8887833698413778
2024-02-15,1.488936773963032,2.731154751364635,0.6717375708276878
2024-02-16,-1.5206828057090562,-0.07427464534542988,-0.5151091069420495
2024-02-20,-1.4038298812514631,-0.9315933537420347,-0.5679362871415223
2024-02-21,-1.1402708072245267,1.841994410244533,0.07465610992100948
2024-02-22,-2.303315464467094,0.15762699618842924,2.032569066363445
2024-02-23,-1.106394876996994,-0.6767901785669317,0.05307097521017731
2024-02-26,0.05719478717610957,0.3325270624560831,-0.3828006399435307
2024-02-27,1.00158104220184,-0.4457423544649098,0.16972308515243442
2024-02-28,-1.106394876996994,-0.21399276870397696,-0.1481189253495914
2024-02-29,1.6514317254329987,0.47288644042849587,0.34297208076910224
2024-03-01,1.5533533129762236,1.138368047974905,0.9185811217744948
2024-03-04,-1.5850993447222528,-1.0888621408791554,-0.12318226848408954
2024-03-05,-0.3038450496742712,0.7237489469133385,-1.0202979127667309
2024-03-06,1.4868435834428213,0.2945431712318662,0.4895628703958756
2024-03-07,1.3245354678198098,0.8299270463605193,0.9718677467653563
2024-03-08,0.4734620650060089,0.33635103802898564,-0.6179012182979011
2024-03-11,-0.15544478336743467,1.0109332014039591,-0.10188366834948094
2024-03-12,-2.7053568056308395,-0.17317346839102077,1.0541188146835003
2024-03-13,-1.7525208681490925,1.5681035529911893,-0.17275877855220292
2024-03-14,-1.4124416461072953,1.008079014666402,-0.21374732088412035
2024-03-15,-0.6842741603082654,0.27945006954629775,-0.7048891338465935
2024-03-18,0.5043825912640516,0.32924511498200787,0.5766646962802473
2024-03-19,-0.5361286230100841,1.118767824878315,0.5383141068209645
2024-03-20,2.19498030596594,-0.15698449641408802,0.9047972748994921
2024-03-21,0.12978365148887974,0.5798411021080367,0.31407095809564645
2024-03-22,-0.3804348892193536,-0.23209315657632534,-0.2056439884532248
2024-03-25,-0.8962956670090962,0.9105720373093438,-0.2925485393098222
2024-03-26,-0.7555155362779244,-0.790912259358495,-0.20073549698666143
2024-03-27,3.771911314873222,0.9091681620254779,0.8209816261807907
2024-03-28,-0.08738752079622975,1.0596893784158328,-0.034965502535574636
2024-04-01,-0.08741750097180895,0.7228217619970487,-0.19000686799650945
2024-04-02,-1.6759713117099257,1.372827187695074,-0.6536990445692017
2024-04-03,0.6370191688554925,0.6661520241286458,0.0938970311690804
2024-04-04,-0.08821517579323128,-0.0776826733435527,-1.2439858071847019
2024-04-05,-1.1071739482054217,1.0501567358913686,1.0233960727966487
2024-04-08,0.7129873737223256,-0.6500102784951762,0.0400497854763078
2024-04-09,3.0590834112487646,0.01489922920673862,0.09973740444605478
2024-04-10,-2.800754838232799,0.2913879610484322,-1.022239769445361
2024-04-11,0.4897202752481438,-0.08749144646878479,0.7359922577580926
2024-04-12,-2.5698255513179546,-1.6563536626394781,-1.4058044143341417
2024-04-15,-2.2581312015263966,-0.9565108551184722,-1.2765907724722811
2024-04-16,-1.3091467139420132,-0.8912688983117107,-0.1984392320853249
2024-04-17,0.8228625187455154,-0.30228888125583325,-0.6094366241482747
2024-04-18,-0.548803361664677,-0.32445635601614675,-0.22186394034239795
2024-04-19,-0.6284290131276828,1.181131754947562,-0.8925355538099047
2024-04-22,0.8254360065962001,0.6348280520550387,0.9008206064409856
2024-04-23,0.9693502891792662,0.5370554204948315,1.1638085235301485
2024-04-24,-0.9249689621737731,0.05691176200028353,-0.06335120048381657
2024-04-25,-0.4735390982811716,0.44052684331792286,-0.3964873518779908
2024-04-26,1.1243811918112083,-0.9411882321327893,0.927062162144001
2024-04-29,1.484540587042575,0.6607604518250929,0.3376566066034672
2024-04-30,-1.5162866187886166,-3.038599794740148,-1.612688226854904
2024-05-01,0.13519664077565194,-1.6219376880649843,-0.34111647476478274
2024-05-02,2.001376024961483,0.5583830738414237,0.9151328034495345
2024-05-03,2.3956470661931806,-0.005074437250703999,1.2160311881597217
2024-05-06,0.4163966126321147,0.7696388642294894,1.0115107422178555
2024-05-07,0.34294036393545185,-0.11239346030646422,0.09441542389077456
2024-05-08,-0.8069560241866254,-0.13394872061437124,-0.006213829205290346
2024-05-09,0.7035488248651294,1.3178268485212734,0.5586601589573956
2024-05-10,-0.8075325102854447,-0.5685240834393421,0.11286047919481765
2024-05-13,0.27273657935024764,-0.28268348209274125,-0.002435670625706911
2024-05-14,1.6275964540832986,0.11229179748701099,0.44188507330166
2024-05-15,1.2517548844525,0.20799492796299746,1.2148254345677267
2024-05-16,-0.2961765452073211,-0.293120109386327,-0.221827624865088
2024-05-17,-0.6494609518782517,1.3732488483283118,0.12777528750689995
2024-05-20,-0.08652166544710709,-0.6709138526373994,0.09926524535744284
2024-05-21,0.8286204649223563,-0.5046697934798577,0.22908012664937724
2024-05-22,3.5633020309453665,-1.9518154615861811,-0.3042057744198769
2024-05-23,-1.5145456857873327,-0.9323241477420472,-0.7489927608895928
2024-05-24,2.3579391183132987,0.1265081347710277,0.643598692234256
2024-05-28,1.0507913562117948,1.0076493640565145,0.053987112076625224
2024-05-29,-1.6875870506638442,-1.7974375146784336,-0.7186054118826735
2024-05-30,1.3902347675767883,0.2704506078829677,-0.6814476176980628
2024-05-31,-0.4823734406513817,2.4389009377192417,0.8908415121398647
2024-06-03,0.7162336602463644,-2.6687981431862946,0.06560985353303951
2024-06-04,-0.9485945020994409,-0.9790695386767174,0.09585056533108814
2024-06-05,0.7841433606573673,-0.02699356503510801,1.1656245803201553
2024-06-06,-1.0168876115490533,0.5056855967681086,-0.017743961548404016
2024-06-07,-2.5975392016123413,-0.41511932408188296,-0.13750109178878253
2024-06-10,1.6900707825102892,0.7369356407929488,0.2926182122258603
2024-06-11,0.2969023807547643,-0.2145968744142832,0.22467108344082795
2024-06-12,0.9300887602824872,-1.0935992795200886,0.8020805724348723
2024-06-13,-1.3699957509309328,-0.9360876576794743,0.18526627941894944
2024-06-14,-2.2910495813919045,-0.7627283349815468,0.04494055588448713
2024-06-17,-1.561933927147804,0.24502062080609893,0.7768874055894617
2024-06-18,0.12567114097228857,0.40242358657050725,0.23785246652217934
2024-06-20,-1.3686868338113658,1.8063127291905416,-0.2878843777002507
2024-06-21,-0.30302591781858373,-0.5935840389015037,-0.15003358213582982
2024-06-24,0.985568262005047,2.4743359912067246,-0.34146520280073417
2024-06-25,-1.8837466935901668,0.2139290483739719,0.36848375047435733
2024-06-26,-0.5976911218523875,-1.0044648989145142,0.10884147729913929
2024-06-27,0.4208129530220309,0.21568625637126349,0.14166660921973998
2024-06-28,-3.338446970745495,0.3688479217033209,-0.41017123286156665
2024-07-01,-0.0909622513961446,0.03895764539686707,0.18972724511909322
2024-07-02,-0.3922412540260012,-0.09265852831921209,0.6548579385184004
2024-07-03,2.4423376907962604,0.4221080380058388,0.4293859988307864
2024-07-05,0.1311944192224077,-1.5905310128005947,0.5591290078482114
2024-07-08,0.6432275491737589,-0.6281666266899057,0.0994320206884851
2024-07-09,-0.015873015873015872,-0.9019963527875174,0.08135014179843546
2024-07-10,1.1452467442143666,0.6578316406018849,0.9687713952069099
2024-07-11,2.688915393673068,1.0194883450361765,-0.8818845384210816
2024-07-12,1.1708747437153713,0.23853565096621793,0.6129228552582306
2024-07-15,-3.979585967166438,1.4862653292486432,0.2587615397197561
2024-07-16,1.7021381915359441,0.4293247499723166,0.5753726701875144
2024-07-17,-2.095551631441184,0.9759421058741942,-1.427901956331387
2024-07-18,-0.37885320651602716,0.1663352824550812,-0.7873336478325865
2024-07-19,-0.5993814725312203,-1.1140838986424102,-0.6821368473385248
2024-07-22,1.1477730023796053,-0.6457593906851831,1.0098409408262357
2024-07-23,-0.7415723718759075,-1.61924856793156,-0.1728707995288292
2024-07-24,1.3584762237856813,-0.004806699464670527,-2.3081839353208378
2024-07-25,0.0559479811521362,1.6962170865296093,-0.5382743724148735
2024-07-26,1.2680157047314862,0.29917597356840253,1.097872927882376
2024-07-29,-0.8699717134102627,-0.8764937900615635,0.0428762355737271
2024-07-30,-0.44566303894028075,1.52579182706038,-0.5237842409575653
2024-07-31,1.551097228863064,0.4034176106531292,1.5965048978629377
2024-08-01,-1.2245661073125802,-2.701561978883296,-1.4420981675665354
2024-08-02,-0.3024018249817014,-2.6284850115604597,-1.8952506250725019
2024-08-05,-3.371398553755859,-2.2464543945728432,-2.97150642980697
2024-08-06,0.5020687412053402,0.5953329422959854,0.901873469207328
2024-08-07,0.9389651747418672,0.38571948697949626,-0.6865283995861113
2024-08-08,1.6514376673876745,2.114021920607246,2.269548726309262
2024-08-09,-0.4481472966050889,0.20807483426855342,0.4241211646053834
2024-08-12,-0.2327164590210857,0.47503780234893495,0.03667068179015814
2024-08-13,2.4145555203990017,-0.9888810140283688,1.6153045112272095
2024-08-14,-0.724585854058376,0.5668098096840914,0.29910255325237556
2024-08-15,0.9044682515800564,1.172576680847497,1.683627841386845
2024-08-16,-0.15691116799829777,-0.1263367631035509,0.20807395086534042
2024-08-19,1.3856909775265795,0.6561249279921724,0.9357108779416541
2024-08-20,-1.1355455383380306,-2.6862632517407334,-0.1786056396574871
2024-08-21,0.4054867129520436,0.1531313140043251,0.3272042541608925
2024-08-22,-1.5695840272889188,0.24269354684354227,-0.8038157519284805
2024-08-23,2.791327412718988,1.466475163485223,1.0410304476483845
2024-08-26,-0.29307605178173946,0.8762475928952858,-0.25452452068407794
2024-08-27,-0.4331168605008544,-0.952259605155173,0.12134266712049827
2024-08-28,-0.5749155525125589,-0.6598965522743299,-0.5981008030208628
2024-08-29,-0.6485698998443223,1.279055092584717,-0.006910032486094071
2024-08-30,0.7568743389591528,0.35728794905674754,0.9342092009474225
2024-09-03,-2.7110757760278594,-2.5341602353689856,-2.0952535076358574
2024-09-04,1.2698639108038585,-1.4073820047651628,-0.22077047755985305
2024-09-05,0.6208454627727578,-0.7935499977896423,-0.2593845016908044
2024-09-06,-2.0822146782412694,-1.2752063019872215,-1.7132011204301016
2024-09-09,-0.1599666038247786,0.7023977798873224,1.0975256360211532
2024-09-10,0.05620679798398619,-1.7508049320700698,0.418748278283862
2024-09-11,3.4534920982012496,-0.9480905272392344,1.00479515474444
2024-09-12,-0.7141858095129596,0.8811041551568513,0.8229277286388066
2024-09-13,1.237616401303078,0.5465064298797007,0.5050417213632021
2024-09-16,0.6737845401646883,1.1226395704100878,0.13170822310138725
2024-09-17,0.7373042481242416,1.3265826123939526,0.024997681081882807
2024-09-18,-0.35752995822717465,0.17768612700026756,-0.3129088415206047
2024-09-19,-0.5649462214737244,1.1714336020514695,1.6761577765044997
2024-09-20,-1.123154311489274,-0.24093685071189389,-0.18887526560063445
2024-09-23,0.7467027741231032,1.211334119934908,0.2336977631527315
2024-09-24,0.8779056953478119,-0.2630362100775004,0.26985163911069804
2024-09-25,-1.117050893553821,-1.9925281944053204,-0.23667274517361261
2024-09-26,1.6313797092469202,-1.9972832167036694,0.3798179046738687
2024-09-27,0.5272426826676926,1.9999423509186847,-0.16100372441667365
2024-09-30,-0.5589887144137313,0.6813227945237554,0.3840382429862716
2024-10-01,-1.317699047701312,2.236470248937357,-0.9157530825417846
2024-10-02,-0.9164763327008156,1.003416696718852,0.026337177750639443
2024-10-03,-1.1355455383380306,1.7324234761870692,-0.19887984725172342
2024-10-04,-0.36835476395004985,0.9113503738938202,0.8887716396921626
2024-10-07,-0.08652702078771986,0.33766289423482687,-0.9240409491985733
2024-10-08,-1.3677243756102846,-2.659888920260099,0.9254585427347541
2024-10-09,-0.3028128978969959,0.586258790459218,0.6743745066576854
2024-10-10,-2.48872791223273,0.6585512838938674,-0.19103243958373062
2024-10-11,0.9368658089523294,0.6001758613105237,0.581157162578801
2024-10-14,-0.4544671128391906,-0.05897637560117257,0.798635167865992
2024-10-15,-2.0137237526755296,-3.291993813846954,-0.7958805955092458
2024-10-16,1.2466734498385603,0.46193757482170866,0.4178242181193555
2024-10-17,-1.054453139593689,0.4596653976169095,-0.0072737049221882
2024-10-18,0.20758554009736518,-0.3474006253834574,0.36803702958398093
2024-10-21,-0.6877596445065699,-0.3151896287384919,-0.18023913857952195
2024-10-22,-0.24085443740948326,0.21701306918699081,-0.06898569927583698
2024-10-23,-1.7576754879325422,-0.5378536598385735,-0.9338157045238229
2024-10-24,0.21304199247415498,-0.026993664496305095,0.20016614416760797
2024-10-25,0.2885440624862994,-0.04929586928723726,-0.05041651635275325
2024-10-28,0.9671160198596886,-0.6528505679849947,0.29279274684552237
2024-10-29,-1.7616418798607083,-1.552273168515473,0.1458354297097715
2024-10-30,0.3662404472219779,0.21156627285228638,-0.3188546755970845
2024-10-31,-0.09217299966329655,0.6068901941851441,-1.9956586473924605
2024-11-01,0.3650758972982831,-0.6500168212285977,0.4053057017270935
2024-11-04,2.239860645198103,1.7184125114411557,-0.23152867005944475
2024-11-05,0.35518838077069576,0.6517583920209069,1.1860783000583406
2024-11-06,-7.632012143901983,3.6747517471079756,2.4402840413062457
2024-11-07,1.2549902692109585,-0.4765356395506379,0.7543381321545082
2024-11-08,-2.3313359753632077,0.6476524503048149,0.4163865191331338
2024-11-11,-0.4205797371362218,0.5478702324913267,0.07934345409350729
2024-11-12,-2.645433467884967,-0.5476206295037394,-0.32698048884121944
2024-11-13,-0.3494795853875874,0.7595345978725723,0.03270253921599153
2024-11-14,1.9693059733857965,0.3643159103228356,-0.660971765968043
2024-11-15,-1.0035364218665332,-0.16355302563472549,-1.3050179227852787
2024-11-18,0.3968348145704988,1.3054441128327547,0.3930280571386296
2024-11-19,-0.6770304796063229,-0.6533763996171109,0.34900879037767907
2024-11-20,0.14982052075341426,0.9855860566432753,0.018011677157024786
2024-11-21,-0.5137876973091813,0.790502106096719,0.5195252685511629
2024-11-22,0.8126154682221691,0.13845958362100882,0.29358600528775186
2024-11-25,1.7830395551515925,-2.0094986331019284,0.3227577764517315
2024-11-26,-0.7478799901628175,-0.1523118611151091,0.5049166094852147
2024-11-27,0.7971312294752697,-0.1209282026263227,-0.31934936334032354
2024-11-29,0.30750118214734123,0.41422567799424675,0.6034223157406982
2024-12-02,0.3064509527048019,-1.0787665801644934,0.16322330817139863
2024-12-03,-0.7425684535296535,-0.026447951600337496,0.030473903164391074
2024-12-04,-1.6498954624497904,-2.457889576284021,0.6031673423526518
2024-12-05,0.066458092010753,0.37368755083202426,-0.18056860041139852
2024-12-06,-0.42824049796312186,-1.7260608232013634,0.1735111943627205
2024-12-09,1.9481858049100866,-0.1808029870748288,-0.5321764219982295
2024-12-10,-1.3209447462423471,-0.7005001289362944,-0.32726927039448206
2024-12-11,-0.015873015873015872,0.15018904446962816,0.7542308223906862
2024-12-12,-1.6715390611856056,-0.8266775308585463,-0.5324746464962156
2024-12-13,-0.015873015873015872,-0.5189615175684619,-0.03572688998581067
2024-12-16,-1.4450659709086697,-2.237189001669583,0.4102265275342686
2024-12-17,0.5298323992924097,-0.7635668739427164,-0.4287499136605394
2024-12-18,-3.212693440098309,-3.0162045115008986,-3.0415250925523423
2024-12-19,-0.36767518942205396,-0.8882019031147228,-0.04658826162341942
2024-12-20,1.4708110534585135,0.9634707000794078,1.1780707106447799
2024-12-23,0.6761773742143156,0.5696679410380512,0.5811734854787085
2024-12-24,0.32836025223661763,0.8264971124843943,1.0894810947457394
2024-12-26,-0.3601062839826484,-0.09861189979502118,-0.009189979368539254
2024-12-27,-0.6211578959027655,-0.02768772132873956,-1.0741141829482932
2024-12-30,-0.8869515583128438,-0.02769850322826551,-1.163595080740568
2024-12-31,-0.454274327408671,1.288431332292837,-0.38035202097269905
2025-01-02,1.8988917181322176,1.1447612685648445,-0.26187976358678033
2025-01-03,0.4142233146937376,0.9144749512541417,1.2267325473063238
2025-01-06,0.5831958278217309,-0.4742411778310132,0.5585302735231861
2025-01-07,0.8337428536065832,0.9783685733732184,-1.1527226703787228
2025-01-08,-2.4999389396438394,0.08642538777878092,0.13012478776997075
2025-01-10,-2.7413095794701756,0.3922413906266793,-1.5543853380098467
2025-01-13,-0.4624980513496505,2.0665984299120574,0.13905095023272865
2025-01-14,0.6088415428385938,1.0531955680811615,0.12162533548662832
2025-01-15,1.1340759663470614,1.4532185885051656,1.7867790144816404
2025-01-16,0.24762448653115487,0.705287538762756,-0.20837559818397586
2025-01-17,0.3343889071742463,0.7533725684763093,0.9831157967474409
2025-01-21,-0.9820545448775726,-0.5280312082934593,0.8953214056329548
2025-01-22,-2.608783105430674,-1.8511868212417353,0.5446893712909626
2025-01-23,1.3336816182056788,0.44068124491965327,0.5284450852767095
2025-01-24,-0.19475899777261227,-0.9858485457290296,-0.30822781146267997
2025-01-27,-0.284812146432717,-1.0617219582103232,-1.4404891991182
2025-01-28,-0.6462306389516457,-0.9721849446677158,0.8396807027601523
2025-01-29,1.24087627095086,0.20731997159373722,-0.46516252953488224
2025-01-30,1.75252244252145,0.49564982477054537,0.5193996261083134
2025-01-31,-0.3670574665213283,-2.850704551248345,-0.5494994231891066
2025-02-03,-1.1658219980930928,0.6097364874247109,-0.691102179629645
2025-02-04,1.1340759663470614,2.0601676079331988,0.6527195988002736
2025-02-05,0.4229130549530627,0.1949281737654479,0.3887572626178233
2025-02-06,0.07166042900318279,-1.8727489928854093,0.33108578837308095
2025-02-07,-1.6032155456874781,-0.027180996165092747,-0.9354361878601218
2025-02-10,-0.19381275007505308,2.1621451440913986,0.6609403323450114
2025-02-11,-1.0002112704022654,0.7874340764931567,0.06017173968291256
2025-02-12,-0.19589484353268524,-2.456645663298402,-0.33855255110923244
2025-02-13,1.0594113091750792,0.7337799901192035,1.0343394510652488
2025-02-14,0.9597433860289106,0.38461392270021416,-0.020778196846995528
2025-02-18,0.1604975664330962,1.340501092792339,0.27726345899413835
2025-02-19,0.33592915767602777,0.7696366061706685,0.21934448458439082
2025-02-20,1.1190088799094817,0.8928380274580847,-0.4327570123461623
2025-02-21,-1.4144925819133802,-2.116179057761794,-1.7410982045696173
2025-02-24,0.33561150448699845,0.006108672221525349,-0.471949189205095
2025-02-25,0.9444211718316706,-1.4666914033332923,-0.5144294436164711
2025-02-26,0.3310556701047022,-0.5864475592169913,0.03459974936051296
2025-02-27,-3.0930478178374483,0.5212319336201678,-1.6249422876818234
2025-02-28,-0.8226943682214514,1.5233872979100653,1.5326154587577034
2025-03-03,-1.5578464013535331,-3.5728931821669483,-1.7833789876118806
2025-03-04,1.7059690385389146,-0.9884829481522432,-1.2066130079280035
2025-03-05,1.4114348756626693,-1.4869103980676472,1.053162355865573
2025-03-06,-0.1931731411953202,0.2870410485873607,-1.806927351228166
2025-03-07,2.1781588752930205,1.679769387756242,0.5430484039451275
2025-03-10,-0.6253656530801037,0.7248302500678023,-2.715543990968802
2025-03-11,1.1131037992015254,-0.8137848459914889,-0.8506322540637241
2025-03-12,-0.7961147892796698,0.4408545993882925,0.5133792186018189
2025-03-13,-0.015873015873015872,-0.7017445271764748,-1.3578907230752626
2025-03-14,0.764368757533626,2.9005838856239303,2.0286549795591484
2025-03-17,2.373311304496489,1.5647045163605016,0.7523124695508427
2025-03-18,-0.6078328183372184,0.14848519255417908,-1.1026011212058178
2025-03-19,0.4917447067190061,1.6022324710085885,1.067328564230425
2025-03-20,-0.5234907384650425,0.3497178569591387,-0.30548306723928903
2025-03-21,-0.6113661472969336,-0.7159772422563291,0.01711357176000785
2025-03-24,-1.217604402354384,1.1170719059692373,1.7591356035079024
2025-03-25,0.8439788310312282,0.39256204279928114,0.22422669665875525
2025-03-26,-1.3084435305871336,0.5723309577131273,-1.2168796124914758
2025-03-27,-0.015873015873015872,-0.9909649009866022,-0.28180147327439553
2025-03-28,-0.015873015873015872,-0.4907816007045853,-2.0502553489154973
2025-03-31,-0.9744850031890371,1.0816220981484632,0.6531611211264756
2025-04-01,0.595215865846213,0.5709502567350098,0.2661647226772963
2025-04-02,0.5049724076682247,0.1223265124167249,0.6149873556475802
2025-04-03,1.1889443185204858,-8.19203828829123,-5.0695489504044415
2025-04-04,-5.2848617669349816,-9.666859955730132,-6.0485175276516205
2025-04-07,-3.1296717552431748,-0.6655115220585974,-0.19415115790365645
2025-04-08,-1.7991168891848741,-2.356146620706971,-1.5945401183254035
2025-04-09,4.881169596809003,7.443505954531285,9.970416628535123
2025-04-10,-1.6522721641072533,-6.771301570739459,-4.4967007532268735
2025-04-11,3.407877955183904,2.4350076712944477,1.7526780468985543
2025-04-14,0.8659768541882005,0.3384275073305597,0.9495949948295215
2025-04-15,-0.1916236681750329,-0.16755672232790075,-0.2963469399398273
2025-04-16,-0.45660148786273547,0.8030224990664538,-2.263752858510941
2025-04-17,1.7354880042012248,2.217472502166253,0.12670622033974752
2025-04-21,-0.4508418779919351,-2.6641277211295775,-2.4249293876516584
2025-04-22,2.0549448186851946,2.4973157533964048,2.552632532565007
2025-04-23,-1.9124795838515165,-0.20032894222721997,1.5217798505216817
2025-04-24,2.136606741164631,1.5716427787215432,2.067181923373899
2025-04-25,0.9167312409933159,-0.19775664772721538,0.7040669574844003
2025-04-28,0.656961597137566,0.6856197839972318,0.022249921476187796
2025-04-29,-0.09973629628110975,-0.30553651013646,0.6120963676296216
2025-04-30,-1.2822367090647817,-2.7483875625365424,0.02380038007258925
2025-05-01,-0.27108491215005037,0.3561005303568279,0.6903190607158798
2025-05-02,0.8323015577980066,1.4339622409864108,1.4576303180034094
2025-05-05,-0.6938312225996894,-1.837681818962293,-0.5909638369177586
2025-05-06,0.9151443238127834,0.008959838071301265,-0.8552178513997879
2025-05-07,-0.43799745017319663,0.02138914556693739,0.4037999090711396
2025-05-08,1.161609021066587,1.2914810146197455,0.6784897477628151
2025-05-09,1.8068843077394872,0.9839029315928651,-0.1433767336019745
2025-05-12,1.3702004317578396,2.5589651775970803,3.235455836965736
2025-05-13,3.641139291383674,1.3812648155700669,0.6423393781858691
2025-05-14,0.9165240103954719,-0.6239785366871486,0.11185133476330117
2025-05-15,0.5240510218203533,0.40551454557349065,0.47136174751483345
2025-05-16,-0.3240461266218395,-0.16782754933678307,0.6155268224754877
2025-05-19,-1.0240190114796341,-1.3229334186920851,0.09345900488935482
2025-05-20,1.2234880633393703,-0.9446815375560917,-0.3526522861460071
2025-05-21,-1.645711452474849,-1.8753701341975635,-1.7153113538467808
2025-05-22,-2.5516658795085108,-0.40664772620488415,0.02358390659656845
2025-05-23,0.7038378951606701,0.301736254984799,-0.7007913373273977
2025-05-27,0.46107771951555987,0.8463643917941759,2.0418761285481732
2025-05-28,-0.413168665313285,-1.293645207412376,-0.5960944975436062
2025-05-29,0.3814226335672562,0.728442427090463,0.3780881749654004
2025-05-30,0.4588136934929454,-0.9072712521258119,-0.1277812799533673
2025-06-02,-0.6492855366934907,1.2879944757200412,0.5458261359535861
2025-06-03,1.6383594880429173,1.1635846972839756,0.5527662006908358
2025-06-04,0.062226908661829713,-1.9853713454348583,-0.042721006070696545
2025-06-05,0.2958879122474108,-0.11354513010887383,-0.5003214804360749
2025-06-06,0.7593183606119833,1.8476935926403828,1.0057881930484946
2025-06-09,0.06132263273457832,0.1757556149481626,0.07422497641650064
2025-06-10,1.2873280018000741,1.7513521490696642,0.5494819508614837
2025-06-11,0.8184122872108164,1.4198124343562815,-0.3014719206447538
2025-06-12,0.05963242533769067,0.33119375853184635,0.38077218156392234
2025-06-13,0.3607721770618147,1.7129353387806021,-1.1401863481656704
2025-06-16,1.1174967133022484,-0.3114225631209561,0.9310491394486153
2025-06-17,-4.471303394652924,0.9133228047689055,-0.8740480807105426
2025-06-18,-0.25181172807284435,-0.6722153193961351,-0.030948059188067097
2025-06-20,-0.5685737408922815,1.0007456637517398,-0.25100283556317493
2025-06-23,0.5368277091462499,-2.5772281762703972,0.9670286905025314
2025-06-24,2.010696695049782,-1.3262991857273583,1.0827904133711002
2025-06-25,-0.4799121097699734,-0.45257747688044253,0.040147752624294604
2025-06-26,1.5989258977065954,1.4052483355148968,0.7634703252239119
2025-06-27,-0.7047297404950819,-0.5420399776152316,0.47972996759220166
2025-06-30,0.6729837087490385,-0.5919659771279449,0.4611081770086177
2025-07-01,0.8196887507289641,0.7476223281425043,-0.0482461862408822
2025-07-02,1.560144730618949,1.6896116642797137,0.43643020077457506
2025-07-03,2.9190380973147825,0.09908879637061561,0.7691759902661122
2025-07-07,-1.840080963733477,-0.9857410660991288,-0.7638553070064595
2025-07-08,-0.8291798660151986,2.640256895596241,-0.0706695597846716
2025-07-09,0.944603611840036,-0.5255906770469789,0.5819988399091585
2025-07-10,-0.3841972706555934,0.7421031981319501,0.2657610446690564
2025-07-11,-1.3531918997077534,0.43391805738473627,-0.36803476515526345
2025-07-14,0.1336066024652082,-1.1214763042014717,0.17475689246683349
2025-07-15,0.8022803504627434,-1.46708252239781,-0.4441053280602691
2025-07-16,-0.31260747785550086,-0.8828805610014248,0.31788849207440634
2025-07-17,-0.16457466942380888,0.5975919237190896,0.5942212554625785
2025-07-18,1.0204034760327325,-0.8269112862604766,-0.08913133983177239
2025-07-21,1.1554439758796402,-1.0566456844431686,0.17356495361334157
2025-07-22,1.7157693134155738,0.4532426228491391,-0.0015619236362160744
2025-07-23,-0.30240457519663544,1.5397611326664664,0.8312825788273293
2025-07-24,-0.15944380885255466,0.6957979516446977,0.017226757830144768
2025-07-25,0.3426785386748106,-0.3940388337445408,0.40566253511827793
2025-07-28,-1.2402329460750412,1.1143432753562557,-0.040986185910761155
2025-07-29,-0.5244126636065893,0.9556572155805794,-0.2799766846477951
2025-07-30,-1.3355364384350459,-1.4539186680295717,-0.14188547934308796
2025-07-31,-1.0544557711346165,-0.5533626331890147,-0.39170101806879215
2025-08-01,0.8749964990475236,-1.8909251533312292,-1.6684907793245567
2025-08-04,0.27932851208720527,-0.23811459630402443,1.4926625226124952
2025-08-05,0.13140513618181845,0.1128490283617615,-0.5241494599150371
2025-08-06,0.05768479923557927,-0.9440256568394183,0.7471665660998217
2025-08-07,0.7896978456835639,-0.4061498847316806,-0.09967052393017405
2025-08-08,-0.16186113672104877,0.6219736557117199,0.7608695943968775
2025-08-11,-1.191493251705202,-0.8197639233769691,-0.2138227719313462
2025-08-12,1.742418311257443,0.4695985024107574,1.0431113445432127
2025-08-13,0.2017519676331737,1.1350460958080546,0.3258475891523687
2025-08-14,-1.035544625601241,-0.10932880053606732,-0.00656735867096344
2025-08-15,3.1544243022442027,-0.015873015873015872,-0.25027651201683265
2025-08-18,2.712519350883619,-0.6137271283602861,-0.03763852810789838
2025-08-19,-1.1262249326144904,0.019395609799866854,-0.5598629685241607
2025-08-20,0.4019559014366263,0.8151741721479451,-0.28193501016609307
2025-08-21,-1.48597318380598,0.6694942087021263,-0.4178621393340301
2025-08-22,3.3813367042438283,2.001163029431983,1.5081337514588373
2025-08-25,-1.942982568056892,0.244740589711267,-0.45695054343209307
2025-08-26,-0.015873015873015872,-0.17442417275794966,0.40195649459094174
2025-08-27,-0.36394131385876594,1.0999309143971088,0.21171912482255434
2025-08-28,1.2315473977047326,0.7434067119046825,0.3376376713574442
2025-08-29,-0.9152251314650215,0.5276822581308358,-0.6140265530024509
2025-09-02,-1.6271190715530048,0.12785666344983218,-0.7596618352295035
2025-09-03,0.2662130505000654,-2.2840107102624607,0.5246292204213725
2025-09-04,0.8954580561242556,0.6486692896663557,0.8163805291814279
2025-09-05,2.397209810821883,-1.9656050112861396,-0.3059080600246707
2025-09-08,-0.7680206066746906,-0.24507683514099107,0.22947993832368607
2025-09-09,-1.2589793344566176,0.4648443608218551,0.21505221621492518
2025-09-10,1.158580891237772,1.7160099893873506,0.27279536366170537
2025-09-11,0.8730183961833919,0.006572497868299547,0.8117194442312479
2025-09-12,-0.4251515284997489,-0.6122954337472966,-0.04934926953010645
2025-09-15,1.2069712764076341,-0.35503574575760777,0.5151100129046662
2025-09-16,0.5228522731556331,1.6463360805144693,-0.15365648559522077
2025-09-17,1.1193597900289018,0.2177600525468384,-0.14018446519725086
2025-09-18,-0.14876585344584844,-0.3275052301001212,0.45029259392821375
2025-09-19,0.8447776231104187,-1.3512523919601236,0.4781826538431186
2025-09-22,1.2288181968387812,-0.13100994913391922,0.45612138136572566
2025-09-23,-1.1288158035875768,1.6918307699568673,-0.5617166744226929
2025-09-24,-0.34557328109849234,1.276481994051497,-0.3345435768410957
2025-09-25,0.11613629362015371,0.8767474278426879,-0.4782902672194941
2025-09-26,0.3133993355708394,0.9014625353964387,0.5554065075315131
2025-09-29,1.2904802896935834,-1.8701089582536707,0.2647694585990204
2025-09-30,0.43735100645733443,-1.0846988302461302,0.3601059723990846
2025-10-01,2.5352837793743213,-0.015873015873015872,0.3242954829533156
2025-10-02,0.04708061878348052,-1.028356353137062,0.09924105616762624
2025-10-03,0.5489213241747462,0.5141567325547982,-0.017349762999033836
2025-10-06,0.6079588541219556,0.4777800324883131,0.3421083565682517
2025-10-07,-1.2044992259157468,0.1406840094405175,-0.38731121935728274
2025-10-08,0.7364834510756404,-0.5986238872009881,0.5786613620491761
2025-10-09,0.792837547304809,-1.3852252567379857,-0.3059942988925465
2025-10-10,-2.2716072375242247,-2.9528391902834565,-2.7558527465692157
2025-10-13,3.654842382707376,1.3361219380609193,1.5068814736470282
2025-10-14,0.28909799081053866,-0.027439635625571,-0.13811317907226775
2025-10-15,2.687803989194675,-0.07378002364689526,0.4270967403996638
2025-10-16,-0.4912128821453863,-1.228015196384865,-0.6992286967780379
2025-10-17,-1.576534586082973,0.8016169294117528,0.5501613627102231
2025-10-20,0.4067073195296443,1.0369449912470914,1.018803240165899
2025-10-21,-1.5945393774010592,-0.2463135040251106,-0.017363475127883235
2025-10-22,-1.3713976843157403,1.2564166038726903,-0.537119842597386
2025-10-23,1.3396516525697095,1.3079091695082565,0.5753648424802782
2025-10-24,2.163395266310158,-1.0326058972098633,0.7980626329832838
2025-10-27,0.28308062845383536,0.22228715369463214,1.1569931420825048
2025-10-28,0.8164667447609855,-1.0634723069106955,0.2493747865649138
2025-10-29,2.498151285768126,0.7254172897732647,0.032154153225145296
2025-10-30,-1.7044170159661067,-0.6084703107620468,-1.121780081321932
2025-10-31,1.557128691358672,0.7129754996793085,0.311600178094916
2025-11-03,1.7033657124301071,-0.004528587277994838,0.17162881481550002
2025-11-04,-2.4893915757311986,-1.0995501816230704,-1.2083083454654822
2025-11-05,5.258957674680016,0.24757389440161137,0.33006684130320474
2025-11-06,-1.855909702293697,0.9517353651200633,-1.094603772399843
2025-11-07,-0.6368237604856735,1.412650775477249,0.08252931129027617
2025-11-10,1.9466326621683872,0.8846867592219421,1.5325117273652984
2025-11-11,-1.4137140364497456,1.2817023211400114,0.21278935101272467
2025-11-12,-0.580537673337691,-1.4241898985055443,0.03976035375892559
2025-11-13,-4.592392677153731,0.23865286400601782,-1.6891973217745162
2025-11-14,0.8693489198508997,1.6718333125985279,-0.03225123306350645
2025-11-17,-1.3169093545561588,-1.8584391744067437,-0.9518832994266277
2025-11-18,-1.213479713993473,0.7779589913245624,-0.8591741022107395
2025-11-19,-0.2571321035904268,-1.3201896074998485,0.36970269894617547
2025-11-20,-2.9572628358400967,-1.1572087357176466,-1.5518332692574952
2025-11-21,-0.07808256528405927,0.6123501364387207,0.9753206864961534
2025-11-24,1.3438644287944523,-0.2958429987832029,1.445251092746342
2025-11-25,0.8398701640529969,-0.6458630285047611,0.9203300394653249
2025-11-26,2.211111514749475,0.737398633190556,0.6721033354245891
2025-11-28,1.108735669336333,1.286107022737656,0.5284833068663444
2025-12-01,-2.6397591226936785,0.9413808214348751,-0.47346893319479166
2025-12-02,1.0060791582078883,-1.3164518299899026,0.16918561237910956
2025-12-03,-0.4954875892203506,1.8416323938418107,0.32980560586966623
2025-12-04,1.947887666383327,0.4079255241319982,0.05720589038826761
2025-12-05,-0.6068794742923931,-0.4287841904692855,0.17390048452827606
2025-12-08,-1.0286921962975444,-1.1106987860967423,-0.31675295740647996
2025-12-09,-0.1357074732583059,0.5987075240706385,-0.10221579828922793
2025-12-10,0.34318892328779343,1.0289802436338564,0.6451551257220975
2025-12-11,1.7603826047437465,-0.49340791705679915,0.21655148205789826
2025-12-12,-2.631958038920436,-0.9998147375907747,-1.0968919200825926
2025-12-15,-0.13642980231510904,-0.7214978427010328,-0.16707604834075127
2025-12-16,-1.0054281306743698,-3.117248831294,-0.28947672923243767
2025-12-17,-1.8121486734702432,2.174079947740464,-1.122333789092237
2025-12-18,1.1028478093130796,-1.478046098573117,0.7364233831286309
2025-12-19,1.5782761462917463,-0.015873015873015872,0.886388879928625
2025-12-22,1.2534041243337979,1.0140644194549684,0.6051836563247928
2025-12-23,-0.6787178726226084,0.6379427052588096,0.44013118465523426
2025-12-24,0.22566699989918562,-0.30843103413025824,0.3352717790929858
2025-12-26,0.22509646583777568,-0.3997489158610267,-0.02601503338253986
2025-12-29,-0.6193774278924975,0.9298601933112929,-0.3728723214586281
2025-12-30,-0.44050023705492536,0.7432338175759505,-0.13805770442932735
